user_id,prediction_timestamp,search_count,view_count,wishlist_count,cart_count,purchase_count_before_prediction,total_event_count,activity_days,recency_hours,distinct_products_viewed,distinct_categories_interacted,average_interacted_product_price,average_carted_product_price,purchased_within_7_days
15,2026-03-24,1,2,0,1,1.0,5,1,33.273646201666665,2,2,6599.0,4999.0,0
19,2026-03-24,1,1,1,0,,3,1,10.805334285555556,1,1,8999.0,0.0,0
20,2026-03-24,1,2,1,0,,4,1,117.4714609961111,2,2,11499.0,0.0,0
22,2026-03-24,1,1,1,1,1.0,5,1,7.678141579722222,1,1,8999.0,8999.0,0
23,2026-03-24,1,1,1,0,,3,1,73.26004965638889,1,1,4999.0,0.0,0
24,2026-03-24,1,3,0,0,,4,1,10.062953125,2,1,10999.0,0.0,0
30,2026-03-24,1,2,1,0,,4,1,112.14789978833333,1,1,6999.0,0.0,0
31,2026-03-24,1,1,1,1,,4,1,74.8342957175,1,1,12999.0,12999.0,0
36,2026-03-24,1,3,1,1,,6,1,25.21922206361111,2,2,6665.666666666667,6999.0,0
45,2026-03-24,1,1,0,0,,2,1,122.89000163777779,1,1,8999.0,0.0,0
46,2026-03-24,1,3,0,0,,4,1,40.47443381638889,2,2,10999.0,0.0,0
47,2026-03-24,1,2,0,0,,3,1,125.14777678638889,1,1,6999.0,0.0,0
53,2026-03-24,1,2,0,0,,3,1,6.669812806388888,1,1,4999.0,0.0,0
56,2026-03-24,2,3,0,0,,5,2,10.302337359722221,1,1,4999.0,0.0,0
72,2026-03-24,1,2,0,0,,3,1,37.39508661,2,2,10332.333333333334,0.0,0
75,2026-03-24,1,2,1,0,,4,1,124.74155450027777,1,1,8999.0,0.0,0
77,2026-03-24,2,5,1,0,,8,2,39.86959482611111,2,2,7749.0,0.0,0
78,2026-03-24,1,2,0,0,,3,1,118.43396683722221,1,1,4999.0,0.0,0
79,2026-03-24,1,2,1,0,,4,1,91.32937438166667,1,1,6999.0,0.0,0
82,2026-03-24,2,3,1,0,,6,2,25.69325808138889,2,1,12332.333333333334,0.0,0
86,2026-03-24,2,4,1,0,,7,2,58.27242768694445,2,2,6141.857142857143,0.0,0
89,2026-03-24,1,1,0,0,,2,1,9.263051444444445,1,1,4999.0,0.0,0
95,2026-03-24,1,1,0,0,,2,1,116.53613906555555,1,1,4999.0,0.0,0
97,2026-03-24,1,1,0,0,,2,1,104.5619432161111,1,1,8999.0,0.0,0
101,2026-03-24,1,2,1,1,,5,1,100.57746747194444,2,1,9799.0,8999.0,0
102,2026-03-24,1,2,1,1,,5,1,77.34611079055556,2,2,5799.0,4999.0,0
103,2026-03-24,1,2,0,0,,3,1,61.716885660277775,1,1,8999.0,0.0,0
104,2026-03-24,1,2,0,0,,3,1,91.68652769166667,1,1,6999.0,0.0,0
112,2026-03-24,1,2,0,0,,3,1,88.1962905638889,1,1,4999.0,0.0,0
113,2026-03-24,1,2,0,1,1.0,5,1,52.18554291666666,1,1,8999.0,8999.0,0
126,2026-03-24,1,2,0,0,,3,1,23.82919476,1,1,4999.0,0.0,0
139,2026-03-24,1,2,0,0,,3,1,56.006290873055555,1,1,6999.0,0.0,0
140,2026-03-24,1,1,0,0,,2,1,60.15152703888889,1,1,4999.0,0.0,0
142,2026-03-24,1,2,0,1,1.0,5,1,122.75550143361112,2,2,7399.0,6999.0,0
146,2026-03-24,1,1,1,1,1.0,5,1,45.845157980555555,1,1,4999.0,4999.0,0
154,2026-03-24,1,2,1,0,,4,1,109.97801889388889,1,1,6999.0,0.0,0
155,2026-03-24,1,1,0,0,,2,1,115.88362715888888,1,1,4999.0,0.0,0
170,2026-03-24,1,3,0,0,,4,1,45.52584310333334,2,1,10999.0,0.0,0
175,2026-03-24,2,6,1,0,,9,2,42.66748510027778,2,1,11665.666666666666,0.0,0
177,2026-03-24,1,2,0,0,,3,1,104.41741702694445,1,1,4999.0,0.0,0
184,2026-03-24,1,1,0,0,,2,1,110.4355358975,1,1,4999.0,0.0,0
185,2026-03-24,1,2,0,0,,3,1,0.969007273611111,1,1,8999.0,0.0,0
186,2026-03-24,1,1,1,0,,3,1,135.11703644777776,1,1,6999.0,0.0,0
193,2026-03-24,2,4,1,0,,7,1,96.62873126166667,3,2,8999.0,0.0,0
195,2026-03-24,1,3,0,0,,4,1,17.528101555555555,1,1,4999.0,0.0,0
206,2026-03-24,2,3,2,1,1.0,9,1,116.49026460694445,1,1,6999.0,6999.0,0
208,2026-03-24,1,1,0,0,,2,1,135.76299878222224,1,1,12999.0,0.0,0
212,2026-03-24,1,2,0,0,,3,1,90.49672123055556,2,1,11665.666666666666,0.0,0
216,2026-03-24,1,2,0,1,,4,1,51.724980691388886,2,2,8499.0,8999.0,1
220,2026-03-24,1,3,0,0,,4,1,96.02130154055556,2,1,10999.0,0.0,0
222,2026-03-24,1,3,0,0,,4,1,80.65549543666667,1,1,6999.0,0.0,0
223,2026-03-24,1,1,0,1,,3,1,146.97790932027777,1,1,6999.0,6999.0,0
231,2026-03-24,1,1,0,0,,2,1,21.31729919888889,1,1,4999.0,0.0,0
237,2026-03-24,2,4,1,0,,7,2,45.71727509055556,1,1,4999.0,0.0,0
239,2026-03-24,1,2,1,0,,4,1,103.235281315,2,1,11999.0,0.0,0
243,2026-03-24,3,3,1,0,,7,3,54.4770194575,2,2,8427.57142857143,0.0,0
248,2026-03-24,1,3,1,0,,5,2,119.75719485222223,2,1,9799.0,0.0,0
252,2026-03-24,1,2,0,0,,3,1,16.24072386611111,1,1,6999.0,0.0,0
258,2026-03-24,2,4,0,0,,6,2,25.58153160277778,1,1,6999.0,0.0,0
261,2026-03-24,1,1,0,0,,2,1,132.69964577638888,1,1,8999.0,0.0,0
263,2026-03-24,2,5,1,0,,8,2,1.490399126388889,1,1,6999.0,0.0,0
268,2026-03-24,2,6,0,2,2.0,12,1,102.73363581583334,3,3,6499.0,5999.0,0
272,2026-03-24,1,3,0,0,,4,1,123.87060008777777,1,1,4999.0,0.0,0
276,2026-03-24,1,1,0,0,,2,1,146.35845755333332,1,1,6999.0,0.0,0
280,2026-03-24,2,5,2,0,,9,1,50.51826876166666,3,3,6554.555555555556,0.0,0
281,2026-03-24,1,3,1,0,,5,1,82.5991679786111,1,1,8999.0,0.0,0
282,2026-03-24,1,3,1,0,,5,1,63.73125987,2,1,12199.0,0.0,0
286,2026-03-24,1,1,0,0,,2,1,56.434302376944444,1,1,6999.0,0.0,0
288,2026-03-24,1,3,0,1,1.0,6,1,45.97281141888889,2,1,10332.333333333334,8999.0,1
291,2026-03-24,1,1,0,0,,2,1,131.1123604475,1,1,6999.0,0.0,0
295,2026-03-24,2,4,0,0,,6,2,15.675203592499999,2,1,10999.0,0.0,0
304,2026-03-24,1,1,0,0,,2,1,11.329003198055556,1,1,4999.0,0.0,0
308,2026-03-24,2,4,0,0,,6,2,5.212339696666667,2,2,7665.666666666667,0.0,0
311,2026-03-24,1,3,1,0,,5,1,113.8975361575,1,1,4999.0,0.0,0
313,2026-03-24,2,5,1,1,,9,2,49.55421139361111,2,2,5443.444444444444,4999.0,0
318,2026-03-24,1,2,0,0,,3,1,53.50977568194445,1,1,6999.0,0.0,0
319,2026-03-24,2,6,2,0,,10,3,29.709850706388888,2,2,7599.0,0.0,0
323,2026-03-24,1,1,0,1,1.0,4,1,135.75085436583333,1,1,12999.0,12999.0,0
327,2026-03-24,1,2,0,1,,4,1,44.44325958333333,1,1,4999.0,4999.0,0
329,2026-03-24,1,1,0,0,,2,1,6.967086449722222,1,1,6999.0,0.0,0
338,2026-03-24,1,3,0,0,,4,1,137.38531439666667,1,1,6999.0,0.0,0
340,2026-03-24,1,2,0,1,,4,1,53.170288695277776,1,1,4999.0,4999.0,0
347,2026-03-24,1,3,0,0,,4,1,111.8907722575,1,1,4999.0,0.0,0
358,2026-03-24,2,3,2,0,,7,2,63.535745920833335,2,2,5570.428571428572,0.0,0
359,2026-03-24,1,3,0,1,,5,1,27.419388739722223,2,2,6599.0,4999.0,0
360,2026-03-24,2,4,1,2,1.0,10,2,61.17312032611111,2,1,10599.0,10999.0,0
361,2026-03-24,1,2,1,1,,5,1,61.956706085,2,1,12199.0,12999.0,0
362,2026-03-24,1,3,0,0,,4,1,43.38156075222222,2,2,7999.0,0.0,0
363,2026-03-24,1,1,0,1,,3,1,90.51838648277779,1,1,4999.0,4999.0,0
365,2026-03-24,1,2,0,0,,3,1,119.29120836055556,2,1,11665.666666666666,0.0,0
370,2026-03-24,1,3,1,0,,5,1,82.01199751305556,1,1,4999.0,0.0,0
372,2026-03-24,1,1,1,1,1.0,5,1,131.32115015694444,1,1,4999.0,4999.0,0
376,2026-03-24,1,3,1,0,,5,1,36.80150190083334,1,1,4999.0,0.0,0
386,2026-03-24,1,1,0,0,,2,1,21.993282545833335,1,1,12999.0,0.0,0
388,2026-03-24,1,3,1,0,,5,1,35.113104379444444,2,2,7399.0,0.0,0
389,2026-03-24,2,6,1,1,,10,1,14.807601965,2,2,7199.0,6999.0,0
391,2026-03-24,1,1,0,0,,2,1,108.94109365416666,1,1,8999.0,0.0,0
392,2026-03-24,1,2,0,0,,3,1,3.915311120833333,2,2,8332.333333333334,0.0,0
399,2026-03-24,1,2,0,0,,3,1,47.09002930083333,1,1,6999.0,0.0,0
402,2026-03-24,1,3,1,1,,6,1,72.46522369027778,2,1,9665.666666666666,8999.0,0
404,2026-03-24,1,2,1,1,1.0,6,1,111.21800460777777,1,1,6999.0,6999.0,0
406,2026-03-24,2,4,0,0,,6,2,81.34198943444446,1,1,6999.0,0.0,0
415,2026-03-24,1,3,0,0,,4,1,52.01456801055556,2,2,6999.0,0.0,0
419,2026-03-24,1,2,1,0,,4,1,17.421802768888888,2,1,9999.0,0.0,0
420,2026-03-24,1,1,0,0,,2,1,112.9908643586111,1,1,8999.0,0.0,0
429,2026-03-24,1,3,1,0,,5,1,144.8585094652778,1,1,12999.0,0.0,0
432,2026-03-24,1,2,1,0,,4,1,54.8551995125,1,1,8999.0,0.0,0
437,2026-03-24,1,1,0,0,,2,1,27.5137685625,1,1,4999.0,0.0,0
441,2026-03-24,1,1,1,0,,3,1,145.923363195,1,1,4999.0,0.0,0
444,2026-03-24,1,3,0,0,,4,1,31.118757492777775,1,1,4999.0,0.0,0
446,2026-03-24,1,3,0,1,,5,1,125.65607226527777,2,1,12199.0,12999.0,0
451,2026-03-24,1,1,0,0,,2,1,36.66015693027778,1,1,6999.0,0.0,0
456,2026-03-24,1,1,0,1,,3,1,100.11862601722223,1,1,4999.0,4999.0,0
460,2026-03-24,1,2,0,0,,3,1,36.081856029166666,2,1,10332.333333333334,0.0,0
462,2026-03-24,1,1,0,0,,2,1,87.37355109388888,1,1,6999.0,0.0,0
466,2026-03-24,1,3,0,0,,4,1,26.57111678777778,2,2,5999.0,0.0,0
480,2026-03-24,1,2,1,0,,4,1,126.35223003027778,1,1,4999.0,0.0,0
487,2026-03-24,1,1,0,0,,2,1,52.004073381111105,1,1,8999.0,0.0,0
490,2026-03-24,1,1,0,0,,2,1,140.51926836222222,1,1,12999.0,0.0,0
5,2026-03-31,1,2,0,0,,3,1,13.512861140833333,2,2,5665.666666666667,0.0,0
8,2026-03-31,1,2,1,0,,4,1,92.71949089277778,2,1,11999.0,0.0,0
14,2026-03-31,1,3,0,0,,4,1,133.828117165,1,1,4999.0,0.0,0
15,2026-03-31,1,2,0,1,1.0,5,1,201.27364620166665,2,2,6599.0,4999.0,0
19,2026-03-31,1,1,1,0,,3,1,178.80533428555555,1,1,8999.0,0.0,0
20,2026-03-31,1,2,1,0,,4,1,285.4714609961111,2,2,11499.0,0.0,0
21,2026-03-31,1,2,0,0,,3,1,39.67989296527777,2,1,10332.333333333334,0.0,0
22,2026-03-31,1,1,1,1,1.0,5,1,175.67814157972222,1,1,8999.0,8999.0,0
23,2026-03-31,1,1,1,0,,3,1,241.26004965638887,1,1,4999.0,0.0,0
24,2026-03-31,1,3,0,0,,4,1,178.062953125,2,1,10999.0,0.0,0
30,2026-03-31,1,2,1,0,,4,1,280.14789978833335,1,1,6999.0,0.0,0
31,2026-03-31,2,3,1,2,,8,2,19.420227972777777,2,1,10999.0,10999.0,0
33,2026-03-31,1,1,1,1,,4,1,140.90289387472222,1,1,6999.0,6999.0,0
35,2026-03-31,1,3,1,0,,5,1,165.43922780166668,2,2,6599.0,0.0,0
36,2026-03-31,1,3,1,1,,6,1,193.2192220636111,2,2,6665.666666666667,6999.0,0
37,2026-03-31,1,1,1,0,,3,1,100.97387046194444,1,1,4999.0,0.0,0
43,2026-03-31,1,3,0,0,,4,1,160.3148013136111,3,2,9499.0,0.0,0
44,2026-03-31,1,3,0,0,,4,1,105.35244947305556,1,1,4999.0,0.0,0
45,2026-03-31,1,1,0,0,,2,1,290.89000163777774,1,1,8999.0,0.0,0
46,2026-03-31,1,3,0,0,,4,1,208.4744338163889,2,2,10999.0,0.0,0
47,2026-03-31,1,2,0,0,,3,1,293.14777678638893,1,1,6999.0,0.0,0
49,2026-03-31,1,3,1,0,,5,1,156.78723862972222,1,1,4999.0,0.0,0
50,2026-03-31,1,1,0,0,,2,1,146.6223967847222,1,1,6999.0,0.0,0
53,2026-03-31,1,2,0,0,,3,1,174.66981280638888,1,1,4999.0,0.0,0
56,2026-03-31,3,5,0,0,,8,3,132.81877092194443,2,2,5999.0,0.0,0
64,2026-03-31,1,2,0,1,,4,1,22.771285152222223,1,1,4999.0,4999.0,0
71,2026-03-31,2,4,1,2,2.0,11,1,144.84979011222222,1,1,6999.0,6999.0,0
72,2026-03-31,1,2,0,0,,3,1,205.39508661,2,2,10332.333333333334,0.0,0
73,2026-03-31,1,1,0,0,,2,1,118.2964157888889,1,1,4999.0,0.0,0
75,2026-03-31,2,3,2,0,,7,2,31.91245303638889,2,2,7284.714285714285,0.0,0
77,2026-03-31,2,5,1,0,,8,2,207.86959482611113,2,2,7749.0,0.0,0
78,2026-03-31,1,2,0,0,,3,1,286.4339668372222,1,1,4999.0,0.0,0
79,2026-03-31,1,2,1,0,,4,1,259.3293743816667,1,1,6999.0,0.0,0
80,2026-03-31,1,2,1,0,,4,1,131.3889075263889,1,1,6999.0,0.0,0
82,2026-03-31,3,6,2,1,,12,3,159.153723475,2,1,12665.666666666666,12999.0,0
86,2026-03-31,3,6,2,0,,11,3,138.92438162666667,2,2,5726.272727272727,0.0,0
87,2026-03-31,1,3,0,0,,4,1,108.79521874,1,1,6999.0,0.0,0
89,2026-03-31,1,1,0,0,,2,1,177.26305144444444,1,1,4999.0,0.0,0
93,2026-03-31,2,5,0,2,1.0,10,2,90.91996699194445,1,1,6999.0,6999.0,1
95,2026-03-31,2,3,1,0,,6,2,112.177038645,2,2,5665.666666666667,0.0,0
97,2026-03-31,1,1,0,0,,2,1,272.5619432161111,1,1,8999.0,0.0,0
101,2026-03-31,1,2,1,1,,5,1,268.57746747194443,2,1,9799.0,8999.0,0
102,2026-03-31,1,2,1,1,,5,1,245.34611079055554,2,2,5799.0,4999.0,0
103,2026-03-31,2,3,0,0,,5,2,36.311552032222224,1,1,8999.0,0.0,0
104,2026-03-31,2,5,0,0,,7,2,166.11870912833334,2,2,7570.428571428572,0.0,0
107,2026-03-31,1,3,0,0,,4,1,4.667097289999999,2,2,6499.0,0.0,0
112,2026-03-31,2,4,1,0,,7,2,92.31495078694444,1,1,4999.0,0.0,0
113,2026-03-31,1,2,0,1,1.0,5,1,220.18554291666666,1,1,8999.0,8999.0,0
124,2026-03-31,1,2,0,0,,3,1,155.11726689833333,1,1,6999.0,0.0,0
126,2026-03-31,1,2,0,0,,3,1,191.82919476,1,1,4999.0,0.0,0
129,2026-03-31,1,2,0,0,,3,1,83.90863635388888,2,2,10999.0,0.0,0
130,2026-03-31,1,2,0,0,,3,1,131.09278702166668,2,2,10332.333333333334,0.0,0
133,2026-03-31,1,2,1,1,,5,1,57.063447636111114,2,2,5399.0,4999.0,0
135,2026-03-31,1,1,1,0,,3,1,6.674683848333333,1,1,12999.0,0.0,0
137,2026-03-31,1,2,0,1,,4,1,106.26104536555556,1,1,4999.0,4999.0,0
139,2026-03-31,2,5,0,0,,7,2,159.04832298916668,1,1,6999.0,0.0,0
140,2026-03-31,1,1,0,0,,2,1,228.1515270388889,1,1,4999.0,0.0,0
141,2026-03-31,2,4,0,0,,6,1,146.4960831275,2,2,6665.666666666667,0.0,0
142,2026-03-31,1,2,0,1,1.0,5,1,290.75550143361113,2,2,7399.0,6999.0,0
145,2026-03-31,2,3,1,1,,7,2,105.55676073416666,1,1,8999.0,8999.0,0
146,2026-03-31,1,1,1,1,1.0,5,1,213.84515798055557,1,1,4999.0,4999.0,0
152,2026-03-31,1,2,0,0,,3,1,72.67062947888888,2,2,6332.333333333333,0.0,0
154,2026-03-31,1,2,1,0,,4,1,277.9780188938889,1,1,6999.0,0.0,0
155,2026-03-31,2,2,0,0,,4,2,33.23662178722223,2,2,5999.0,0.0,0
161,2026-03-31,1,1,0,0,,2,1,66.7385661025,1,1,4999.0,0.0,0
163,2026-03-31,1,2,0,0,,3,1,111.16115890472221,1,1,8999.0,0.0,0
164,2026-03-31,2,4,1,2,2.0,11,1,62.82292568583333,1,1,6999.0,6999.0,0
166,2026-03-31,2,5,1,2,2.0,12,2,10.755769879999999,2,2,7165.666666666667,6999.0,0
170,2026-03-31,1,3,0,0,,4,1,213.52584310333333,2,1,10999.0,0.0,0
175,2026-03-31,2,6,1,0,,9,2,210.66748510027776,2,1,11665.666666666666,0.0,0
177,2026-03-31,2,5,0,0,,7,2,137.67514548388888,1,1,4999.0,0.0,0
180,2026-03-31,1,3,0,0,,4,2,23.983839414722222,1,1,4999.0,0.0,0
184,2026-03-31,1,1,0,0,,2,1,278.4355358975,1,1,4999.0,0.0,0
185,2026-03-31,1,2,0,0,,3,1,168.9690072736111,1,1,8999.0,0.0,0
186,2026-03-31,1,1,1,0,,3,1,303.11703644777776,1,1,6999.0,0.0,0
190,2026-03-31,1,2,0,0,,3,1,3.2094938766666665,2,2,7665.666666666667,0.0,0
191,2026-03-31,1,3,0,0,,4,1,33.16561758694444,1,1,6999.0,0.0,0
193,2026-03-31,2,4,1,0,,7,1,264.62873126166664,3,2,8999.0,0.0,0
195,2026-03-31,1,3,0,0,,4,1,185.52810155555554,1,1,4999.0,0.0,0
196,2026-03-31,1,1,1,0,,3,1,124.51705787888888,1,1,6999.0,0.0,0
197,2026-03-31,1,2,1,0,,4,1,152.83256226777777,1,1,8999.0,0.0,0
199,2026-03-31,1,3,0,1,,5,1,114.54571173666666,2,2,8199.0,6999.0,0
201,2026-03-31,1,2,1,0,,4,1,26.69033924388889,2,2,8499.0,0.0,0
206,2026-03-31,2,3,2,1,1.0,9,1,284.49026460694444,1,1,6999.0,6999.0,0
207,2026-03-31,1,2,0,0,,3,1,41.62172837777778,1,1,8999.0,0.0,0
208,2026-03-31,1,1,0,0,,2,1,303.7629987822222,1,1,12999.0,0.0,0
212,2026-03-31,3,7,1,0,,11,3,52.50469021972222,2,1,10817.181818181818,0.0,0
213,2026-03-31,1,2,0,0,,3,1,30.90920277972222,1,1,8999.0,0.0,0
215,2026-03-31,1,2,0,0,,3,1,48.61512018777778,2,1,10332.333333333334,0.0,0
216,2026-03-31,2,5,0,2,1.0,10,2,32.849097885,2,2,7599.0,7999.0,0
220,2026-03-31,1,3,0,0,,4,1,264.02130154055556,2,1,10999.0,0.0,0
221,2026-03-31,1,1,1,1,1.0,5,1,121.47121585916666,1,1,8999.0,8999.0,0
222,2026-03-31,1,3,0,0,,4,1,248.65549543666665,1,1,6999.0,0.0,0
223,2026-03-31,1,1,0,1,,3,1,314.9779093202778,1,1,6999.0,6999.0,0
224,2026-03-31,1,1,0,1,1.0,4,1,126.92599895222223,1,1,6999.0,6999.0,1
227,2026-03-31,1,2,1,0,,4,1,125.48491523694445,2,2,7999.0,0.0,0
228,2026-03-31,2,4,1,1,,8,2,13.381599793055555,2,2,7249.0,6999.0,0
231,2026-03-31,1,1,0,0,,2,1,189.3172991988889,1,1,4999.0,0.0,0
234,2026-03-31,1,2,1,0,,4,1,43.256209166388885,2,2,7499.0,0.0,0
235,2026-03-31,1,3,0,1,,5,1,30.91200680972222,2,1,12199.0,12999.0,0
237,2026-03-31,2,4,1,0,,7,2,213.71727509055555,1,1,4999.0,0.0,0
239,2026-03-31,1,2,1,0,,4,1,271.235281315,2,1,11999.0,0.0,0
243,2026-03-31,3,3,1,0,,7,3,222.4770194575,2,2,8427.57142857143,0.0,0
247,2026-03-31,1,1,0,0,,2,1,57.58691526583333,1,1,12999.0,0.0,0
248,2026-03-31,1,3,1,0,,5,2,287.75719485222226,2,1,9799.0,0.0,0
252,2026-03-31,2,4,0,0,,6,2,78.79517176777777,2,2,7665.666666666667,0.0,0
258,2026-03-31,3,5,0,0,,8,3,70.93630936805556,1,1,6999.0,0.0,0
259,2026-03-31,1,2,1,1,,5,1,97.92386107,1,1,6999.0,6999.0,0
261,2026-03-31,1,1,0,0,,2,1,300.6996457763889,1,1,8999.0,0.0,0
263,2026-03-31,2,5,1,0,,8,2,169.4903991263889,1,1,6999.0,0.0,0
268,2026-03-31,3,7,0,3,2.0,15,2,28.637267395833334,3,3,6599.0,6332.333333333333,0
269,2026-03-31,1,1,1,0,,3,1,35.934560510833336,1,1,12999.0,0.0,0
272,2026-03-31,1,3,0,0,,4,1,291.8706000877778,1,1,4999.0,0.0,0
276,2026-03-31,3,5,0,0,,8,3,26.98324822388889,3,2,8249.0,0.0,0
279,2026-03-31,1,3,0,0,,4,1,42.181835312500006,2,1,10999.0,0.0,0
280,2026-03-31,2,5,2,0,,9,1,218.5182687616667,3,3,6554.555555555556,0.0,0
281,2026-03-31,1,3,1,0,,5,1,250.59916797861112,1,1,8999.0,0.0,0
282,2026-03-31,1,3,1,0,,5,1,231.73125987,2,1,12199.0,0.0,0
285,2026-03-31,2,2,2,2,1.0,9,2,46.323897612222225,2,1,10776.777777777777,10999.0,1
286,2026-03-31,1,1,0,0,,2,1,224.43430237694443,1,1,6999.0,0.0,0
288,2026-03-31,2,4,0,2,2.0,10,2,126.12256466805555,2,1,9799.0,8999.0,1
290,2026-03-31,1,2,0,0,,3,1,142.3978211425,2,2,10999.0,0.0,0
291,2026-03-31,2,4,0,0,,6,2,9.958326503611111,3,2,9665.666666666666,0.0,0
295,2026-03-31,2,4,0,0,,6,2,183.6752035925,2,1,10999.0,0.0,0
296,2026-03-31,2,6,0,0,,8,2,26.807440351944443,2,2,5499.0,0.0,0
299,2026-03-31,1,1,1,1,,4,1,102.08692196166666,1,1,6999.0,6999.0,0
304,2026-03-31,2,3,0,0,,5,2,80.99506293333333,2,2,5399.0,0.0,0
307,2026-03-31,1,1,0,0,,2,1,60.70621879527778,1,1,8999.0,0.0,0
308,2026-03-31,2,4,0,0,,6,2,173.21233969666665,2,2,7665.666666666667,0.0,0
311,2026-03-31,1,3,1,0,,5,1,281.8975361575,1,1,4999.0,0.0,0
312,2026-03-31,1,3,0,0,,4,1,0.4167534522222222,2,2,6999.0,0.0,0
313,2026-03-31,5,11,3,1,,20,5,62.094361345277775,2,2,5199.0,4999.0,0
318,2026-03-31,1,2,0,0,,3,1,221.50977568194446,1,1,6999.0,0.0,0
319,2026-03-31,2,6,2,0,,10,3,197.7098507063889,2,2,7599.0,0.0,0
321,2026-03-31,1,2,0,0,,3,1,25.947300949722223,1,1,4999.0,0.0,0
323,2026-03-31,2,2,1,2,1.0,8,2,154.90654710416666,2,2,9999.0,9999.0,0
327,2026-03-31,1,2,0,1,,4,1,212.44325958333334,1,1,4999.0,4999.0,0
329,2026-03-31,1,1,0,0,,2,1,174.96708644972222,1,1,6999.0,0.0,0
332,2026-03-31,1,2,1,0,,4,1,97.40293064527778,1,1,4999.0,0.0,0
334,2026-03-31,1,3,0,0,,4,1,8.224210114444444,2,2,7499.0,0.0,0
335,2026-03-31,1,2,0,0,,3,1,13.732896963888889,1,1,6999.0,0.0,0
337,2026-03-31,1,1,0,0,,2,1,33.98061382888889,1,1,6999.0,0.0,0
338,2026-03-31,2,5,0,0,,7,2,154.16577138694444,1,1,6999.0,0.0,0
340,2026-03-31,2,3,1,1,,7,2,92.21420996222221,1,1,4999.0,4999.0,0
347,2026-03-31,1,3,0,0,,4,1,279.8907722575,1,1,4999.0,0.0,0
357,2026-03-31,1,3,0,0,,4,1,22.733290648055554,2,2,10999.0,0.0,0
358,2026-03-31,2,3,2,0,,7,2,231.53574592083334,2,2,5570.428571428572,0.0,0
359,2026-03-31,1,3,0,1,,5,1,195.41938873972222,2,2,6599.0,4999.0,1
360,2026-03-31,2,4,1,2,1.0,10,2,229.17312032611113,2,1,10599.0,10999.0,0
361,2026-03-31,1,2,1,1,,5,1,229.95670608499998,2,1,12199.0,12999.0,0
362,2026-03-31,2,5,1,1,,9,2,98.627573485,2,2,7665.666666666667,6999.0,0
363,2026-03-31,1,1,0,1,,3,1,258.51838648277777,1,1,4999.0,4999.0,1
365,2026-03-31,1,2,0,0,,3,1,287.2912083605556,2,1,11665.666666666666,0.0,0
370,2026-03-31,1,3,1,0,,5,1,250.01199751305555,1,1,4999.0,0.0,0
371,2026-03-31,1,3,0,0,,4,1,1.8487380847222223,2,1,9999.0,0.0,0
372,2026-03-31,1,1,1,1,1.0,5,1,299.32115015694444,1,1,4999.0,4999.0,0
373,2026-03-31,2,4,0,0,,6,2,67.56382310527778,2,2,7999.0,0.0,0
376,2026-03-31,2,6,1,0,,9,2,69.65662793055556,2,2,5443.444444444444,0.0,0
378,2026-03-31,1,3,0,0,,4,1,46.54590106944445,2,2,6999.0,0.0,0
380,2026-03-31,1,2,1,1,1.0,6,1,93.66919815722223,1,1,4999.0,4999.0,1
386,2026-03-31,1,1,0,0,,2,1,189.99328254583332,1,1,12999.0,0.0,0
388,2026-03-31,1,3,1,0,,5,1,203.11310437944442,2,2,7399.0,0.0,0
389,2026-03-31,4,9,1,1,,15,2,78.19538993333333,2,2,7132.333333333333,6999.0,0
391,2026-03-31,1,1,0,0,,2,1,276.9410936541667,1,1,8999.0,0.0,0
392,2026-03-31,1,2,0,0,,3,1,171.91531112083334,2,2,8332.333333333334,0.0,0
393,2026-03-31,1,2,0,0,,3,1,106.63813588527778,1,1,12999.0,0.0,0
394,2026-03-31,1,2,0,0,,3,1,54.080873284166664,1,1,6999.0,0.0,0
396,2026-03-31,1,2,1,0,,4,1,51.40760407916666,1,1,4999.0,0.0,0
399,2026-03-31,1,2,0,0,,3,1,215.09002930083335,1,1,6999.0,0.0,0
400,2026-03-31,1,2,0,0,,3,1,65.68917386416666,1,1,4999.0,0.0,0
402,2026-03-31,1,3,1,1,,6,1,240.46522369027778,2,1,9665.666666666666,8999.0,0
404,2026-03-31,1,2,1,1,1.0,6,1,279.2180046077778,1,1,6999.0,6999.0,0
406,2026-03-31,2,4,0,0,,6,2,249.34198943444443,1,1,6999.0,0.0,0
412,2026-03-31,1,3,0,0,,4,1,120.87281992000001,3,3,7499.0,0.0,0
415,2026-03-31,1,3,0,0,,4,1,220.01456801055556,2,2,6999.0,0.0,0
417,2026-03-31,1,2,0,0,,3,1,137.71769475388888,2,2,7665.666666666667,0.0,0
419,2026-03-31,1,2,1,0,,4,1,185.42180276888888,2,1,9999.0,0.0,0
420,2026-03-31,1,1,0,0,,2,1,280.99086435861113,1,1,8999.0,0.0,0
421,2026-03-31,1,2,0,0,,3,1,37.36934500527777,1,1,4999.0,0.0,0
425,2026-03-31,1,3,0,0,,4,1,49.16151767694445,2,2,5999.0,0.0,0
428,2026-03-31,1,3,0,1,,5,1,165.4657787838889,1,1,12999.0,12999.0,0
429,2026-03-31,1,3,1,0,,5,1,312.8585094652778,1,1,12999.0,0.0,0
432,2026-03-31,1,2,1,0,,4,1,222.8551995125,1,1,8999.0,0.0,0
436,2026-03-31,1,2,0,0,,3,1,59.003227377777776,1,1,6999.0,0.0,0
437,2026-03-31,1,1,0,0,,2,1,195.5137685625,1,1,4999.0,0.0,0
439,2026-03-31,1,1,0,0,,2,1,61.59427282194444,1,1,6999.0,0.0,0
440,2026-03-31,1,3,1,1,,6,1,151.26668274166667,1,1,6999.0,6999.0,1
441,2026-03-31,2,4,1,0,,7,2,91.86333880138889,2,2,7284.714285714285,0.0,0
442,2026-03-31,1,2,0,0,,3,1,111.7483425825,1,1,4999.0,0.0,0
443,2026-03-31,1,3,0,0,,4,1,145.05814672694444,3,2,9499.0,0.0,0
444,2026-03-31,1,3,0,0,,4,1,199.11875749277777,1,1,4999.0,0.0,0
445,2026-03-31,1,1,0,1,1.0,4,1,25.12137593861111,1,1,4999.0,4999.0,1
446,2026-03-31,1,3,0,1,,5,1,293.65607226527777,2,1,12199.0,12999.0,0
451,2026-03-31,2,2,0,0,,4,2,67.241971935,1,1,6999.0,0.0,0
456,2026-03-31,1,1,0,1,,3,1,268.1186260172222,1,1,4999.0,4999.0,0
460,2026-03-31,1,2,0,0,,3,1,204.08185602916666,2,1,10332.333333333334,0.0,0
462,2026-03-31,2,4,0,0,,6,2,140.8840017052778,1,1,6999.0,0.0,0
464,2026-03-31,1,2,0,0,,3,1,60.85507730583333,1,1,6999.0,0.0,0
466,2026-03-31,2,4,1,0,,7,2,129.76491678166667,2,2,5570.428571428572,0.0,0
473,2026-03-31,1,1,0,0,,2,1,6.5338657386111105,1,1,6999.0,0.0,0
476,2026-03-31,1,3,0,0,,4,1,165.71818444277778,2,2,8499.0,0.0,0
478,2026-03-31,2,4,0,0,,6,2,68.81451787666667,2,2,8999.0,0.0,0
479,2026-03-31,1,2,0,0,,3,1,58.79509189638889,2,1,11665.666666666666,0.0,0
480,2026-03-31,1,2,1,0,,4,1,294.3522300302778,1,1,4999.0,0.0,0
482,2026-03-31,1,1,0,0,,2,1,140.8980389963889,1,1,6999.0,0.0,0
485,2026-03-31,1,3,0,0,,4,1,163.86030763861112,1,1,6999.0,0.0,0
487,2026-03-31,1,1,0,0,,2,1,220.0040733811111,1,1,8999.0,0.0,0
490,2026-03-31,1,1,0,0,,2,1,308.51926836222225,1,1,12999.0,0.0,0
492,2026-03-31,1,2,0,0,,3,1,162.81308072833335,1,1,4999.0,0.0,0
493,2026-03-31,2,4,2,0,,8,2,75.2252147975,1,1,6999.0,0.0,0
498,2026-03-31,1,1,0,0,,2,1,110.40408323583334,1,1,4999.0,0.0,0
5,2026-04-07,2,4,0,0,,6,2,159.67021504472223,2,2,5332.333333333333,0.0,0
6,2026-04-07,1,1,1,0,,3,1,49.08314209222222,1,1,6999.0,0.0,0
8,2026-04-07,1,2,1,0,,4,1,260.7194908927778,2,1,11999.0,0.0,0
12,2026-04-07,2,6,0,0,,8,2,120.62556262333334,2,2,5999.0,0.0,0
13,2026-04-07,1,3,1,0,,5,1,113.21468809916666,2,2,8199.0,0.0,0
14,2026-04-07,1,3,0,0,,4,1,301.828117165,1,1,4999.0,0.0,0
15,2026-04-07,1,2,0,1,1.0,5,1,369.2736462016667,2,2,6599.0,4999.0,0
19,2026-04-07,1,1,1,0,,3,1,346.80533428555555,1,1,8999.0,0.0,0
20,2026-04-07,1,2,1,0,,4,1,453.4714609961111,2,2,11499.0,0.0,0
21,2026-04-07,1,2,0,0,,3,1,207.67989296527776,2,1,10332.333333333334,0.0,0
22,2026-04-07,1,1,1,1,1.0,5,1,343.67814157972225,1,1,8999.0,8999.0,0
23,2026-04-07,2,3,1,0,,6,2,57.18591041944445,2,2,5332.333333333333,0.0,0
24,2026-04-07,1,3,0,0,,4,1,346.06295312500004,2,1,10999.0,0.0,0
25,2026-04-07,1,2,0,0,,3,1,61.287074840277775,1,1,6999.0,0.0,0
26,2026-04-07,1,1,1,0,,3,1,106.09377150861111,1,1,4999.0,0.0,0
27,2026-04-07,1,1,0,0,,2,1,10.93626765722222,1,1,6999.0,0.0,0
30,2026-04-07,2,3,1,0,,6,2,40.65667057666666,1,1,6999.0,0.0,0
31,2026-04-07,4,7,2,3,,16,4,108.34187277694444,3,2,10124.0,10332.333333333334,0
33,2026-04-07,1,1,1,1,,4,1,308.9028938747222,1,1,6999.0,6999.0,0
34,2026-04-07,1,1,1,0,,3,1,86.03910365444445,1,1,6999.0,0.0,0
35,2026-04-07,1,3,1,0,,5,1,333.4392278016667,2,2,6599.0,0.0,0
36,2026-04-07,2,6,1,1,,10,2,33.03668182944445,3,3,7399.0,6999.0,0
37,2026-04-07,1,1,1,0,,3,1,268.97387046194444,1,1,4999.0,0.0,0
39,2026-04-07,1,3,1,0,,5,1,40.92037122722222,1,1,4999.0,0.0,0
43,2026-04-07,1,3,0,0,,4,1,328.3148013136111,3,2,9499.0,0.0,0
44,2026-04-07,2,5,0,0,,7,2,17.680021258333333,1,1,4999.0,0.0,0
45,2026-04-07,1,1,0,0,,2,1,458.89000163777774,1,1,8999.0,0.0,0
46,2026-04-07,1,3,0,0,,4,1,376.47443381638885,2,2,10999.0,0.0,0
47,2026-04-07,1,2,0,0,,3,1,461.14777678638893,1,1,6999.0,0.0,0
49,2026-04-07,1,3,1,0,,5,1,324.7872386297222,1,1,4999.0,0.0,0
50,2026-04-07,1,1,0,0,,2,1,314.62239678472224,1,1,6999.0,0.0,0
51,2026-04-07,1,3,0,0,,4,1,49.72067816222222,2,1,10999.0,0.0,0
53,2026-04-07,2,5,0,0,,7,2,51.836820808333336,1,1,4999.0,0.0,0
56,2026-04-07,3,5,0,0,,8,3,300.81877092194446,2,2,5999.0,0.0,0
58,2026-04-07,1,3,1,0,,5,1,20.632699708055554,1,1,4999.0,0.0,0
60,2026-04-07,1,3,0,1,,5,1,126.33721929111111,1,1,4999.0,4999.0,0
61,2026-04-07,1,1,0,0,,2,1,53.01926669611111,1,1,8999.0,0.0,0
64,2026-04-07,1,2,0,1,,4,1,190.77128515222222,1,1,4999.0,4999.0,0
71,2026-04-07,2,4,1,2,2.0,11,1,312.8497901122222,1,1,6999.0,6999.0,0
72,2026-04-07,1,2,0,0,,3,1,373.39508661,2,2,10332.333333333334,0.0,0
73,2026-04-07,1,1,0,0,,2,1,286.2964157888889,1,1,4999.0,0.0,0
75,2026-04-07,4,9,4,1,,18,4,59.56660673444445,4,3,8665.666666666666,8999.0,0
77,2026-04-07,2,5,1,0,,8,2,375.8695948261111,2,2,7749.0,0.0,0
78,2026-04-07,1,2,0,0,,3,1,454.4339668372222,1,1,4999.0,0.0,0
79,2026-04-07,2,3,1,0,,6,2,151.48798667611112,1,1,6999.0,0.0,0
80,2026-04-07,2,5,2,0,,9,2,65.91020473833333,2,2,7665.666666666667,0.0,0
82,2026-04-07,4,8,3,1,,16,4,151.76775501555557,3,2,11624.0,12999.0,0
86,2026-04-07,4,8,2,0,,14,4,151.20005179083333,2,2,5570.428571428572,0.0,0
87,2026-04-07,2,6,0,0,,8,2,93.20872826611111,1,1,6999.0,0.0,0
89,2026-04-07,1,1,0,0,,2,1,345.26305144444444,1,1,4999.0,0.0,0
92,2026-04-07,1,2,0,0,,3,1,129.1367275438889,1,1,8999.0,0.0,0
93,2026-04-07,3,7,0,3,2.0,15,3,89.82464486166667,2,2,8599.0,8999.0,0
95,2026-04-07,2,3,1,0,,6,2,280.177038645,2,2,5665.666666666667,0.0,0
97,2026-04-07,1,1,0,0,,2,1,440.56194321611116,1,1,8999.0,0.0,0
98,2026-04-07,1,2,0,0,,3,1,116.97469563694445,1,1,6999.0,0.0,0
99,2026-04-07,1,3,1,0,,5,1,155.37403847416667,1,1,6999.0,0.0,0
101,2026-04-07,2,3,2,2,,9,2,147.76113065305555,2,1,11221.222222222223,10999.0,0
102,2026-04-07,1,2,1,1,,5,1,413.3461107905556,2,2,5799.0,4999.0,1
103,2026-04-07,2,3,0,0,,5,2,204.31155203222224,1,1,8999.0,0.0,0
104,2026-04-07,2,5,0,0,,7,2,334.1187091283333,2,2,7570.428571428572,0.0,0
105,2026-04-07,1,3,0,1,,5,1,50.12471565083333,2,1,12199.0,12999.0,0
107,2026-04-07,1,3,0,0,,4,1,172.66709729000002,2,2,6499.0,0.0,0
111,2026-04-07,1,1,1,0,,3,1,158.81640528805556,1,1,6999.0,0.0,0
112,2026-04-07,2,4,1,0,,7,2,260.31495078694445,1,1,4999.0,0.0,0
113,2026-04-07,1,2,0,1,1.0,5,1,388.1855429166667,1,1,8999.0,8999.0,0
114,2026-04-07,2,4,0,0,,6,2,50.080940042222224,2,1,10999.0,0.0,0
116,2026-04-07,1,1,0,0,,2,1,150.3239514913889,1,1,6999.0,0.0,0
118,2026-04-07,2,4,1,1,,8,2,62.5252987075,2,2,5999.0,4999.0,0
119,2026-04-07,1,1,0,0,,2,1,28.339424522777776,1,1,12999.0,0.0,0
120,2026-04-07,1,1,0,0,,2,1,122.13495125111112,1,1,6999.0,0.0,0
123,2026-04-07,1,2,0,0,,3,1,122.65982950194444,1,1,6999.0,0.0,0
124,2026-04-07,1,2,0,0,,3,1,323.11726689833336,1,1,6999.0,0.0,0
125,2026-04-07,1,2,0,1,,4,1,31.403119145833333,1,1,6999.0,6999.0,0
126,2026-04-07,1,2,0,0,,3,1,359.82919475999995,1,1,4999.0,0.0,0
128,2026-04-07,1,2,1,0,,4,1,134.2630320725,1,1,12999.0,0.0,0
129,2026-04-07,3,6,2,0,,11,3,35.42695636833333,2,2,8089.909090909091,0.0,0
130,2026-04-07,1,2,0,0,,3,1,299.0927870216667,2,2,10332.333333333334,0.0,0
133,2026-04-07,1,2,1,1,,5,1,225.0634476361111,2,2,5399.0,4999.0,0
135,2026-04-07,1,1,1,0,,3,1,174.67468384833333,1,1,12999.0,0.0,0
136,2026-04-07,1,2,1,0,,4,1,138.63623579861112,1,1,4999.0,0.0,0
137,2026-04-07,1,2,0,1,,4,1,274.26104536555556,1,1,4999.0,4999.0,0
139,2026-04-07,2,5,0,0,,7,2,327.04832298916665,1,1,6999.0,0.0,0
140,2026-04-07,1,1,0,0,,2,1,396.1515270388889,1,1,4999.0,0.0,0
141,2026-04-07,2,4,0,0,,6,1,314.4960831275,2,2,6665.666666666667,0.0,0
142,2026-04-07,1,2,0,1,1.0,5,1,458.75550143361113,2,2,7399.0,6999.0,1
144,2026-04-07,1,1,1,1,1.0,5,1,49.84372580194445,1,1,6999.0,6999.0,0
145,2026-04-07,2,3,1,1,,7,2,273.5567607341667,1,1,8999.0,8999.0,0
146,2026-04-07,1,1,1,1,1.0,5,1,381.84515798055554,1,1,4999.0,4999.0,0
151,2026-04-07,1,3,0,0,,4,1,161.60378011249998,2,1,11999.0,0.0,0
152,2026-04-07,1,2,0,0,,3,1,240.67062947888888,2,2,6332.333333333333,0.0,0
153,2026-04-07,1,3,0,0,,4,1,156.65816502361113,2,1,9999.0,0.0,0
154,2026-04-07,1,2,1,0,,4,1,445.9780188938889,1,1,6999.0,0.0,0
155,2026-04-07,2,2,0,0,,4,2,201.23662178722222,2,2,5999.0,0.0,0
156,2026-04-07,1,1,1,1,,4,1,73.48226057416667,1,1,6999.0,6999.0,0
157,2026-04-07,1,1,0,1,1.0,4,1,66.44434632166666,1,1,6999.0,6999.0,1
158,2026-04-07,1,3,1,0,,5,1,33.6287223825,1,1,12999.0,0.0,0
161,2026-04-07,1,1,0,0,,2,1,234.7385661025,1,1,4999.0,0.0,0
163,2026-04-07,1,2,0,0,,3,1,279.16115890472224,1,1,8999.0,0.0,0
164,2026-04-07,2,4,1,2,2.0,11,1,230.82292568583333,1,1,6999.0,6999.0,0
166,2026-04-07,2,5,1,2,2.0,12,2,178.75576988,2,2,7165.666666666667,6999.0,0
169,2026-04-07,2,3,0,0,,5,2,41.658060688333336,1,1,8999.0,0.0,0
170,2026-04-07,2,5,0,0,,7,2,134.82061364472221,2,1,11284.714285714286,0.0,0
171,2026-04-07,1,3,1,0,,5,1,19.8577295325,2,2,7399.0,0.0,0
173,2026-04-07,1,3,0,0,,4,1,17.294986716666667,2,2,8499.0,0.0,0
175,2026-04-07,3,8,1,0,,12,3,106.36155398944445,3,2,10665.666666666666,0.0,0
177,2026-04-07,2,5,0,0,,7,2,305.6751454838889,1,1,4999.0,0.0,0
180,2026-04-07,1,3,0,0,,4,2,191.98383941472224,1,1,4999.0,0.0,0
183,2026-04-07,1,2,0,0,,3,1,57.466748933611115,1,1,4999.0,0.0,0
184,2026-04-07,1,1,0,0,,2,1,446.43553589749996,1,1,4999.0,0.0,0
185,2026-04-07,1,2,0,0,,3,1,336.9690072736111,1,1,8999.0,0.0,0
186,2026-04-07,1,1,1,0,,3,1,471.11703644777776,1,1,6999.0,0.0,0
190,2026-04-07,1,2,0,0,,3,1,171.20949387666667,2,2,7665.666666666667,0.0,0
191,2026-04-07,1,3,0,0,,4,1,201.16561758694445,1,1,6999.0,0.0,0
193,2026-04-07,2,4,1,0,,7,1,432.62873126166664,3,2,8999.0,0.0,0
195,2026-04-07,3,6,1,0,,10,2,126.04262337888889,1,1,4999.0,0.0,0
196,2026-04-07,1,1,1,0,,3,1,292.5170578788889,1,1,6999.0,0.0,0
197,2026-04-07,2,4,1,0,,7,2,117.76483658888888,2,1,10141.857142857143,0.0,0
199,2026-04-07,2,5,1,1,,9,2,101.41785031694445,3,2,8332.333333333334,6999.0,0
200,2026-04-07,1,3,0,1,1.0,6,1,136.51305889222223,1,1,6999.0,6999.0,0
201,2026-04-07,1,2,1,0,,4,1,194.6903392438889,2,2,8499.0,0.0,0
202,2026-04-07,1,3,1,0,,5,1,15.164066239444445,2,1,11399.0,0.0,0
204,2026-04-07,1,2,1,1,,5,1,145.80500333749998,1,1,6999.0,6999.0,0
206,2026-04-07,2,3,2,1,1.0,9,1,452.4902646069445,1,1,6999.0,6999.0,0
207,2026-04-07,1,2,0,0,,3,1,209.62172837777777,1,1,8999.0,0.0,0
208,2026-04-07,1,1,0,0,,2,1,471.7629987822222,1,1,12999.0,0.0,0
211,2026-04-07,1,3,1,0,,5,1,20.849612315,2,1,9799.0,0.0,0
212,2026-04-07,3,7,1,0,,11,3,220.50469021972225,2,1,10817.181818181818,0.0,0
213,2026-04-07,1,2,0,0,,3,1,198.90920277972225,1,1,8999.0,0.0,0
215,2026-04-07,1,2,0,0,,3,1,216.6151201877778,2,1,10332.333333333334,0.0,0
216,2026-04-07,2,5,0,2,1.0,10,2,200.849097885,2,2,7599.0,7999.0,0
220,2026-04-07,1,3,0,0,,4,1,432.02130154055556,2,1,10999.0,0.0,0
221,2026-04-07,1,1,1,1,1.0,5,1,289.47121585916665,1,1,8999.0,8999.0,0
222,2026-04-07,1,3,0,0,,4,1,416.6554954366667,1,1,6999.0,0.0,0
223,2026-04-07,2,4,0,1,,7,2,161.41211691249998,2,2,7284.714285714285,6999.0,0
224,2026-04-07,2,4,0,2,2.0,10,2,87.69989313138888,2,2,7199.0,6999.0,1
226,2026-04-07,1,1,0,0,,2,1,73.96447520194444,1,1,8999.0,0.0,0
227,2026-04-07,1,2,1,0,,4,1,293.48491523694446,2,2,7999.0,0.0,0
228,2026-04-07,2,4,1,1,,8,2,181.38159979305556,2,2,7249.0,6999.0,0
230,2026-04-07,2,5,1,0,,8,2,9.381403213055556,1,1,4999.0,0.0,0
231,2026-04-07,3,4,1,0,,8,3,100.95604012444444,3,3,6999.0,0.0,0
234,2026-04-07,2,4,1,0,,7,2,84.04702109222222,3,2,8141.857142857143,0.0,0
235,2026-04-07,1,3,0,1,,5,1,198.91200680972221,2,1,12199.0,12999.0,0
237,2026-04-07,2,4,1,0,,7,2,381.7172750905556,1,1,4999.0,0.0,0
239,2026-04-07,1,2,1,0,,4,1,439.235281315,2,1,11999.0,0.0,0
240,2026-04-07,2,5,2,1,1.0,11,3,22.30959477861111,3,3,5726.272727272727,4999.0,0
242,2026-04-07,2,6,1,1,,10,2,35.507848106944444,2,2,6799.0,6999.0,0
243,2026-04-07,3,3,1,0,,7,3,390.4770194575,2,2,8427.57142857143,0.0,0
244,2026-04-07,1,1,0,0,,2,1,121.56741590388889,1,1,12999.0,0.0,0
246,2026-04-07,1,1,0,0,,2,1,94.29688577527779,1,1,4999.0,0.0,0
247,2026-04-07,1,1,0,0,,2,1,225.58691526583334,1,1,12999.0,0.0,0
248,2026-04-07,1,3,1,0,,5,2,455.7571948522222,2,1,9799.0,0.0,0
252,2026-04-07,2,4,0,0,,6,2,246.7951717677778,2,2,7665.666666666667,0.0,0
258,2026-04-07,3,5,0,0,,8,3,238.93630936805556,1,1,6999.0,0.0,0
259,2026-04-07,1,2,1,1,,5,1,265.92386107,1,1,6999.0,6999.0,1
261,2026-04-07,2,3,0,0,,5,2,112.6929557088889,1,1,8999.0,0.0,0
263,2026-04-07,3,8,1,0,,12,3,106.32396769583333,1,1,6999.0,0.0,0
266,2026-04-07,1,1,0,0,,2,1,48.073116080000005,1,1,6999.0,0.0,0
267,2026-04-07,2,6,0,0,,8,2,20.789570015,1,1,4999.0,0.0,0
268,2026-04-07,3,7,0,3,2.0,15,2,196.63726739583333,3,3,6599.0,6332.333333333333,0
269,2026-04-07,1,1,1,0,,3,1,203.93456051083334,1,1,12999.0,0.0,0
271,2026-04-07,1,1,0,0,,2,1,70.14084215055556,1,1,6999.0,0.0,0
272,2026-04-07,2,4,1,1,,8,2,13.433464655000002,1,1,4999.0,4999.0,0
275,2026-04-07,1,1,0,0,,2,1,49.836693554722224,1,1,4999.0,0.0,0
276,2026-04-07,3,5,0,0,,8,3,194.9832482238889,3,2,8249.0,0.0,0
279,2026-04-07,1,3,0,0,,4,1,210.1818353125,2,1,10999.0,0.0,0
280,2026-04-07,3,8,2,0,,13,2,131.95876665305556,3,3,6075.923076923077,0.0,0
281,2026-04-07,1,3,1,0,,5,1,418.59916797861115,1,1,8999.0,0.0,0
282,2026-04-07,1,3,1,0,,5,1,399.73125987000003,2,1,12199.0,0.0,0
283,2026-04-07,1,2,0,1,,4,1,140.82937661333332,1,1,6999.0,6999.0,1
285,2026-04-07,3,3,2,3,2.0,13,3,40.78480551777778,3,2,8999.0,8999.0,0
286,2026-04-07,1,1,0,0,,2,1,392.4343023769444,1,1,6999.0,0.0,0
288,2026-04-07,3,5,0,3,3.0,14,3,104.10765655888889,2,1,10713.285714285714,10332.333333333334,0
290,2026-04-07,1,2,0,0,,3,1,310.3978211425,2,2,10999.0,0.0,0
291,2026-04-07,2,4,0,0,,6,2,177.95832650361112,3,2,9665.666666666666,0.0,0
294,2026-04-07,1,2,0,0,,3,1,23.181602967222222,1,1,6999.0,0.0,0
295,2026-04-07,2,4,0,0,,6,2,351.6752035925,2,1,10999.0,0.0,0
296,2026-04-07,2,6,0,0,,8,2,194.80744035194445,2,2,5499.0,0.0,0
299,2026-04-07,1,1,1,1,,4,1,270.0869219616667,1,1,6999.0,6999.0,0
300,2026-04-07,1,3,0,0,,4,1,76.70399248666666,2,2,7499.0,0.0,0
304,2026-04-07,3,4,1,0,,8,3,157.43627424,2,2,5249.0,0.0,0
306,2026-04-07,1,1,0,0,,2,1,28.615465055833333,1,1,4999.0,0.0,0
307,2026-04-07,1,1,0,0,,2,1,228.70621879527778,1,1,8999.0,0.0,0
308,2026-04-07,2,4,0,0,,6,2,341.2123396966667,2,2,7665.666666666667,0.0,0
310,2026-04-07,1,2,1,1,1.0,6,1,25.000173345555556,2,2,7999.0,6999.0,0
311,2026-04-07,1,3,1,0,,5,1,449.8975361575,1,1,4999.0,0.0,0
312,2026-04-07,1,3,0,0,,4,1,168.41675345222222,2,2,6999.0,0.0,0
313,2026-04-07,6,13,3,1,,23,6,62.767646676944445,3,2,5520.739130434783,4999.0,0
314,2026-04-07,1,2,0,0,,3,1,5.44022223361111,1,1,4999.0,0.0,0
315,2026-04-07,1,3,0,0,,4,2,71.88947188638889,1,1,6999.0,0.0,0
318,2026-04-07,2,3,0,0,,5,2,7.045408350277778,1,1,6999.0,0.0,0
319,2026-04-07,2,6,2,0,,10,3,365.70985070638886,2,2,7599.0,0.0,0
320,2026-04-07,1,1,0,1,,3,1,15.27018189388889,1,1,4999.0,4999.0,1
321,2026-04-07,1,2,0,0,,3,1,193.9473009497222,1,1,4999.0,0.0,0
323,2026-04-07,3,3,1,3,1.0,11,3,102.12308339972222,2,2,9180.818181818182,8999.0,0
327,2026-04-07,1,2,0,1,,4,1,380.4432595833333,1,1,4999.0,4999.0,0
329,2026-04-07,1,1,0,0,,2,1,342.9670864497222,1,1,6999.0,0.0,0
332,2026-04-07,1,2,1,0,,4,1,265.40293064527776,1,1,4999.0,0.0,0
334,2026-04-07,2,5,0,0,,7,2,76.62982292027777,2,2,7284.714285714285,0.0,0
335,2026-04-07,1,2,0,0,,3,1,181.73289696388886,1,1,6999.0,0.0,0
336,2026-04-07,1,3,0,0,,4,1,77.76919325694445,1,1,6999.0,0.0,0
337,2026-04-07,2,4,1,0,,7,2,37.78236723111112,2,2,6713.285714285715,0.0,0
338,2026-04-07,2,5,0,0,,7,2,322.1657713869444,1,1,6999.0,0.0,0
340,2026-04-07,2,3,1,1,,7,2,260.21420996222224,1,1,4999.0,4999.0,0
344,2026-04-07,1,3,1,0,,5,1,37.6072897975,2,1,9799.0,0.0,0
345,2026-04-07,1,2,0,1,1.0,5,1,162.8502605736111,1,1,4999.0,4999.0,0
346,2026-04-07,1,1,0,1,,3,1,1.1843141744444445,1,1,12999.0,12999.0,0
347,2026-04-07,1,3,0,0,,4,1,447.89077225750003,1,1,4999.0,0.0,0
349,2026-04-07,1,1,0,0,,2,1,61.03474676027778,1,1,8999.0,0.0,0
356,2026-04-07,1,2,0,0,,3,1,82.47847407833333,2,2,8999.0,0.0,0
357,2026-04-07,1,3,0,0,,4,1,190.73329064805554,2,2,10999.0,0.0,0
358,2026-04-07,2,3,2,0,,7,2,399.5357459208333,2,2,5570.428571428572,0.0,0
359,2026-04-07,2,6,1,2,1.0,12,2,156.49995173472223,2,2,5665.666666666667,4999.0,0
360,2026-04-07,2,4,1,2,1.0,10,2,397.1731203261111,2,1,10599.0,10999.0,0
361,2026-04-07,1,2,1,1,,5,1,397.956706085,2,1,12199.0,12999.0,0
362,2026-04-07,2,5,1,1,,9,2,266.627573485,2,2,7665.666666666667,6999.0,0
363,2026-04-07,2,4,1,2,1.0,10,2,139.52286626333333,1,1,4999.0,4999.0,0
365,2026-04-07,1,2,0,0,,3,1,455.2912083605555,2,1,11665.666666666666,0.0,0
366,2026-04-07,1,2,1,0,,4,1,31.365990810833335,2,2,6499.0,0.0,0
370,2026-04-07,1,3,1,0,,5,1,418.0119975130556,1,1,4999.0,0.0,0
371,2026-04-07,2,5,1,0,,8,2,165.58217317944445,3,2,8999.0,0.0,0
372,2026-04-07,1,1,1,1,1.0,5,1,467.32115015694444,1,1,4999.0,4999.0,1
373,2026-04-07,2,4,0,0,,6,2,235.56382310527778,2,2,7999.0,0.0,0
376,2026-04-07,2,6,1,0,,9,2,237.65662793055554,2,2,5443.444444444444,0.0,0
378,2026-04-07,2,4,0,0,,6,2,115.81191883277776,2,2,6332.333333333333,0.0,0
380,2026-04-07,2,5,2,2,2.0,13,2,142.3047215138889,1,1,4999.0,4999.0,0
381,2026-04-07,1,3,0,0,,4,1,91.80007784305556,2,2,6499.0,0.0,0
385,2026-04-07,1,1,0,0,,2,1,89.46169792611111,1,1,8999.0,0.0,0
386,2026-04-07,1,1,0,0,,2,1,357.9932825458333,1,1,12999.0,0.0,0
387,2026-04-07,1,2,0,1,,4,1,87.5891227236111,2,1,11999.0,12999.0,0
388,2026-04-07,1,3,1,0,,5,1,371.11310437944445,2,2,7399.0,0.0,0
389,2026-04-07,4,9,1,1,,15,2,246.19538993333333,2,2,7132.333333333333,6999.0,0
390,2026-04-07,1,2,1,0,,4,1,36.187761003333335,1,1,12999.0,0.0,0
391,2026-04-07,1,1,0,0,,2,1,444.94109365416665,1,1,8999.0,0.0,0
392,2026-04-07,1,2,0,0,,3,1,339.91531112083334,2,2,8332.333333333334,0.0,0
393,2026-04-07,1,2,0,0,,3,1,274.6381358852778,1,1,12999.0,0.0,0
394,2026-04-07,1,2,0,0,,3,1,222.08087328416667,1,1,6999.0,0.0,0
396,2026-04-07,1,2,1,0,,4,1,219.40760407916667,1,1,4999.0,0.0,0
398,2026-04-07,1,1,1,1,,4,1,161.34676110944446,1,1,12999.0,12999.0,0
399,2026-04-07,1,2,0,0,,3,1,383.0900293008333,1,1,6999.0,0.0,0
400,2026-04-07,1,2,0,0,,3,1,233.68917386416666,1,1,4999.0,0.0,0
402,2026-04-07,1,3,1,1,,6,1,408.46522369027775,2,1,9665.666666666666,8999.0,0
403,2026-04-07,1,2,0,0,,3,1,157.60107232805555,1,1,6999.0,0.0,0
404,2026-04-07,1,2,1,1,1.0,6,1,447.21800460777774,1,1,6999.0,6999.0,1
406,2026-04-07,2,4,0,0,,6,2,417.34198943444443,1,1,6999.0,0.0,0
409,2026-04-07,3,6,1,1,,11,2,32.27948484861111,3,2,9544.454545454546,8999.0,0
410,2026-04-07,1,2,0,0,,3,1,62.89128221916667,2,2,6332.333333333333,0.0,0
412,2026-04-07,1,3,0,0,,4,1,288.87281992,3,3,7499.0,0.0,0
415,2026-04-07,1,3,0,0,,4,1,388.01456801055554,2,2,6999.0,0.0,0
417,2026-04-07,1,2,0,0,,3,1,305.7176947538889,2,2,7665.666666666667,0.0,0
419,2026-04-07,2,3,2,0,,7,2,82.32498271305555,2,1,9570.42857142857,0.0,0
420,2026-04-07,1,1,0,0,,2,1,448.9908643586111,1,1,8999.0,0.0,0
421,2026-04-07,1,2,0,0,,3,1,205.36934500527778,1,1,4999.0,0.0,0
424,2026-04-07,1,2,0,0,,3,1,123.64943497944444,2,2,7665.666666666667,0.0,0
425,2026-04-07,1,3,0,0,,4,1,217.16151767694444,2,2,5999.0,0.0,0
428,2026-04-07,2,4,0,2,,8,2,142.59570047333332,2,1,11499.0,10999.0,0
429,2026-04-07,3,6,2,0,,11,2,98.21320128250001,2,1,11544.454545454546,0.0,0
430,2026-04-07,2,6,0,0,,8,2,55.97540771888889,2,1,10999.0,0.0,0
432,2026-04-07,1,2,1,0,,4,1,390.8551995125,1,1,8999.0,0.0,0
435,2026-04-07,1,3,0,0,,4,1,120.21334891944444,2,2,8999.0,0.0,0
436,2026-04-07,2,5,0,0,,7,2,26.718936155277778,1,1,6999.0,0.0,0
437,2026-04-07,1,1,0,0,,2,1,363.51376856250005,1,1,4999.0,0.0,0
439,2026-04-07,1,1,0,0,,2,1,229.59427282194446,1,1,6999.0,0.0,0
440,2026-04-07,3,9,3,3,2.0,20,3,22.80862838166667,1,1,6999.0,6999.0,0
441,2026-04-07,3,7,1,0,,11,3,114.04222491722223,2,2,6453.545454545455,0.0,0
442,2026-04-07,1,2,0,0,,3,1,279.7483425825,1,1,4999.0,0.0,0
443,2026-04-07,1,3,0,0,,4,1,313.05814672694447,3,2,9499.0,0.0,0
444,2026-04-07,1,3,0,0,,4,1,367.1187574927778,1,1,4999.0,0.0,0
445,2026-04-07,2,3,1,2,2.0,10,2,139.74401519305556,2,2,5199.0,4999.0,1
446,2026-04-07,3,7,2,1,,13,3,5.8793074875,3,2,10845.153846153846,12999.0,0
449,2026-04-07,1,1,0,1,1.0,4,1,105.137162085,1,1,4999.0,4999.0,0
451,2026-04-07,2,2,0,0,,4,2,235.241971935,1,1,6999.0,0.0,0
455,2026-04-07,1,2,1,0,,4,1,162.3918940961111,1,1,6999.0,0.0,0
456,2026-04-07,2,2,1,1,,6,2,66.463923265,1,1,4999.0,4999.0,0
459,2026-04-07,1,2,0,0,,3,1,2.6413208827777774,2,2,6332.333333333333,0.0,0
460,2026-04-07,1,2,0,0,,3,1,372.0818560291667,2,1,10332.333333333334,0.0,0
461,2026-04-07,1,1,0,0,,2,1,19.176226535277777,1,1,4999.0,0.0,0
462,2026-04-07,2,4,0,0,,6,2,308.8840017052778,1,1,6999.0,0.0,0
464,2026-04-07,1,2,0,0,,3,1,228.85507730583333,1,1,6999.0,0.0,0
466,2026-04-07,2,4,1,0,,7,2,297.76491678166667,2,2,5570.428571428572,0.0,0
467,2026-04-07,1,1,0,0,,2,2,143.9262545863889,1,1,6999.0,0.0,0
468,2026-04-07,1,3,0,0,,4,1,5.370296458333334,2,1,9999.0,0.0,0
470,2026-04-07,1,2,0,1,,4,1,24.963252786111113,1,1,6999.0,6999.0,0
472,2026-04-07,1,1,0,0,,2,1,147.63956784694446,1,1,6999.0,0.0,0
473,2026-04-07,1,1,0,0,,2,1,174.5338657386111,1,1,6999.0,0.0,0
476,2026-04-07,1,3,0,0,,4,1,333.7181844427778,2,2,8499.0,0.0,0
478,2026-04-07,2,4,0,0,,6,2,236.81451787666666,2,2,8999.0,0.0,0
479,2026-04-07,1,2,0,0,,3,1,226.79509189638887,2,1,11665.666666666666,0.0,0
480,2026-04-07,2,5,1,0,,8,2,26.68219202972222,1,1,4999.0,0.0,0
481,2026-04-07,1,2,0,0,,3,1,65.96904259138888,1,1,4999.0,0.0,0
482,2026-04-07,1,1,0,0,,2,1,308.8980389963889,1,1,6999.0,0.0,0
485,2026-04-07,1,3,0,0,,4,1,331.86030763861106,1,1,6999.0,0.0,0
487,2026-04-07,1,1,0,0,,2,1,388.00407338111114,1,1,8999.0,0.0,0
490,2026-04-07,1,1,0,0,,2,1,476.51926836222225,1,1,12999.0,0.0,0
491,2026-04-07,3,7,2,3,3.0,18,3,61.74690032833333,1,1,4999.0,4999.0,1
492,2026-04-07,2,3,0,0,,5,2,85.13099871749999,2,2,8199.0,0.0,0
493,2026-04-07,2,4,2,0,,8,2,243.2252147975,1,1,6999.0,0.0,0
494,2026-04-07,1,2,1,0,,4,1,115.89801368972222,2,1,11999.0,0.0,0
497,2026-04-07,1,3,0,0,,4,1,140.0501649675,2,1,11999.0,0.0,0
498,2026-04-07,1,1,0,0,,2,1,278.4040832358333,1,1,4999.0,0.0,0
5,2026-04-14,2,4,0,0,,6,2,327.6702150447222,2,2,5332.333333333333,0.0,0
6,2026-04-14,1,1,1,0,,3,1,217.0831420922222,1,1,6999.0,0.0,0
7,2026-04-14,1,2,0,1,1.0,5,1,159.7826526688889,1,1,4999.0,4999.0,0
8,2026-04-14,1,2,1,0,,4,1,428.71949089277774,2,1,11999.0,0.0,0
9,2026-04-14,2,4,1,0,,7,2,58.38842535777778,2,1,11284.714285714286,0.0,0
12,2026-04-14,2,6,0,0,,8,2,288.62556262333334,2,2,5999.0,0.0,0
13,2026-04-14,2,4,2,0,,8,2,124.66690642055556,2,2,7749.0,0.0,0
14,2026-04-14,1,3,0,0,,4,1,469.828117165,1,1,4999.0,0.0,0
15,2026-04-14,1,2,0,1,1.0,5,1,537.2736462016667,2,2,6599.0,4999.0,0
18,2026-04-14,1,2,0,0,,3,1,95.39598391805555,1,1,12999.0,0.0,0
19,2026-04-14,1,1,1,0,,3,1,514.8053342855555,1,1,8999.0,0.0,0
20,2026-04-14,1,2,1,0,,4,1,621.4714609961111,2,2,11499.0,0.0,0
21,2026-04-14,1,2,0,0,,3,1,375.6798929652778,2,1,10332.333333333334,0.0,0
22,2026-04-14,1,1,1,1,1.0,5,1,511.67814157972225,1,1,8999.0,8999.0,0
23,2026-04-14,2,3,1,0,,6,2,225.18591041944447,2,2,5332.333333333333,0.0,0
24,2026-04-14,1,3,0,0,,4,1,514.062953125,2,1,10999.0,0.0,0
25,2026-04-14,1,2,0,0,,3,1,229.2870748402778,1,1,6999.0,0.0,0
26,2026-04-14,1,1,1,0,,3,1,274.0937715086111,1,1,4999.0,0.0,0
27,2026-04-14,3,4,0,0,,7,3,0.11476415305555557,3,3,8141.857142857143,0.0,0
30,2026-04-14,3,5,1,0,,9,3,114.3983376475,2,2,6554.555555555556,0.0,0
31,2026-04-14,4,7,2,3,,16,4,276.34187277694446,3,2,10124.0,10332.333333333334,0
32,2026-04-14,1,2,1,0,,4,1,141.11149674027777,2,2,7499.0,0.0,0
33,2026-04-14,2,2,2,1,,7,2,135.62185093638888,2,2,7856.142857142857,6999.0,0
34,2026-04-14,2,2,1,0,,5,2,47.488133526388886,2,2,6199.0,0.0,0
35,2026-04-14,1,3,1,0,,5,1,501.4392278016667,2,2,6599.0,0.0,0
36,2026-04-14,2,6,1,1,,10,2,201.03668182944446,3,3,7399.0,6999.0,0
37,2026-04-14,1,1,1,0,,3,1,436.9738704619444,1,1,4999.0,0.0,0
38,2026-04-14,1,3,1,0,,5,1,11.997395955277778,2,1,12199.0,0.0,0
39,2026-04-14,1,3,1,0,,5,1,208.92037122722223,1,1,4999.0,0.0,0
41,2026-04-14,2,5,0,0,,7,2,58.529662488611116,2,2,8713.285714285714,0.0,0
43,2026-04-14,1,3,0,0,,4,1,496.3148013136111,3,2,9499.0,0.0,0
44,2026-04-14,2,5,0,0,,7,2,185.6800212583333,1,1,4999.0,0.0,0
45,2026-04-14,1,1,0,0,,2,1,626.8900016377778,1,1,8999.0,0.0,0
46,2026-04-14,1,3,0,0,,4,1,544.4744338163889,2,2,10999.0,0.0,0
47,2026-04-14,2,5,0,0,,7,2,140.05242932055558,1,1,6999.0,0.0,0
48,2026-04-14,1,2,0,0,,3,1,97.31550761222222,1,1,4999.0,0.0,0
49,2026-04-14,2,6,2,0,,10,2,50.65056424694445,1,1,4999.0,0.0,0
50,2026-04-14,1,1,0,0,,2,1,482.62239678472224,1,1,6999.0,0.0,0
51,2026-04-14,1,3,0,0,,4,1,217.7206781622222,2,1,10999.0,0.0,0
52,2026-04-14,1,3,1,1,,6,1,148.63657192583335,2,1,10332.333333333334,8999.0,0
53,2026-04-14,3,7,0,0,,10,3,70.4237247725,2,2,5399.0,0.0,0
55,2026-04-14,1,3,0,0,,4,1,62.32435295416666,1,1,4999.0,0.0,0
56,2026-04-14,3,5,0,0,,8,3,468.81877092194446,2,2,5999.0,0.0,0
58,2026-04-14,1,3,1,0,,5,1,188.63269970805555,1,1,4999.0,0.0,0
60,2026-04-14,1,3,0,1,,5,1,294.3372192911111,1,1,4999.0,4999.0,0
61,2026-04-14,1,1,0,0,,2,1,221.01926669611112,1,1,8999.0,0.0,0
64,2026-04-14,1,2,0,1,,4,1,358.7712851522222,1,1,4999.0,4999.0,0
65,2026-04-14,1,3,0,0,,4,1,146.29708541083335,2,2,7499.0,0.0,0
66,2026-04-14,2,4,1,1,,8,2,5.933304533333334,2,2,8499.0,6999.0,0
67,2026-04-14,1,3,1,0,,5,1,156.8899041541667,1,1,12999.0,0.0,0
68,2026-04-14,1,1,0,0,,2,1,108.91459814972221,1,1,8999.0,0.0,0
70,2026-04-14,1,2,0,0,,3,1,150.0531762447222,1,1,6999.0,0.0,0
71,2026-04-14,2,4,1,2,2.0,11,1,480.8497901122222,1,1,6999.0,6999.0,0
72,2026-04-14,1,2,0,0,,3,1,541.39508661,2,2,10332.333333333334,0.0,0
73,2026-04-14,1,1,0,0,,2,1,454.2964157888889,1,1,4999.0,0.0,0
74,2026-04-14,1,2,0,0,,3,1,61.62260689888889,2,2,5665.666666666667,0.0,0
75,2026-04-14,4,9,4,1,,18,4,227.56660673444443,4,3,8665.666666666666,8999.0,0
76,2026-04-14,1,1,0,0,,2,1,105.03849798972222,1,1,4999.0,0.0,0
77,2026-04-14,2,5,1,0,,8,2,543.8695948261111,2,2,7749.0,0.0,0
78,2026-04-14,1,2,0,0,,3,1,622.4339668372222,1,1,4999.0,0.0,0
79,2026-04-14,2,3,1,0,,6,2,319.48798667611106,1,1,6999.0,0.0,0
80,2026-04-14,2,5,2,0,,9,2,233.91020473833336,2,2,7665.666666666667,0.0,0
82,2026-04-14,4,8,3,1,,16,4,319.76775501555557,3,2,11624.0,12999.0,0
83,2026-04-14,1,3,0,0,,4,1,43.8245905125,2,1,9999.0,0.0,0
84,2026-04-14,1,2,0,0,,3,1,25.128811370833336,1,1,4999.0,0.0,0
86,2026-04-14,4,8,2,0,,14,4,319.2000517908333,2,2,5570.428571428572,0.0,0
87,2026-04-14,2,6,0,0,,8,2,261.2087282661111,1,1,6999.0,0.0,0
89,2026-04-14,1,1,0,0,,2,1,513.2630514444445,1,1,4999.0,0.0,0
92,2026-04-14,1,2,0,0,,3,1,297.1367275438889,1,1,8999.0,0.0,0
93,2026-04-14,3,7,0,3,2.0,15,3,257.8246448616667,2,2,8599.0,8999.0,0
95,2026-04-14,2,3,1,0,,6,2,448.177038645,2,2,5665.666666666667,0.0,0
97,2026-04-14,1,1,0,0,,2,1,608.5619432161111,1,1,8999.0,0.0,0
98,2026-04-14,1,2,0,0,,3,1,284.97469563694443,1,1,6999.0,0.0,0
99,2026-04-14,1,3,1,0,,5,1,323.3740384741667,1,1,6999.0,0.0,0
101,2026-04-14,2,3,2,2,,9,2,315.76113065305555,2,1,11221.222222222223,10999.0,0
102,2026-04-14,2,3,2,2,1.0,10,2,56.55325873888889,2,2,5399.0,4999.0,0
103,2026-04-14,3,4,0,0,,7,3,108.86342889333334,1,1,8999.0,0.0,0
104,2026-04-14,2,5,0,0,,7,2,502.1187091283333,2,2,7570.428571428572,0.0,0
105,2026-04-14,2,6,1,1,,10,2,34.43994912111111,2,1,11799.0,12999.0,0
106,2026-04-14,1,1,0,0,,2,1,119.50187987222222,1,1,6999.0,0.0,0
107,2026-04-14,1,3,0,0,,4,1,340.66709729,2,2,6499.0,0.0,0
108,2026-04-14,2,4,0,0,,6,2,94.67016236527778,2,1,10999.0,0.0,0
110,2026-04-14,1,1,0,0,,2,1,105.40936986888889,1,1,4999.0,0.0,0
111,2026-04-14,1,1,1,0,,3,1,326.81640528805553,1,1,6999.0,0.0,0
112,2026-04-14,2,4,1,0,,7,2,428.31495078694445,1,1,4999.0,0.0,0
113,2026-04-14,1,2,0,1,1.0,5,1,556.1855429166667,1,1,8999.0,8999.0,0
114,2026-04-14,2,4,0,0,,6,2,218.0809400422222,2,1,10999.0,0.0,0
116,2026-04-14,2,3,0,0,,5,2,45.92532940277778,1,1,6999.0,0.0,0
118,2026-04-14,2,4,1,1,,8,2,230.5252987075,2,2,5999.0,4999.0,0
119,2026-04-14,1,1,0,0,,2,1,196.3394245227778,1,1,12999.0,0.0,0
120,2026-04-14,2,4,0,0,,6,2,14.072524589722223,3,2,8665.666666666666,0.0,0
121,2026-04-14,2,4,0,0,,6,1,156.33664268694443,2,2,6332.333333333333,0.0,0
123,2026-04-14,2,5,1,0,,8,2,126.01723109805556,1,1,6999.0,0.0,0
124,2026-04-14,1,2,0,0,,3,1,491.11726689833336,1,1,6999.0,0.0,0
125,2026-04-14,2,3,1,1,,7,2,126.91427714083333,1,1,6999.0,6999.0,0
126,2026-04-14,2,3,1,0,,6,2,153.80333949416666,2,2,5999.0,0.0,0
128,2026-04-14,3,4,1,1,,9,3,56.131210619166666,2,1,12110.111111111111,12999.0,0
129,2026-04-14,3,6,2,0,,11,3,203.42695636833332,2,2,8089.909090909091,0.0,0
130,2026-04-14,1,2,0,0,,3,1,467.0927870216667,2,2,10332.333333333334,0.0,0
133,2026-04-14,1,2,1,1,,5,1,393.0634476361111,2,2,5399.0,4999.0,0
135,2026-04-14,1,1,1,0,,3,1,342.67468384833336,1,1,12999.0,0.0,0
136,2026-04-14,1,2,1,0,,4,1,306.6362357986111,1,1,4999.0,0.0,0
137,2026-04-14,1,2,0,1,,4,1,442.26104536555556,1,1,4999.0,4999.0,1
138,2026-04-14,1,3,0,0,,4,1,97.57821619722222,2,2,5999.0,0.0,0
139,2026-04-14,2,5,0,0,,7,2,495.04832298916665,1,1,6999.0,0.0,0
140,2026-04-14,1,1,0,0,,2,1,564.1515270388888,1,1,4999.0,0.0,0
141,2026-04-14,3,5,0,0,,8,2,101.47747895277777,2,2,6749.0,0.0,0
142,2026-04-14,3,6,1,3,2.0,15,3,1.6579968841666666,2,2,7132.333333333333,6999.0,1
144,2026-04-14,2,3,1,1,1.0,8,2,96.07474395916667,2,2,6249.0,6999.0,0
145,2026-04-14,3,4,2,1,,10,3,1.4599026202777776,2,1,10199.0,8999.0,0
146,2026-04-14,1,1,1,1,1.0,5,1,549.8451579805555,1,1,4999.0,4999.0,1
148,2026-04-14,1,2,0,0,,3,2,95.95577783444445,1,1,4999.0,0.0,0
151,2026-04-14,1,3,0,0,,4,1,329.60378011250003,2,1,11999.0,0.0,0
152,2026-04-14,1,2,0,0,,3,1,408.6706294788889,2,2,6332.333333333333,0.0,0
153,2026-04-14,2,5,0,0,,7,2,45.22817803222222,2,1,10713.285714285714,0.0,0
154,2026-04-14,1,2,1,0,,4,1,613.9780188938888,1,1,6999.0,0.0,0
155,2026-04-14,2,2,0,0,,4,2,369.23662178722225,2,2,5999.0,0.0,0
156,2026-04-14,1,1,1,1,,4,1,241.48226057416665,1,1,6999.0,6999.0,0
157,2026-04-14,2,2,1,2,2.0,9,2,117.656026255,2,2,5887.888888888889,5999.0,1
158,2026-04-14,1,3,1,0,,5,1,201.6287223825,1,1,12999.0,0.0,0
161,2026-04-14,1,1,0,0,,2,1,402.7385661025,1,1,4999.0,0.0,0
163,2026-04-14,1,2,0,0,,3,1,447.16115890472224,1,1,8999.0,0.0,0
164,2026-04-14,2,4,1,2,2.0,11,1,398.8229256858333,1,1,6999.0,6999.0,1
166,2026-04-14,2,5,1,2,2.0,12,2,346.75576988,2,2,7165.666666666667,6999.0,1
168,2026-04-14,2,5,2,2,1.0,12,2,38.25610141138889,1,1,4999.0,4999.0,0
169,2026-04-14,2,3,0,0,,5,2,209.6580606883333,1,1,8999.0,0.0,0
170,2026-04-14,2,5,0,0,,7,2,302.82061364472224,2,1,11284.714285714286,0.0,0
171,2026-04-14,1,3,1,0,,5,1,187.8577295325,2,2,7399.0,0.0,0
172,2026-04-14,1,3,0,0,,4,1,13.189286023055557,2,2,7499.0,0.0,0
173,2026-04-14,1,3,0,0,,4,1,185.29498671666667,2,2,8499.0,0.0,0
175,2026-04-14,4,9,1,0,,14,4,150.72750591138887,3,2,10427.57142857143,0.0,0
177,2026-04-14,3,6,1,0,,10,3,113.51856776305556,1,1,4999.0,0.0,0
178,2026-04-14,2,2,0,0,,4,2,1.8005178808333333,2,2,8999.0,0.0,0
180,2026-04-14,2,4,0,0,,6,3,68.22817755972223,1,1,4999.0,0.0,0
181,2026-04-14,2,4,0,0,,6,2,36.39310632,3,2,6999.0,0.0,0
183,2026-04-14,1,2,0,0,,3,1,225.46674893361111,1,1,4999.0,0.0,0
184,2026-04-14,1,1,0,0,,2,1,614.4355358975,1,1,4999.0,0.0,0
185,2026-04-14,2,3,0,0,,5,2,13.337200885555555,2,1,10599.0,0.0,0
186,2026-04-14,1,1,1,0,,3,1,639.1170364477778,1,1,6999.0,0.0,0
187,2026-04-14,1,3,1,0,,5,1,150.53320084555557,1,1,4999.0,0.0,0
190,2026-04-14,1,2,0,0,,3,1,339.20949387666667,2,2,7665.666666666667,0.0,0
191,2026-04-14,1,3,0,0,,4,1,369.16561758694445,1,1,6999.0,0.0,0
193,2026-04-14,2,4,1,0,,7,1,600.6287312616666,3,2,8999.0,0.0,0
195,2026-04-14,3,6,1,0,,10,2,294.0426233788889,1,1,4999.0,0.0,0
196,2026-04-14,1,1,1,0,,3,1,460.5170578788889,1,1,6999.0,0.0,0
197,2026-04-14,2,4,1,0,,7,2,285.7648365888889,2,1,10141.857142857143,0.0,0
198,2026-04-14,1,2,1,0,,4,1,12.096483118055556,2,1,11999.0,0.0,0
199,2026-04-14,2,5,1,1,,9,2,269.41785031694445,3,2,8332.333333333334,6999.0,0
200,2026-04-14,1,3,0,1,1.0,6,1,304.5130588922222,1,1,6999.0,6999.0,0
201,2026-04-14,1,2,1,0,,4,1,362.69033924388884,2,2,8499.0,0.0,0
202,2026-04-14,2,5,1,0,,8,2,79.24457172472222,2,1,11499.0,0.0,0
204,2026-04-14,1,2,1,1,,5,1,313.8050033375,1,1,6999.0,6999.0,0
206,2026-04-14,2,3,2,1,1.0,9,1,620.4902646069445,1,1,6999.0,6999.0,0
207,2026-04-14,1,2,0,0,,3,1,377.62172837777774,1,1,8999.0,0.0,0
208,2026-04-14,2,2,0,0,,4,2,6.5838113866666665,2,1,10999.0,0.0,0
209,2026-04-14,1,1,1,0,,3,1,164.49178221111111,1,1,4999.0,0.0,0
210,2026-04-14,1,3,0,0,,4,1,94.54055603861111,3,3,9499.0,0.0,0
211,2026-04-14,1,3,1,0,,5,1,188.849612315,2,1,9799.0,0.0,0
212,2026-04-14,3,7,1,0,,11,3,388.50469021972225,2,1,10817.181818181818,0.0,0
213,2026-04-14,1,2,0,0,,3,1,366.9092027797222,1,1,8999.0,0.0,0
215,2026-04-14,1,2,0,0,,3,1,384.6151201877778,2,1,10332.333333333334,0.0,0
216,2026-04-14,2,5,0,2,1.0,10,2,368.849097885,2,2,7599.0,7999.0,0
219,2026-04-14,2,2,0,0,,4,2,15.23757022138889,2,1,10999.0,0.0,0
220,2026-04-14,1,3,0,0,,4,1,600.0213015405556,2,1,10999.0,0.0,0
221,2026-04-14,2,4,2,1,1.0,10,2,155.88089910416667,3,2,8199.0,8999.0,0
222,2026-04-14,2,4,0,0,,6,2,42.88984918972222,1,1,6999.0,0.0,0
223,2026-04-14,4,6,2,2,,14,4,26.160356662777776,2,2,7141.857142857143,6999.0,0
224,2026-04-14,3,7,1,3,3.0,17,3,40.49186633527778,2,2,7116.64705882353,6999.0,0
226,2026-04-14,1,1,0,0,,2,1,241.96447520194445,1,1,8999.0,0.0,0
227,2026-04-14,3,5,3,0,,11,3,18.349844273333332,2,2,6089.909090909091,0.0,0
228,2026-04-14,2,4,1,1,,8,2,349.38159979305556,2,2,7249.0,6999.0,0
229,2026-04-14,1,1,0,0,,2,1,156.64266028666665,1,1,12999.0,0.0,0
230,2026-04-14,3,7,1,0,,11,3,101.71782590361111,2,2,6453.545454545455,0.0,0
231,2026-04-14,3,4,1,0,,8,3,268.9560401244444,3,3,6999.0,0.0,0
234,2026-04-14,2,4,1,0,,7,2,252.04702109222222,3,2,8141.857142857143,0.0,0
235,2026-04-14,1,3,0,1,,5,1,366.9120068097222,2,1,12199.0,12999.0,0
237,2026-04-14,2,4,1,0,,7,2,549.7172750905556,1,1,4999.0,0.0,0
239,2026-04-14,2,4,1,0,,7,2,93.30860170555555,2,1,11284.714285714286,0.0,0
240,2026-04-14,2,5,2,1,1.0,11,3,190.3095947786111,3,3,5726.272727272727,4999.0,0
241,2026-04-14,1,2,1,0,,4,1,81.70425909972222,1,1,4999.0,0.0,0
242,2026-04-14,2,6,1,1,,10,2,203.50784810694446,2,2,6799.0,6999.0,0
243,2026-04-14,3,3,1,0,,7,3,558.4770194575,2,2,8427.57142857143,0.0,0
244,2026-04-14,1,1,0,0,,2,1,289.5674159038889,1,1,12999.0,0.0,0
246,2026-04-14,1,1,0,0,,2,1,262.29688577527776,1,1,4999.0,0.0,0
247,2026-04-14,1,1,0,0,,2,1,393.58691526583334,1,1,12999.0,0.0,0
248,2026-04-14,1,3,1,0,,5,2,623.7571948522221,2,1,9799.0,0.0,0
252,2026-04-14,2,4,0,0,,6,2,414.7951717677778,2,2,7665.666666666667,0.0,0
256,2026-04-14,1,2,1,0,,4,1,72.14115186972222,1,1,4999.0,0.0,0
257,2026-04-14,1,3,1,0,,5,2,167.64999201027777,1,1,12999.0,0.0,0
258,2026-04-14,3,5,0,0,,8,3,406.93630936805556,1,1,6999.0,0.0,0
259,2026-04-14,2,3,1,2,1.0,9,2,61.2134639725,2,2,7887.888888888889,7999.0,1
260,2026-04-14,2,3,0,0,,5,2,83.38468923583333,1,1,8999.0,0.0,0
261,2026-04-14,3,5,1,0,,9,3,144.6668389811111,2,1,10332.333333333334,0.0,0
263,2026-04-14,3,8,1,0,,12,3,274.32396769583335,1,1,6999.0,0.0,0
266,2026-04-14,1,1,0,0,,2,1,216.07311607999998,1,1,6999.0,0.0,0
267,2026-04-14,2,6,0,0,,8,2,188.789570015,1,1,4999.0,0.0,0
268,2026-04-14,3,7,0,3,2.0,15,2,364.63726739583336,3,3,6599.0,6332.333333333333,0
269,2026-04-14,1,1,1,0,,3,1,371.9345605108333,1,1,12999.0,0.0,0
270,2026-04-14,1,3,0,0,,4,1,109.44376077083334,2,2,5999.0,0.0,0
271,2026-04-14,1,1,0,0,,2,1,238.14084215055556,1,1,6999.0,0.0,0
272,2026-04-14,3,6,1,1,,11,3,109.32527629694444,1,1,4999.0,4999.0,0
275,2026-04-14,2,2,1,0,,5,2,130.7899858425,2,2,9799.0,0.0,0
276,2026-04-14,4,8,1,0,,13,4,67.54670726222223,3,2,7768.2307692307695,0.0,0
277,2026-04-14,1,1,0,0,,2,1,17.92873059,1,1,4999.0,0.0,0
278,2026-04-14,1,1,0,0,,2,1,148.73149411555553,1,1,6999.0,0.0,0
279,2026-04-14,1,3,0,0,,4,1,378.1818353125,2,1,10999.0,0.0,0
280,2026-04-14,4,11,3,0,,18,3,6.359016783333333,4,3,5999.0,0.0,0
281,2026-04-14,1,3,1,0,,5,1,586.599167978611,1,1,8999.0,0.0,0
282,2026-04-14,1,3,1,0,,5,1,567.73125987,2,1,12199.0,0.0,0
283,2026-04-14,2,3,1,2,1.0,9,2,35.028768454722226,1,1,6999.0,6999.0,0
284,2026-04-14,1,2,1,0,,4,1,140.3380359475,1,1,4999.0,0.0,0
285,2026-04-14,3,3,2,3,2.0,13,3,208.78480551777776,3,2,8999.0,8999.0,0
286,2026-04-14,1,1,0,0,,2,1,560.4343023769444,1,1,6999.0,0.0,0
288,2026-04-14,3,5,0,3,3.0,14,3,272.1076565588889,2,1,10713.285714285714,10332.333333333334,0
289,2026-04-14,1,1,0,0,,2,1,94.36424569805556,1,1,6999.0,0.0,0
290,2026-04-14,1,2,0,0,,3,1,478.3978211425,2,2,10999.0,0.0,0
291,2026-04-14,2,4,0,0,,6,2,345.9583265036111,3,2,9665.666666666666,0.0,0
294,2026-04-14,2,4,0,0,,6,2,79.30244729527779,2,2,6665.666666666667,0.0,0
295,2026-04-14,2,4,0,0,,6,2,519.6752035925,2,1,10999.0,0.0,0
296,2026-04-14,2,6,0,0,,8,2,362.8074403519445,2,2,5499.0,0.0,0
297,2026-04-14,1,2,0,0,,3,1,17.533806635277777,1,1,12999.0,0.0,0
298,2026-04-14,1,3,0,0,,4,1,80.77713983166667,1,1,6999.0,0.0,0
299,2026-04-14,1,1,1,1,,4,1,438.0869219616667,1,1,6999.0,6999.0,1
300,2026-04-14,2,5,0,0,,7,2,154.84387325361112,2,2,7284.714285714285,0.0,0
304,2026-04-14,3,4,1,0,,8,3,325.43627424,2,2,5249.0,0.0,0
306,2026-04-14,1,1,0,0,,2,1,196.61546505583334,1,1,4999.0,0.0,0
307,2026-04-14,1,1,0,0,,2,1,396.7062187952778,1,1,8999.0,0.0,0
308,2026-04-14,2,4,0,0,,6,2,509.2123396966667,2,2,7665.666666666667,0.0,0
309,2026-04-14,1,3,1,0,,5,1,136.46824088166667,2,2,8199.0,0.0,0
310,2026-04-14,1,2,1,1,1.0,6,1,193.00017334555557,2,2,7999.0,6999.0,0
311,2026-04-14,1,3,1,0,,5,1,617.8975361575,1,1,4999.0,0.0,0
312,2026-04-14,1,3,0,0,,4,1,336.4167534522222,2,2,6999.0,0.0,0
313,2026-04-14,6,13,3,1,,23,6,230.76764667694445,3,2,5520.739130434783,4999.0,0
314,2026-04-14,2,5,0,0,,7,2,47.082071676666665,1,1,4999.0,0.0,0
315,2026-04-14,1,3,0,0,,4,2,239.8894718863889,1,1,6999.0,0.0,0
316,2026-04-14,1,3,0,0,,4,1,60.46087649472222,2,1,11999.0,0.0,0
317,2026-04-14,1,1,0,1,1.0,4,1,65.88746793416666,1,1,12999.0,12999.0,0
318,2026-04-14,2,3,0,0,,5,2,175.04540835027777,1,1,6999.0,0.0,0
319,2026-04-14,3,9,2,0,,14,4,59.71039805583333,2,2,7427.571428571428,0.0,0
320,2026-04-14,2,3,0,2,1.0,8,2,163.58630082638888,1,1,4999.0,4999.0,0
321,2026-04-14,1,2,0,0,,3,1,361.9473009497222,1,1,4999.0,0.0,0
323,2026-04-14,3,3,1,3,1.0,11,3,270.12308339972225,2,2,9180.818181818182,8999.0,0
325,2026-04-14,2,4,0,0,,6,2,46.65965860611111,2,2,5332.333333333333,0.0,0
327,2026-04-14,1,2,0,1,,4,1,548.4432595833333,1,1,4999.0,4999.0,0
329,2026-04-14,1,1,0,0,,2,1,510.9670864497222,1,1,6999.0,0.0,0
332,2026-04-14,1,2,1,0,,4,1,433.40293064527776,1,1,4999.0,0.0,0
333,2026-04-14,1,1,1,1,,4,1,24.281705394722223,1,1,12999.0,12999.0,0
334,2026-04-14,2,5,0,0,,7,2,244.62982292027777,2,2,7284.714285714285,0.0,0
335,2026-04-14,2,5,0,0,,7,2,116.91462984666667,1,1,6999.0,0.0,0
336,2026-04-14,1,3,0,0,,4,1,245.76919325694445,1,1,6999.0,0.0,0
337,2026-04-14,2,4,1,0,,7,2,205.78236723111112,2,2,6713.285714285715,0.0,0
338,2026-04-14,2,5,0,0,,7,2,490.1657713869444,1,1,6999.0,0.0,0
340,2026-04-14,2,3,1,1,,7,2,428.21420996222224,1,1,4999.0,4999.0,0
344,2026-04-14,1,3,1,0,,5,1,205.6072897975,2,1,9799.0,0.0,0
345,2026-04-14,2,5,1,1,1.0,10,2,69.52397110666666,1,1,4999.0,4999.0,0
346,2026-04-14,1,1,0,1,,3,1,169.18431417444447,1,1,12999.0,12999.0,0
347,2026-04-14,1,3,0,0,,4,1,615.8907722575,1,1,4999.0,0.0,0
349,2026-04-14,1,1,0,0,,2,1,229.03474676027778,1,1,8999.0,0.0,0
354,2026-04-14,1,1,1,0,,3,1,0.7254141180555556,1,1,8999.0,0.0,0
356,2026-04-14,2,5,0,0,,7,2,148.65475459694446,2,2,7856.142857142857,0.0,0
357,2026-04-14,1,3,0,0,,4,1,358.7332906480556,2,2,10999.0,0.0,0
358,2026-04-14,2,3,2,0,,7,2,567.5357459208333,2,2,5570.428571428572,0.0,0
359,2026-04-14,2,6,1,2,1.0,12,2,324.4999517347222,2,2,5665.666666666667,4999.0,1
360,2026-04-14,2,4,1,2,1.0,10,2,565.1731203261111,2,1,10599.0,10999.0,0
361,2026-04-14,1,2,1,1,,5,1,565.956706085,2,1,12199.0,12999.0,1
362,2026-04-14,2,5,1,1,,9,2,434.62757348499997,2,2,7665.666666666667,6999.0,0
363,2026-04-14,2,4,1,2,1.0,10,2,307.5228662633333,1,1,4999.0,4999.0,0
364,2026-04-14,2,3,0,0,,5,2,91.23064280694445,2,2,5799.0,0.0,0
365,2026-04-14,3,6,0,0,,9,3,6.878272659166667,2,1,11665.666666666666,0.0,0
366,2026-04-14,1,2,1,0,,4,1,199.36599081083332,2,2,6499.0,0.0,0
368,2026-04-14,1,2,0,0,,3,1,62.553140515,2,1,10332.333333333334,0.0,0
369,2026-04-14,1,3,1,1,,6,1,47.43391259388889,2,2,7332.333333333333,6999.0,0
370,2026-04-14,1,3,1,0,,5,1,586.0119975130555,1,1,4999.0,0.0,0
371,2026-04-14,2,5,1,0,,8,2,333.58217317944445,3,2,8999.0,0.0,0
372,2026-04-14,2,4,1,2,2.0,11,2,93.36701959916667,1,1,4999.0,4999.0,0
373,2026-04-14,2,4,0,0,,6,2,403.5638231052778,2,2,7999.0,0.0,0
374,2026-04-14,1,2,0,0,,3,1,142.57688941416666,2,1,10332.333333333334,0.0,0
375,2026-04-14,1,1,0,0,,2,1,90.03411677555556,1,1,8999.0,0.0,0
376,2026-04-14,2,6,1,0,,9,2,405.6566279305556,2,2,5443.444444444444,0.0,0
377,2026-04-14,1,2,1,1,1.0,6,2,47.50494964833333,1,1,6999.0,6999.0,1
378,2026-04-14,3,7,0,0,,10,3,107.0649569511111,2,2,5799.0,0.0,0
380,2026-04-14,2,5,2,2,2.0,13,2,310.30472151388886,1,1,4999.0,4999.0,1
381,2026-04-14,1,3,0,0,,4,1,259.80007784305553,2,2,6499.0,0.0,0
383,2026-04-14,1,1,0,0,,2,1,87.3891618375,1,1,12999.0,0.0,0
385,2026-04-14,2,2,0,0,,4,2,63.01060394555556,2,2,7999.0,0.0,0
386,2026-04-14,2,2,0,0,,4,2,104.5818812538889,1,1,12999.0,0.0,0
387,2026-04-14,1,2,0,1,,4,1,255.5891227236111,2,1,11999.0,12999.0,0
388,2026-04-14,2,4,2,0,,8,2,62.379201875,3,2,9499.0,0.0,0
389,2026-04-14,4,9,1,1,,15,2,414.19538993333333,2,2,7132.333333333333,6999.0,0
390,2026-04-14,1,2,1,0,,4,1,204.18776100333335,1,1,12999.0,0.0,0
391,2026-04-14,1,1,0,0,,2,1,612.9410936541666,1,1,8999.0,0.0,0
392,2026-04-14,1,2,0,0,,3,1,507.91531112083334,2,2,8332.333333333334,0.0,0
393,2026-04-14,2,4,1,0,,7,2,150.0400517336111,3,2,10427.57142857143,0.0,0
394,2026-04-14,2,3,0,0,,5,2,74.134384175,1,1,6999.0,0.0,0
396,2026-04-14,1,2,1,0,,4,1,387.4076040791667,1,1,4999.0,0.0,0
397,2026-04-14,2,3,1,0,,6,2,5.797895664166667,1,1,4999.0,0.0,0
398,2026-04-14,1,1,1,1,,4,1,329.34676110944446,1,1,12999.0,12999.0,0
399,2026-04-14,1,2,0,0,,3,1,551.0900293008333,1,1,6999.0,0.0,0
400,2026-04-14,1,2,0,0,,3,1,401.6891738641667,1,1,4999.0,0.0,0
402,2026-04-14,1,3,1,1,,6,1,576.4652236902778,2,1,9665.666666666666,8999.0,0
403,2026-04-14,1,2,0,0,,3,1,325.6010723280555,1,1,6999.0,0.0,0
404,2026-04-14,2,4,2,2,2.0,12,2,58.33009764444444,1,1,6999.0,6999.0,0
405,2026-04-14,1,1,0,1,1.0,4,1,6.813651410555556,1,1,6999.0,6999.0,0
406,2026-04-14,2,4,0,0,,6,2,585.3419894344445,1,1,6999.0,0.0,0
407,2026-04-14,1,1,0,0,,2,1,100.42996214222222,1,1,8999.0,0.0,0
409,2026-04-14,3,6,1,1,,11,2,200.2794848486111,3,2,9544.454545454546,8999.0,0
410,2026-04-14,1,2,0,0,,3,1,230.89128221916664,2,2,6332.333333333333,0.0,0
412,2026-04-14,1,3,0,0,,4,1,456.87281992,3,3,7499.0,0.0,0
415,2026-04-14,2,4,0,0,,6,2,144.37643107444444,2,2,6332.333333333333,0.0,0
417,2026-04-14,2,4,0,0,,6,3,71.81053973472223,3,3,7332.333333333333,0.0,0
419,2026-04-14,2,3,2,0,,7,2,250.32498271305556,2,1,9570.42857142857,0.0,0
420,2026-04-14,1,1,0,0,,2,1,616.9908643586111,1,1,8999.0,0.0,0
421,2026-04-14,1,2,0,0,,3,1,373.36934500527775,1,1,4999.0,0.0,0
424,2026-04-14,2,3,1,0,,6,2,23.65289700916667,2,2,6332.333333333333,0.0,0
425,2026-04-14,1,3,0,0,,4,1,385.1615176769444,2,2,5999.0,0.0,0
426,2026-04-14,1,1,1,1,1.0,5,1,71.20912668916667,1,1,6999.0,6999.0,0
427,2026-04-14,2,3,1,0,,6,2,64.67909864222223,1,1,4999.0,0.0,0
428,2026-04-14,2,4,0,2,,8,2,310.5957004733333,2,1,11499.0,10999.0,0
429,2026-04-14,3,6,2,0,,11,2,266.2132012825,2,1,11544.454545454546,0.0,0
430,2026-04-14,2,6,0,0,,8,2,223.9754077188889,2,1,10999.0,0.0,0
432,2026-04-14,1,2,1,0,,4,1,558.8551995125,1,1,8999.0,0.0,0
435,2026-04-14,1,3,0,0,,4,1,288.21334891944446,2,2,8999.0,0.0,0
436,2026-04-14,2,5,0,0,,7,2,194.71893615527776,1,1,6999.0,0.0,0
437,2026-04-14,1,1,0,0,,2,1,531.5137685625,1,1,4999.0,0.0,1
438,2026-04-14,1,2,1,0,,4,1,82.9007646675,1,1,6999.0,0.0,0
439,2026-04-14,2,3,0,0,,5,2,40.70902830944444,2,2,5799.0,0.0,0
440,2026-04-14,3,9,3,3,2.0,20,3,190.80862838166667,1,1,6999.0,6999.0,0
441,2026-04-14,3,7,1,0,,11,3,282.0422249172222,2,2,6453.545454545455,0.0,0
442,2026-04-14,1,2,0,0,,3,1,447.7483425825,1,1,4999.0,0.0,0
443,2026-04-14,1,3,0,0,,4,1,481.05814672694447,3,2,9499.0,0.0,0
444,2026-04-14,1,3,0,0,,4,1,535.1187574927778,1,1,4999.0,0.0,0
445,2026-04-14,3,6,1,3,3.0,16,4,119.70558307083333,3,3,7124.0,7665.666666666667,0
446,2026-04-14,3,7,2,1,,13,3,173.8793074875,3,2,10845.153846153846,12999.0,0
448,2026-04-14,1,2,0,0,,3,1,97.04877574333332,1,1,8999.0,0.0,0
449,2026-04-14,2,3,0,2,1.0,8,2,167.42650401777777,1,1,4999.0,4999.0,1
450,2026-04-14,1,2,0,0,,3,1,98.77107761222223,1,1,4999.0,0.0,0
451,2026-04-14,2,2,0,0,,4,2,403.241971935,1,1,6999.0,0.0,0
455,2026-04-14,1,2,1,0,,4,1,330.3918940961111,1,1,6999.0,0.0,0
456,2026-04-14,3,3,1,1,,8,3,57.29695735916667,1,1,4999.0,4999.0,0
457,2026-04-14,1,3,0,0,,4,1,94.05040046972222,1,1,6999.0,0.0,0
459,2026-04-14,1,2,0,0,,3,1,170.64132088277776,2,2,6332.333333333333,0.0,0
460,2026-04-14,1,2,0,0,,3,1,540.0818560291667,2,1,10332.333333333334,0.0,0
461,2026-04-14,1,1,0,0,,2,1,187.17622653527778,1,1,4999.0,0.0,0
462,2026-04-14,2,4,0,0,,6,2,476.8840017052778,1,1,6999.0,0.0,0
463,2026-04-14,1,1,0,0,,2,1,86.7899254575,1,1,12999.0,0.0,0
464,2026-04-14,1,2,0,0,,3,1,396.8550773058333,1,1,6999.0,0.0,0
466,2026-04-14,2,4,1,0,,7,2,465.76491678166667,2,2,5570.428571428572,0.0,0
467,2026-04-14,1,1,0,0,,2,2,311.9262545863889,1,1,6999.0,0.0,0
468,2026-04-14,1,3,0,0,,4,1,173.3702964583333,2,1,9999.0,0.0,0
470,2026-04-14,2,5,1,2,,10,2,46.55535040138889,2,2,9999.0,9999.0,0
472,2026-04-14,1,1,0,0,,2,1,315.63956784694443,1,1,6999.0,0.0,0
473,2026-04-14,1,1,0,0,,2,1,342.53386573861115,1,1,6999.0,0.0,0
476,2026-04-14,1,3,0,0,,4,1,501.7181844427778,2,2,8499.0,0.0,0
478,2026-04-14,3,7,0,0,,10,3,51.89532847472223,3,3,7799.0,0.0,0
479,2026-04-14,2,3,0,0,,5,2,111.96348724722222,2,1,10599.0,0.0,0
480,2026-04-14,3,7,1,0,,11,3,67.75749070194445,1,1,4999.0,0.0,0
481,2026-04-14,1,2,0,0,,3,1,233.9690425913889,1,1,4999.0,0.0,0
482,2026-04-14,1,1,0,0,,2,1,476.8980389963889,1,1,6999.0,0.0,0
485,2026-04-14,2,4,0,0,,6,2,75.0925401836111,1,1,6999.0,0.0,0
487,2026-04-14,1,1,0,0,,2,1,556.0040733811111,1,1,8999.0,0.0,0
488,2026-04-14,2,2,0,0,,4,2,28.540572239166664,1,1,4999.0,0.0,0
489,2026-04-14,1,2,0,0,,3,1,120.97040869027776,1,1,6999.0,0.0,0
490,2026-04-14,2,3,0,0,,5,2,72.70304160361111,2,1,12199.0,0.0,0
491,2026-04-14,4,8,2,4,4.0,22,4,154.20741729000002,1,1,4999.0,4999.0,0
492,2026-04-14,2,3,0,0,,5,2,253.1309987175,2,2,8199.0,0.0,0
493,2026-04-14,2,4,2,0,,8,2,411.22521479750003,1,1,6999.0,0.0,0
494,2026-04-14,1,2,1,0,,4,1,283.89801368972223,2,1,11999.0,0.0,0
497,2026-04-14,1,3,0,0,,4,1,308.0501649675,2,1,11999.0,0.0,0
498,2026-04-14,1,1,0,0,,2,1,446.40408323583335,1,1,4999.0,0.0,0
5,2026-04-21,2,4,0,0,,6,2,495.6702150447222,2,2,5332.333333333333,0.0,0
6,2026-04-21,1,1,1,0,,3,1,385.08314209222226,1,1,6999.0,0.0,0
7,2026-04-21,1,2,0,1,1.0,5,1,327.7826526688889,1,1,4999.0,4999.0,1
8,2026-04-21,1,2,1,0,,4,1,596.7194908927778,2,1,11999.0,0.0,0
9,2026-04-21,2,4,1,0,,7,2,226.38842535777778,2,1,11284.714285714286,0.0,0
12,2026-04-21,2,6,0,0,,8,2,456.62556262333334,2,2,5999.0,0.0,0
13,2026-04-21,2,4,2,0,,8,2,292.66690642055556,2,2,7749.0,0.0,0
14,2026-04-21,1,3,0,0,,4,1,637.828117165,1,1,4999.0,0.0,0
15,2026-04-21,2,3,0,2,1.0,8,2,67.13805005722223,2,2,5999.0,4999.0,0
18,2026-04-21,1,2,0,0,,3,1,263.39598391805555,1,1,12999.0,0.0,0
19,2026-04-21,1,1,1,0,,3,1,682.8053342855557,1,1,8999.0,0.0,0
20,2026-04-21,1,2,1,0,,4,1,789.4714609961111,2,2,11499.0,0.0,0
21,2026-04-21,1,2,0,0,,3,1,543.6798929652778,2,1,10332.333333333334,0.0,0
22,2026-04-21,1,1,1,1,1.0,5,1,679.6781415797221,1,1,8999.0,8999.0,1
23,2026-04-21,2,3,1,0,,6,2,393.18591041944444,2,2,5332.333333333333,0.0,0
24,2026-04-21,1,3,0,0,,4,1,682.062953125,2,1,10999.0,0.0,0
25,2026-04-21,3,4,1,0,,8,3,16.946207988055555,1,1,6999.0,0.0,0
26,2026-04-21,2,3,2,1,,8,2,86.46072907361112,1,1,4999.0,4999.0,0
27,2026-04-21,3,4,0,0,,7,3,168.11476415305557,3,3,8141.857142857143,0.0,0
28,2026-04-21,2,4,1,0,,7,1,10.718517185833335,3,3,7570.428571428572,0.0,0
30,2026-04-21,3,5,1,0,,9,3,282.3983376475,2,2,6554.555555555556,0.0,0
31,2026-04-21,4,7,2,3,,16,4,444.34187277694446,3,2,10124.0,10332.333333333334,0
32,2026-04-21,1,2,1,0,,4,1,309.11149674027774,2,2,7499.0,0.0,0
33,2026-04-21,2,2,2,1,,7,2,303.6218509363889,2,2,7856.142857142857,6999.0,0
34,2026-04-21,2,2,1,0,,5,2,215.48813352638888,2,2,6199.0,0.0,0
35,2026-04-21,1,3,1,0,,5,1,669.4392278016667,2,2,6599.0,0.0,0
36,2026-04-21,3,7,1,1,,12,3,66.87239614083333,3,3,7332.333333333333,6999.0,0
37,2026-04-21,1,1,1,0,,3,1,604.9738704619444,1,1,4999.0,0.0,0
38,2026-04-21,1,3,1,0,,5,1,179.99739595527777,2,1,12199.0,0.0,0
39,2026-04-21,1,3,1,0,,5,1,376.92037122722223,1,1,4999.0,0.0,0
41,2026-04-21,2,5,0,0,,7,2,226.5296624886111,2,2,8713.285714285714,0.0,0
43,2026-04-21,2,4,1,1,,8,2,104.51213600722222,3,2,11249.0,12999.0,0
44,2026-04-21,2,5,0,0,,7,2,353.68002125833334,1,1,4999.0,0.0,0
45,2026-04-21,1,1,0,0,,2,1,794.8900016377778,1,1,8999.0,0.0,0
46,2026-04-21,1,3,0,0,,4,1,712.4744338163889,2,2,10999.0,0.0,0
47,2026-04-21,2,5,0,0,,7,2,308.0524293205555,1,1,6999.0,0.0,0
48,2026-04-21,1,2,0,0,,3,1,265.31550761222223,1,1,4999.0,0.0,0
49,2026-04-21,2,6,2,0,,10,2,218.65056424694444,1,1,4999.0,0.0,0
50,2026-04-21,1,1,0,0,,2,1,650.6223967847221,1,1,6999.0,0.0,0
51,2026-04-21,2,5,0,0,,7,2,150.54142126333335,3,2,10713.285714285714,0.0,0
52,2026-04-21,2,6,1,1,,10,2,62.894738356944444,3,2,9599.0,8999.0,0
53,2026-04-21,3,7,0,0,,10,3,238.42372477249998,2,2,5399.0,0.0,0
54,2026-04-21,1,3,0,0,,4,1,96.59360318777777,3,2,10499.0,0.0,0
55,2026-04-21,1,3,0,0,,4,1,230.32435295416667,1,1,4999.0,0.0,0
56,2026-04-21,3,5,0,0,,8,3,636.8187709219444,2,2,5999.0,0.0,0
57,2026-04-21,1,1,1,0,,3,1,149.48647133583333,1,1,4999.0,0.0,0
58,2026-04-21,1,3,1,0,,5,1,356.6326997080555,1,1,4999.0,0.0,0
60,2026-04-21,1,3,0,1,,5,1,462.3372192911111,1,1,4999.0,4999.0,0
61,2026-04-21,1,1,0,0,,2,1,389.0192666961111,1,1,8999.0,0.0,0
62,2026-04-21,1,3,0,0,,4,1,20.978341379444444,1,1,4999.0,0.0,0
64,2026-04-21,1,2,0,1,,4,1,526.7712851522222,1,1,4999.0,4999.0,0
65,2026-04-21,1,3,0,0,,4,1,314.2970854108333,2,2,7499.0,0.0,0
66,2026-04-21,2,4,1,1,,8,2,173.93330453333334,2,2,8499.0,6999.0,0
67,2026-04-21,1,3,1,0,,5,1,324.88990415416663,1,1,12999.0,0.0,0
68,2026-04-21,1,1,0,0,,2,1,276.9145981497222,1,1,8999.0,0.0,0
70,2026-04-21,2,3,0,0,,5,2,96.51078786194444,1,1,6999.0,0.0,0
71,2026-04-21,2,4,1,2,2.0,11,1,648.8497901122223,1,1,6999.0,6999.0,0
72,2026-04-21,2,3,0,0,,5,2,75.22790580388889,2,2,8199.0,0.0,0
73,2026-04-21,3,6,1,0,,10,3,41.74548287333334,2,2,5199.0,0.0,0
74,2026-04-21,3,6,0,0,,9,2,57.760104201388884,2,2,6554.555555555556,0.0,0
75,2026-04-21,4,9,4,1,,18,4,395.56660673444446,4,3,8665.666666666666,8999.0,0
76,2026-04-21,1,1,0,0,,2,1,273.03849798972226,1,1,4999.0,0.0,0
77,2026-04-21,2,5,1,0,,8,2,711.8695948261111,2,2,7749.0,0.0,0
78,2026-04-21,1,2,0,0,,3,1,790.4339668372222,1,1,4999.0,0.0,0
79,2026-04-21,3,5,2,0,,10,3,5.224530675833333,2,2,7599.0,0.0,0
80,2026-04-21,2,5,2,0,,9,2,401.91020473833333,2,2,7665.666666666667,0.0,0
81,2026-04-21,1,3,1,0,,5,1,44.43288440944444,2,2,5799.0,0.0,0
82,2026-04-21,4,8,3,1,,16,4,487.76775501555557,3,2,11624.0,12999.0,0
83,2026-04-21,1,3,0,0,,4,1,211.8245905125,2,1,9999.0,0.0,0
84,2026-04-21,1,2,0,0,,3,1,193.12881137083332,1,1,4999.0,0.0,0
86,2026-04-21,5,11,2,0,,18,5,38.618382520833336,2,2,5887.888888888889,0.0,0
87,2026-04-21,2,6,0,0,,8,2,429.2087282661111,1,1,6999.0,0.0,0
89,2026-04-21,1,1,0,0,,2,1,681.2630514444445,1,1,4999.0,0.0,0
90,2026-04-21,1,1,0,0,,2,1,152.81041709416667,1,1,8999.0,0.0,0
92,2026-04-21,1,2,0,0,,3,1,465.1367275438889,1,1,8999.0,0.0,0
93,2026-04-21,3,7,0,3,2.0,15,3,425.8246448616667,2,2,8599.0,8999.0,0
94,2026-04-21,1,2,0,0,,3,1,121.86976991111112,1,1,4999.0,0.0,0
95,2026-04-21,2,3,1,0,,6,2,616.177038645,2,2,5665.666666666667,0.0,0
97,2026-04-21,1,1,0,0,,2,1,776.5619432161111,1,1,8999.0,0.0,0
98,2026-04-21,1,2,0,0,,3,1,452.97469563694443,1,1,6999.0,0.0,0
99,2026-04-21,1,3,1,0,,5,1,491.3740384741667,1,1,6999.0,0.0,0
100,2026-04-21,2,3,1,0,,6,2,51.95838924472222,2,2,5665.666666666667,0.0,0
101,2026-04-21,5,11,4,2,,22,5,26.403097804444446,2,1,11544.454545454546,10999.0,0
102,2026-04-21,2,3,2,2,1.0,10,2,224.5532587388889,2,2,5399.0,4999.0,1
103,2026-04-21,3,4,0,0,,7,3,276.8634288933333,1,1,8999.0,0.0,0
104,2026-04-21,2,5,0,0,,7,2,670.1187091283333,2,2,7570.428571428572,0.0,0
105,2026-04-21,2,6,1,1,,10,2,202.4399491211111,2,1,11799.0,12999.0,0
106,2026-04-21,1,1,0,0,,2,1,287.5018798722222,1,1,6999.0,0.0,0
107,2026-04-21,2,5,0,0,,7,2,131.45569734805557,2,2,6713.285714285715,0.0,0
108,2026-04-21,3,6,0,0,,9,3,36.61076257944444,2,1,11221.222222222223,0.0,0
109,2026-04-21,1,3,0,0,,4,1,113.43279465638888,1,1,4999.0,0.0,0
110,2026-04-21,2,3,1,0,,6,2,38.542704378055554,1,1,4999.0,0.0,0
111,2026-04-21,2,4,1,0,,7,2,126.32098487805555,3,2,9856.142857142857,0.0,0
112,2026-04-21,2,4,1,0,,7,2,596.3149507869445,1,1,4999.0,0.0,0
113,2026-04-21,1,2,0,1,1.0,5,1,724.1855429166667,1,1,8999.0,8999.0,1
114,2026-04-21,4,7,1,0,,12,4,7.8313233094444445,2,1,11999.0,0.0,0
116,2026-04-21,2,3,0,0,,5,2,213.92532940277778,1,1,6999.0,0.0,0
118,2026-04-21,2,4,1,1,,8,2,398.5252987075,2,2,5999.0,4999.0,0
119,2026-04-21,1,1,0,0,,2,1,364.33942452277773,1,1,12999.0,0.0,0
120,2026-04-21,2,4,0,0,,6,2,182.07252458972224,3,2,8665.666666666666,0.0,0
121,2026-04-21,2,4,0,0,,6,1,324.3366426869444,2,2,6332.333333333333,0.0,0
122,2026-04-21,1,2,0,0,,3,1,13.299104198055556,1,1,6999.0,0.0,0
123,2026-04-21,2,5,1,0,,8,2,294.01723109805556,1,1,6999.0,0.0,0
124,2026-04-21,1,2,0,0,,3,1,659.1172668983334,1,1,6999.0,0.0,0
125,2026-04-21,2,3,1,1,,7,2,294.9142771408333,1,1,6999.0,6999.0,0
126,2026-04-21,2,3,1,0,,6,2,321.80333949416666,2,2,5999.0,0.0,0
127,2026-04-21,1,1,0,0,,2,1,84.03789656694445,1,1,4999.0,0.0,0
128,2026-04-21,3,4,1,1,,9,3,224.13121061916667,2,1,12110.111111111111,12999.0,0
129,2026-04-21,3,6,2,0,,11,3,371.4269563683333,2,2,8089.909090909091,0.0,0
130,2026-04-21,1,2,0,0,,3,1,635.0927870216667,2,2,10332.333333333334,0.0,0
133,2026-04-21,1,2,1,1,,5,1,561.0634476361112,2,2,5399.0,4999.0,0
135,2026-04-21,1,1,1,0,,3,1,510.67468384833336,1,1,12999.0,0.0,0
136,2026-04-21,1,2,1,0,,4,1,474.6362357986111,1,1,4999.0,0.0,0
137,2026-04-21,2,3,0,2,1.0,8,2,10.558072465277778,1,1,4999.0,4999.0,0
138,2026-04-21,1,3,0,0,,4,1,265.5782161972222,2,2,5999.0,0.0,0
139,2026-04-21,2,5,0,0,,7,2,663.0483229891666,1,1,6999.0,0.0,0
140,2026-04-21,1,1,0,0,,2,1,732.1515270388888,1,1,4999.0,0.0,0
141,2026-04-21,3,5,0,0,,8,2,269.4774789527778,2,2,6749.0,0.0,0
142,2026-04-21,4,9,2,4,3.0,22,4,49.882901464444444,3,3,6635.363636363636,6499.0,0
143,2026-04-21,1,3,1,0,,5,1,73.39226611805556,1,1,6999.0,0.0,0
144,2026-04-21,2,3,1,1,1.0,8,2,264.07474395916665,2,2,6249.0,6999.0,0
145,2026-04-21,4,6,3,1,,14,4,42.234650415833336,2,1,10999.0,8999.0,0
146,2026-04-21,2,3,2,2,2.0,11,2,51.615948385555555,1,1,4999.0,4999.0,1
148,2026-04-21,1,2,0,0,,3,2,263.95577783444446,1,1,4999.0,0.0,0
149,2026-04-21,1,3,0,0,,4,1,61.28848108111111,2,2,7999.0,0.0,0
151,2026-04-21,1,3,0,0,,4,1,497.60378011250003,2,1,11999.0,0.0,0
152,2026-04-21,1,2,0,0,,3,1,576.6706294788889,2,2,6332.333333333333,0.0,0
153,2026-04-21,2,5,0,0,,7,2,213.22817803222225,2,1,10713.285714285714,0.0,0
154,2026-04-21,1,2,1,0,,4,1,781.9780188938888,1,1,6999.0,0.0,0
155,2026-04-21,2,2,0,0,,4,2,537.2366217872222,2,2,5999.0,0.0,0
156,2026-04-21,1,1,1,1,,4,1,409.4822605741667,1,1,6999.0,6999.0,0
157,2026-04-21,3,3,1,3,3.0,13,3,130.3267484713889,2,2,5614.384615384615,5665.666666666667,1
158,2026-04-21,1,3,1,0,,5,1,369.62872238250003,1,1,12999.0,0.0,0
161,2026-04-21,1,1,0,0,,2,1,570.7385661025,1,1,4999.0,0.0,0
163,2026-04-21,1,2,0,0,,3,1,615.1611589047222,1,1,8999.0,0.0,0
164,2026-04-21,3,7,2,3,3.0,18,2,26.39019350222222,1,1,6999.0,6999.0,0
166,2026-04-21,4,7,3,4,3.0,21,4,53.4388863525,2,2,7570.428571428572,7499.0,1
168,2026-04-21,2,5,2,2,1.0,12,2,206.2561014113889,1,1,4999.0,4999.0,0
169,2026-04-21,2,3,0,0,,5,2,377.65806068833336,1,1,8999.0,0.0,0
170,2026-04-21,2,5,0,0,,7,2,470.82061364472224,2,1,11284.714285714286,0.0,0
171,2026-04-21,2,6,1,0,,9,2,20.425514732222222,3,2,7887.888888888889,0.0,0
172,2026-04-21,1,3,0,0,,4,1,181.18928602305556,2,2,7499.0,0.0,0
173,2026-04-21,1,3,0,0,,4,1,353.2949867166667,2,2,8499.0,0.0,0
175,2026-04-21,4,9,1,0,,14,4,318.7275059113889,3,2,10427.57142857143,0.0,0
177,2026-04-21,3,6,1,0,,10,3,281.51856776305556,1,1,4999.0,0.0,0
178,2026-04-21,2,2,0,0,,4,2,169.80051788083333,2,2,8999.0,0.0,0
179,2026-04-21,1,3,0,0,,4,1,15.477138674166666,1,1,6999.0,0.0,0
180,2026-04-21,2,4,0,0,,6,3,236.22817755972224,1,1,4999.0,0.0,0
181,2026-04-21,2,4,0,0,,6,2,204.39310632000002,3,2,6999.0,0.0,0
183,2026-04-21,2,4,0,0,,6,2,117.45760263305556,2,2,5665.666666666667,0.0,0
184,2026-04-21,2,2,1,0,,5,2,131.460987975,1,1,4999.0,0.0,0
185,2026-04-21,3,5,1,0,,9,3,139.11060464555555,2,1,10332.333333333334,0.0,0
186,2026-04-21,1,1,1,0,,3,1,807.1170364477778,1,1,6999.0,0.0,0
187,2026-04-21,2,5,2,0,,9,2,110.99325250194445,2,2,5443.444444444444,0.0,0
189,2026-04-21,1,1,1,0,,3,1,30.184912723611113,1,1,6999.0,0.0,0
190,2026-04-21,2,5,0,0,,7,2,19.07522052666667,3,3,7570.428571428572,0.0,0
191,2026-04-21,1,3,0,0,,4,1,537.1656175869444,1,1,6999.0,0.0,0
193,2026-04-21,2,4,1,0,,7,1,768.6287312616666,3,2,8999.0,0.0,0
195,2026-04-21,3,6,1,0,,10,2,462.0426233788889,1,1,4999.0,0.0,0
196,2026-04-21,1,1,1,0,,3,1,628.5170578788889,1,1,6999.0,0.0,0
197,2026-04-21,2,4,1,0,,7,2,453.7648365888889,2,1,10141.857142857143,0.0,0
198,2026-04-21,1,2,1,0,,4,1,180.09648311805554,2,1,11999.0,0.0,0
199,2026-04-21,2,5,1,1,,9,2,437.41785031694445,3,2,8332.333333333334,6999.0,0
200,2026-04-21,1,3,0,1,1.0,6,1,472.5130588922222,1,1,6999.0,6999.0,1
201,2026-04-21,2,3,1,0,,6,2,109.68082855416667,2,2,8665.666666666666,0.0,0
202,2026-04-21,2,5,1,0,,8,2,247.24457172472222,2,1,11499.0,0.0,0
204,2026-04-21,1,2,1,1,,5,1,481.8050033375,1,1,6999.0,6999.0,0
206,2026-04-21,2,3,2,1,1.0,9,1,788.4902646069445,1,1,6999.0,6999.0,0
207,2026-04-21,1,2,0,0,,3,1,545.6217283777778,1,1,8999.0,0.0,0
208,2026-04-21,3,3,0,0,,6,3,121.35845171277778,2,1,10332.333333333334,0.0,0
209,2026-04-21,3,4,2,0,,9,3,5.038940470833333,1,1,4999.0,0.0,0
210,2026-04-21,1,3,0,0,,4,1,262.5405560386111,3,3,9499.0,0.0,0
211,2026-04-21,1,3,1,0,,5,1,356.849612315,2,1,9799.0,0.0,0
212,2026-04-21,4,8,1,0,,13,4,63.56201776638889,2,1,10537.461538461539,0.0,0
213,2026-04-21,1,2,0,0,,3,1,534.9092027797222,1,1,8999.0,0.0,0
215,2026-04-21,2,5,0,0,,7,2,34.22861217305556,2,1,11284.714285714286,0.0,0
216,2026-04-21,2,5,0,2,1.0,10,2,536.849097885,2,2,7599.0,7999.0,0
217,2026-04-21,2,4,0,0,,6,2,46.07998609333333,2,2,5665.666666666667,0.0,0
218,2026-04-21,2,2,0,0,,4,2,55.13507127527778,1,1,4999.0,0.0,0
219,2026-04-21,2,2,0,0,,4,2,183.2375702213889,2,1,10999.0,0.0,0
220,2026-04-21,1,3,0,0,,4,1,768.0213015405556,2,1,10999.0,0.0,0
221,2026-04-21,3,5,2,1,1.0,12,3,116.27783338805556,3,2,8332.333333333334,8999.0,0
222,2026-04-21,2,4,0,0,,6,2,210.8898491897222,1,1,6999.0,0.0,0
223,2026-04-21,4,6,2,2,,14,4,194.1603566627778,2,2,7141.857142857143,6999.0,0
224,2026-04-21,3,7,1,3,3.0,17,3,208.49186633527776,2,2,7116.64705882353,6999.0,0
226,2026-04-21,1,1,0,0,,2,1,409.9644752019445,1,1,8999.0,0.0,0
227,2026-04-21,3,5,3,0,,11,3,186.34984427333333,2,2,6089.909090909091,0.0,0
228,2026-04-21,3,6,2,1,,12,3,44.96875883138889,2,2,7165.666666666667,6999.0,1
229,2026-04-21,2,2,0,0,,4,2,37.6360360325,2,2,8999.0,0.0,0
230,2026-04-21,3,7,1,0,,11,3,269.71782590361113,2,2,6453.545454545455,0.0,0
231,2026-04-21,3,4,1,0,,8,3,436.9560401244445,3,3,6999.0,0.0,0
234,2026-04-21,2,4,1,0,,7,2,420.0470210922222,3,2,8141.857142857143,0.0,0
235,2026-04-21,1,3,0,1,,5,1,534.9120068097222,2,1,12199.0,12999.0,0
236,2026-04-21,1,1,1,1,,4,1,28.01416390861111,1,1,6999.0,6999.0,0
237,2026-04-21,4,6,2,0,,12,4,90.64003781083332,2,2,5665.666666666667,0.0,0
238,2026-04-21,1,1,0,0,,2,1,13.727288974444445,1,1,4999.0,0.0,0
239,2026-04-21,2,4,1,0,,7,2,261.3086017055556,2,1,11284.714285714286,0.0,0
240,2026-04-21,2,5,2,1,1.0,11,3,358.3095947786111,3,3,5726.272727272727,4999.0,0
241,2026-04-21,1,2,1,0,,4,1,249.70425909972224,1,1,4999.0,0.0,0
242,2026-04-21,2,6,1,1,,10,2,371.50784810694444,2,2,6799.0,6999.0,0
243,2026-04-21,3,3,1,0,,7,3,726.4770194575001,2,2,8427.57142857143,0.0,0
244,2026-04-21,1,1,0,0,,2,1,457.5674159038889,1,1,12999.0,0.0,0
245,2026-04-21,1,1,1,0,,3,1,114.401328695,1,1,4999.0,0.0,0
246,2026-04-21,1,1,0,0,,2,1,430.29688577527776,1,1,4999.0,0.0,0
247,2026-04-21,1,1,0,0,,2,1,561.5869152658333,1,1,12999.0,0.0,0
248,2026-04-21,1,3,1,0,,5,2,791.7571948522221,2,1,9799.0,0.0,0
252,2026-04-21,3,7,0,0,,10,3,83.51502309027778,3,2,8799.0,0.0,0
253,2026-04-21,1,2,0,0,,3,1,34.98193210777778,2,1,11665.666666666666,0.0,0
256,2026-04-21,2,4,2,0,,8,2,53.95414837833333,1,1,4999.0,0.0,0
257,2026-04-21,1,3,1,0,,5,2,335.6499920102778,1,1,12999.0,0.0,0
258,2026-04-21,3,5,0,0,,8,3,574.9363093680555,1,1,6999.0,0.0,0
259,2026-04-21,3,5,2,3,2.0,15,3,26.703874660555556,2,2,7532.333333333333,7665.666666666667,0
260,2026-04-21,2,3,0,0,,5,2,251.38468923583332,1,1,8999.0,0.0,0
261,2026-04-21,3,5,1,0,,9,3,312.66683898111114,2,1,10332.333333333334,0.0,0
263,2026-04-21,3,8,1,0,,12,3,442.32396769583335,1,1,6999.0,0.0,0
265,2026-04-21,1,3,0,0,,4,1,114.1599473163889,1,1,6999.0,0.0,0
266,2026-04-21,1,1,0,0,,2,1,384.07311608,1,1,6999.0,0.0,0
267,2026-04-21,3,9,1,0,,13,3,146.66144998722223,2,2,5460.538461538462,0.0,0
268,2026-04-21,3,7,0,3,2.0,15,2,532.6372673958334,3,3,6599.0,6332.333333333333,0
269,2026-04-21,3,5,1,0,,9,3,16.18815464388889,2,2,12332.333333333334,0.0,0
270,2026-04-21,2,6,0,0,,8,2,40.1308171525,2,2,6499.0,0.0,0
271,2026-04-21,2,4,0,0,,6,2,59.96215363611111,3,2,9665.666666666666,0.0,0
272,2026-04-21,4,7,2,2,,15,4,127.60534019277777,1,1,4999.0,4999.0,0
274,2026-04-21,1,1,0,0,,2,1,38.259031792222224,1,1,4999.0,0.0,0
275,2026-04-21,3,5,1,0,,9,3,156.70166704194446,3,3,7887.888888888889,0.0,0
276,2026-04-21,5,9,1,0,,15,5,27.372704043333332,3,2,7665.666666666667,0.0,0
277,2026-04-21,1,1,0,0,,2,1,185.92873059,1,1,4999.0,0.0,0
278,2026-04-21,1,1,0,0,,2,1,316.73149411555556,1,1,6999.0,0.0,0
279,2026-04-21,1,3,0,0,,4,1,546.1818353125,2,1,10999.0,0.0,0
280,2026-04-21,4,11,3,0,,18,3,174.35901678333335,4,3,5999.0,0.0,0
281,2026-04-21,1,3,1,0,,5,1,754.599167978611,1,1,8999.0,0.0,0
282,2026-04-21,2,5,1,0,,8,2,68.14840494138889,3,2,10249.0,0.0,0
283,2026-04-21,2,3,1,2,1.0,9,2,203.0287684547222,1,1,6999.0,6999.0,0
284,2026-04-21,2,5,1,0,,8,2,73.40754167583333,2,2,5499.0,0.0,0
285,2026-04-21,3,3,2,3,2.0,13,3,376.7848055177778,3,2,8999.0,8999.0,0
286,2026-04-21,1,1,0,0,,2,1,728.4343023769445,1,1,6999.0,0.0,0
288,2026-04-21,3,5,0,3,3.0,14,3,440.1076565588889,2,1,10713.285714285714,10332.333333333334,0
289,2026-04-21,1,1,0,0,,2,1,262.3642456980556,1,1,6999.0,0.0,0
290,2026-04-21,2,4,0,0,,6,2,16.9400235475,3,2,9332.333333333334,0.0,0
291,2026-04-21,3,5,0,0,,8,3,62.503134870277776,3,2,9499.0,0.0,0
292,2026-04-21,1,3,0,0,,4,1,128.4149989088889,2,2,8999.0,0.0,0
294,2026-04-21,2,4,0,0,,6,2,247.30244729527777,2,2,6665.666666666667,0.0,0
295,2026-04-21,3,5,0,0,,8,3,90.88454527833333,2,1,11499.0,0.0,0
296,2026-04-21,2,6,0,0,,8,2,530.8074403519445,2,2,5499.0,0.0,0
297,2026-04-21,2,4,1,0,,7,2,103.1828098386111,1,1,12999.0,0.0,0
298,2026-04-21,1,3,0,0,,4,1,248.77713983166666,1,1,6999.0,0.0,0
299,2026-04-21,2,4,1,2,1.0,10,2,126.83297877722222,2,2,9399.0,9999.0,0
300,2026-04-21,3,8,0,0,,11,3,55.429078563611114,3,3,6999.0,0.0,0
303,2026-04-21,1,2,0,0,,3,1,81.42291458000001,1,1,8999.0,0.0,0
304,2026-04-21,3,4,1,0,,8,3,493.43627424,2,2,5249.0,0.0,0
306,2026-04-21,1,1,0,0,,2,1,364.61546505583334,1,1,4999.0,0.0,0
307,2026-04-21,1,1,0,0,,2,1,564.7062187952778,1,1,8999.0,0.0,0
308,2026-04-21,3,6,0,0,,9,3,108.94198152444444,2,2,7443.444444444444,0.0,0
309,2026-04-21,1,3,1,0,,5,1,304.4682408816667,2,2,8199.0,0.0,0
310,2026-04-21,1,2,1,1,1.0,6,1,361.00017334555554,2,2,7999.0,6999.0,0
311,2026-04-21,1,3,1,0,,5,1,785.8975361575,1,1,4999.0,0.0,0
312,2026-04-21,1,3,0,0,,4,1,504.4167534522222,2,2,6999.0,0.0,0
313,2026-04-21,6,13,3,1,,23,6,398.7676466769444,3,2,5520.739130434783,4999.0,0
314,2026-04-21,2,5,0,0,,7,2,215.0820716766667,1,1,4999.0,0.0,0
315,2026-04-21,2,5,0,0,,7,3,58.524059308888894,2,2,7284.714285714285,0.0,0
316,2026-04-21,2,5,0,0,,7,2,25.16929019638889,2,1,11856.142857142857,0.0,0
317,2026-04-21,2,3,0,2,1.0,8,2,127.61494578,1,1,12999.0,12999.0,1
318,2026-04-21,2,3,0,0,,5,2,343.0454083502778,1,1,6999.0,0.0,0
319,2026-04-21,3,9,2,0,,14,4,227.71039805583334,2,2,7427.571428571428,0.0,0
320,2026-04-21,2,3,0,2,1.0,8,2,331.5863008263889,1,1,4999.0,4999.0,0
321,2026-04-21,1,2,0,0,,3,1,529.9473009497223,1,1,4999.0,0.0,0
323,2026-04-21,3,3,1,3,1.0,11,3,438.12308339972225,2,2,9180.818181818182,8999.0,0
325,2026-04-21,2,4,0,0,,6,2,214.65965860611112,2,2,5332.333333333333,0.0,0
327,2026-04-21,2,4,1,1,,8,2,152.8590289,1,1,4999.0,4999.0,0
329,2026-04-21,1,1,0,0,,2,1,678.9670864497222,1,1,6999.0,0.0,1
330,2026-04-21,2,5,0,0,,7,2,20.65741205611111,1,1,4999.0,0.0,0
332,2026-04-21,1,2,1,0,,4,1,601.4029306452778,1,1,4999.0,0.0,0
333,2026-04-21,1,1,1,1,,4,1,192.28170539472222,1,1,12999.0,12999.0,0
334,2026-04-21,2,5,0,0,,7,2,412.6298229202778,2,2,7284.714285714285,0.0,0
335,2026-04-21,2,5,0,0,,7,2,284.9146298466667,1,1,6999.0,0.0,0
336,2026-04-21,2,6,0,0,,8,2,59.52468063333334,1,1,6999.0,0.0,0
337,2026-04-21,3,5,1,0,,9,3,148.4333406536111,3,3,7221.222222222223,0.0,0
338,2026-04-21,2,5,0,0,,7,2,658.1657713869445,1,1,6999.0,0.0,0
340,2026-04-21,2,3,1,1,,7,2,596.2142099622222,1,1,4999.0,4999.0,0
344,2026-04-21,1,3,1,0,,5,1,373.6072897975,2,1,9799.0,0.0,0
345,2026-04-21,2,5,1,1,1.0,10,2,237.52397110666666,1,1,4999.0,4999.0,0
346,2026-04-21,1,1,0,1,,3,1,337.1843141744444,1,1,12999.0,12999.0,0
347,2026-04-21,1,3,0,0,,4,1,783.8907722575,1,1,4999.0,0.0,0
349,2026-04-21,1,1,0,0,,2,1,397.03474676027776,1,1,8999.0,0.0,0
351,2026-04-21,1,1,0,0,,2,1,0.4798310708333334,1,1,4999.0,0.0,0
354,2026-04-21,1,1,1,0,,3,1,168.72541411805554,1,1,8999.0,0.0,1
356,2026-04-21,2,5,0,0,,7,2,316.65475459694443,2,2,7856.142857142857,0.0,0
357,2026-04-21,2,6,0,0,,8,2,9.44779308138889,3,2,11499.0,0.0,0
358,2026-04-21,2,3,2,0,,7,2,735.5357459208333,2,2,5570.428571428572,0.0,0
359,2026-04-21,4,9,2,4,2.0,21,4,106.68563161277778,2,2,5379.952380952381,4999.0,1
360,2026-04-21,2,4,1,2,1.0,10,2,733.1731203261111,2,1,10599.0,10999.0,0
361,2026-04-21,4,7,2,4,3.0,20,4,58.286192381388894,2,1,12399.0,12999.0,0
362,2026-04-21,2,5,1,1,,9,2,602.627573485,2,2,7665.666666666667,6999.0,0
363,2026-04-21,2,4,1,2,1.0,10,2,475.5228662633333,1,1,4999.0,4999.0,1
364,2026-04-21,3,5,0,0,,8,3,101.92950960361111,3,3,6499.0,0.0,0
365,2026-04-21,3,6,0,0,,9,3,174.87827265916667,2,1,11665.666666666666,0.0,0
366,2026-04-21,1,2,1,0,,4,1,367.3659908108333,2,2,6499.0,0.0,0
368,2026-04-21,2,5,0,0,,7,2,156.40001323083334,2,1,10713.285714285714,0.0,0
369,2026-04-21,1,3,1,1,,6,1,215.4339125938889,2,2,7332.333333333333,6999.0,0
370,2026-04-21,1,3,1,0,,5,1,754.0119975130555,1,1,4999.0,0.0,0
371,2026-04-21,2,5,1,0,,8,2,501.58217317944445,3,2,8999.0,0.0,0
372,2026-04-21,2,4,1,2,2.0,11,2,261.36701959916667,1,1,4999.0,4999.0,0
373,2026-04-21,3,5,0,0,,8,3,128.8967129325,2,2,7749.0,0.0,0
374,2026-04-21,1,2,0,0,,3,1,310.57688941416666,2,1,10332.333333333334,0.0,0
375,2026-04-21,1,1,0,0,,2,1,258.03411677555556,1,1,8999.0,0.0,0
376,2026-04-21,2,6,1,0,,9,2,573.6566279305556,2,2,5443.444444444444,0.0,0
377,2026-04-21,3,8,2,3,3.0,19,4,89.35031052222222,1,1,6999.0,6999.0,0
378,2026-04-21,3,7,0,0,,10,3,275.0649569511111,2,2,5799.0,0.0,0
380,2026-04-21,3,8,3,3,3.0,20,3,97.25837724166666,1,1,4999.0,4999.0,0
381,2026-04-21,1,3,0,0,,4,1,427.80007784305553,2,2,6499.0,0.0,0
383,2026-04-21,2,3,0,0,,5,2,119.7265319763889,2,1,12199.0,0.0,0
385,2026-04-21,3,4,0,0,,7,3,32.78938599083333,3,2,8999.0,0.0,0
386,2026-04-21,2,2,0,0,,4,2,272.58188125388887,1,1,12999.0,0.0,0
387,2026-04-21,1,2,0,1,,4,1,423.5891227236111,2,1,11999.0,12999.0,1
388,2026-04-21,3,6,3,0,,12,3,153.34318925972224,3,2,8665.666666666666,0.0,0
389,2026-04-21,4,9,1,1,,15,2,582.1953899333333,2,2,7132.333333333333,6999.0,0
390,2026-04-21,4,8,3,0,,15,4,13.4361617025,2,1,12732.333333333334,0.0,0
391,2026-04-21,1,1,0,0,,2,1,780.9410936541666,1,1,8999.0,0.0,0
392,2026-04-21,1,2,0,0,,3,1,675.9153111208334,2,2,8332.333333333334,0.0,0
393,2026-04-21,2,4,1,0,,7,2,318.0400517336111,3,2,10427.57142857143,0.0,0
394,2026-04-21,2,3,0,0,,5,2,242.134384175,1,1,6999.0,0.0,0
396,2026-04-21,1,2,1,0,,4,1,555.4076040791666,1,1,4999.0,0.0,0
397,2026-04-21,3,4,1,0,,8,3,139.7022356711111,1,1,4999.0,0.0,0
398,2026-04-21,1,1,1,1,,4,1,497.34676110944446,1,1,12999.0,12999.0,0
399,2026-04-21,1,2,0,0,,3,1,719.0900293008334,1,1,6999.0,0.0,0
400,2026-04-21,1,2,0,0,,3,1,569.6891738641667,1,1,4999.0,0.0,0
401,2026-04-21,1,2,0,0,,3,1,22.916844743055556,2,1,11665.666666666666,0.0,0
402,2026-04-21,1,3,1,1,,6,1,744.4652236902778,2,1,9665.666666666666,8999.0,0
403,2026-04-21,1,2,0,0,,3,1,493.6010723280555,1,1,6999.0,0.0,0
404,2026-04-21,2,4,2,2,2.0,12,2,226.33009764444446,1,1,6999.0,6999.0,0
405,2026-04-21,1,1,0,1,1.0,4,1,174.81365141055556,1,1,6999.0,6999.0,0
406,2026-04-21,2,4,0,0,,6,2,753.3419894344445,1,1,6999.0,0.0,0
407,2026-04-21,2,3,1,0,,6,2,14.761039635,3,3,7332.333333333333,0.0,0
409,2026-04-21,4,9,2,1,,16,3,53.20660372472222,3,2,10374.0,8999.0,0
410,2026-04-21,1,2,0,0,,3,1,398.89128221916667,2,2,6332.333333333333,0.0,0
411,2026-04-21,1,2,0,0,,3,1,92.54752092555555,2,2,6332.333333333333,0.0,0
412,2026-04-21,1,3,0,0,,4,1,624.87281992,3,3,7499.0,0.0,0
415,2026-04-21,3,5,1,0,,9,3,113.57347375916666,2,2,5887.888888888889,0.0,0
416,2026-04-21,1,3,0,0,,4,1,21.393134209166664,1,1,4999.0,0.0,0
417,2026-04-21,2,4,0,0,,6,3,239.8105397347222,3,3,7332.333333333333,0.0,0
419,2026-04-21,2,3,2,0,,7,2,418.32498271305553,2,1,9570.42857142857,0.0,0
420,2026-04-21,1,1,0,0,,2,1,784.9908643586111,1,1,8999.0,0.0,0
421,2026-04-21,1,2,0,0,,3,1,541.3693450052778,1,1,4999.0,0.0,0
423,2026-04-21,2,3,2,1,1.0,9,2,14.426772894166668,2,2,8999.0,6999.0,0
424,2026-04-21,2,3,1,0,,6,2,191.65289700916668,2,2,6332.333333333333,0.0,0
425,2026-04-21,1,3,0,0,,4,1,553.1615176769444,2,2,5999.0,0.0,0
426,2026-04-21,1,1,1,1,1.0,5,1,239.20912668916665,1,1,6999.0,6999.0,0
427,2026-04-21,2,3,1,0,,6,2,232.67909864222224,1,1,4999.0,0.0,0
428,2026-04-21,2,4,0,2,,8,2,478.5957004733333,2,1,11499.0,10999.0,0
429,2026-04-21,3,6,2,0,,11,2,434.2132012825,2,1,11544.454545454546,0.0,0
430,2026-04-21,4,10,0,0,,14,4,13.062047451666666,2,1,11284.714285714286,0.0,0
432,2026-04-21,1,2,1,0,,4,1,726.8551995125,1,1,8999.0,0.0,0
435,2026-04-21,1,3,0,0,,4,1,456.21334891944446,2,2,8999.0,0.0,0
436,2026-04-21,2,5,0,0,,7,2,362.7189361552778,1,1,6999.0,0.0,0
437,2026-04-21,3,6,2,2,1.0,14,3,140.2489920875,1,1,4999.0,4999.0,0
438,2026-04-21,3,6,1,0,,10,3,28.741455488055557,1,1,6999.0,0.0,0
439,2026-04-21,3,6,1,0,,10,3,139.75485659583333,2,2,5399.0,0.0,0
440,2026-04-21,3,9,3,3,2.0,20,3,358.80862838166667,1,1,6999.0,6999.0,1
441,2026-04-21,4,8,1,0,,13,4,35.402778237777774,2,2,6229.7692307692305,0.0,0
442,2026-04-21,2,3,0,0,,5,2,87.98276503444444,1,1,4999.0,0.0,0
443,2026-04-21,1,3,0,0,,4,1,649.0581467269444,3,2,9499.0,0.0,0
444,2026-04-21,1,3,0,0,,4,1,703.1187574927778,1,1,4999.0,0.0,0
445,2026-04-21,3,6,1,3,3.0,16,4,287.7055830708333,3,3,7124.0,7665.666666666667,0
446,2026-04-21,3,7,2,1,,13,3,341.87930748750006,3,2,10845.153846153846,12999.0,1
448,2026-04-21,1,2,0,0,,3,1,265.04877574333335,1,1,8999.0,0.0,0
449,2026-04-21,3,6,0,3,2.0,14,3,125.98089866111111,1,1,4999.0,4999.0,1
450,2026-04-21,1,2,0,0,,3,1,266.7710776122222,1,1,4999.0,0.0,0
451,2026-04-21,2,2,0,0,,4,2,571.2419719349999,1,1,6999.0,0.0,0
452,2026-04-21,1,1,0,0,,2,1,22.955338708333333,1,1,8999.0,0.0,0
453,2026-04-21,1,1,1,0,,3,1,28.94739077111111,1,1,4999.0,0.0,0
455,2026-04-21,1,2,1,0,,4,1,498.3918940961111,1,1,6999.0,0.0,0
456,2026-04-21,3,3,1,1,,8,3,225.29695735916667,1,1,4999.0,4999.0,0
457,2026-04-21,1,3,0,0,,4,1,262.0504004697222,1,1,6999.0,0.0,0
458,2026-04-21,1,2,0,0,,3,1,33.10242889944445,1,1,12999.0,0.0,0
459,2026-04-21,2,3,0,0,,5,2,50.25882680055555,3,2,8999.0,0.0,0
460,2026-04-21,1,2,0,0,,3,1,708.0818560291666,2,1,10332.333333333334,0.0,0
461,2026-04-21,1,1,0,0,,2,1,355.1762265352778,1,1,4999.0,0.0,0
462,2026-04-21,2,4,0,0,,6,2,644.8840017052777,1,1,6999.0,0.0,0
463,2026-04-21,1,1,0,0,,2,1,254.78992545749998,1,1,12999.0,0.0,0
464,2026-04-21,2,4,1,0,,7,2,4.493076736388889,1,1,6999.0,0.0,0
466,2026-04-21,3,5,1,0,,9,3,45.246559293611114,2,2,5443.444444444444,0.0,0
467,2026-04-21,1,1,0,0,,2,2,479.9262545863889,1,1,6999.0,0.0,0
468,2026-04-21,1,3,0,0,,4,1,341.37029645833337,2,1,9999.0,0.0,0
469,2026-04-21,1,1,0,0,,2,1,62.487884540555555,1,1,8999.0,0.0,0
470,2026-04-21,2,5,1,2,,10,2,214.55535040138886,2,2,9999.0,9999.0,0
472,2026-04-21,2,4,0,0,,6,2,123.3726632088889,1,1,6999.0,0.0,0
473,2026-04-21,3,4,1,0,,8,3,17.161287689166667,2,2,6249.0,0.0,0
476,2026-04-21,1,3,0,0,,4,1,669.7181844427778,2,2,8499.0,0.0,0
478,2026-04-21,4,10,0,0,,14,4,162.78443217722224,3,3,8427.57142857143,0.0,0
479,2026-04-21,3,6,0,0,,9,3,152.25014461,2,1,10776.777777777777,0.0,0
480,2026-04-21,3,7,1,0,,11,3,235.75749070194442,1,1,4999.0,0.0,0
481,2026-04-21,1,2,0,0,,3,1,401.96904259138887,1,1,4999.0,0.0,0
482,2026-04-21,2,4,0,0,,6,2,122.09883683777778,1,1,6999.0,0.0,0
485,2026-04-21,2,4,0,0,,6,2,243.0925401836111,1,1,6999.0,0.0,0
486,2026-04-21,1,3,0,0,,4,1,93.95940923861112,1,1,6999.0,0.0,0
487,2026-04-21,1,1,0,0,,2,1,724.0040733811111,1,1,8999.0,0.0,0
488,2026-04-21,2,2,0,0,,4,2,196.5405722391667,1,1,4999.0,0.0,0
489,2026-04-21,1,2,0,0,,3,1,288.9704086902778,1,1,6999.0,0.0,0
490,2026-04-21,3,6,0,0,,9,3,69.71611284944444,2,1,11665.666666666666,0.0,0
491,2026-04-21,4,8,2,4,4.0,22,4,322.20741729,1,1,4999.0,4999.0,0
492,2026-04-21,3,4,0,0,,7,3,31.64176976,2,2,9570.42857142857,0.0,0
493,2026-04-21,2,4,2,0,,8,2,579.2252147975,1,1,6999.0,0.0,0
494,2026-04-21,1,2,1,0,,4,1,451.89801368972223,2,1,11999.0,0.0,0
497,2026-04-21,2,4,0,0,,6,2,20.612724544444443,2,1,12332.333333333334,0.0,0
498,2026-04-21,1,1,0,0,,2,1,614.4040832358334,1,1,4999.0,0.0,0
499,2026-04-21,1,2,0,0,,3,1,34.339195474722224,1,1,6999.0,0.0,0
5,2026-04-28,3,6,1,0,,10,3,16.396334814166668,4,3,7199.0,0.0,0
6,2026-04-28,1,1,1,0,,3,1,553.0831420922223,1,1,6999.0,0.0,0
7,2026-04-28,2,3,0,2,2.0,9,2,54.32230205388889,2,2,5887.888888888889,5999.0,0
8,2026-04-28,1,2,1,0,,4,1,764.7194908927778,2,1,11999.0,0.0,0
9,2026-04-28,2,4,1,0,,7,2,394.3884253577778,2,1,11284.714285714286,0.0,0
12,2026-04-28,2,6,0,0,,8,2,624.6255626233334,2,2,5999.0,0.0,0
13,2026-04-28,2,4,2,0,,8,2,460.66690642055556,2,2,7749.0,0.0,0
14,2026-04-28,1,3,0,0,,4,1,805.828117165,1,1,4999.0,0.0,0
15,2026-04-28,2,3,0,2,1.0,8,2,235.13805005722224,2,2,5999.0,4999.0,1
18,2026-04-28,1,2,0,0,,3,1,431.39598391805555,1,1,12999.0,0.0,0
19,2026-04-28,3,5,2,0,,10,2,106.4307099013889,2,2,6199.0,0.0,0
20,2026-04-28,2,3,2,0,,7,2,33.16587462166667,3,3,8713.285714285714,0.0,0
21,2026-04-28,1,2,0,0,,3,1,711.6798929652778,2,1,10332.333333333334,0.0,0
22,2026-04-28,2,3,2,2,2.0,11,2,49.10463456972222,2,1,10817.181818181818,10999.0,1
23,2026-04-28,3,6,1,0,,10,3,31.164032323055554,2,2,5799.0,0.0,0
24,2026-04-28,1,3,0,0,,4,1,850.062953125,2,1,10999.0,0.0,0
25,2026-04-28,3,4,1,0,,8,3,184.94620798805556,1,1,6999.0,0.0,0
26,2026-04-28,2,3,2,1,,8,2,254.4607290736111,1,1,4999.0,4999.0,0
27,2026-04-28,3,4,0,0,,7,3,336.11476415305555,3,3,8141.857142857143,0.0,0
28,2026-04-28,2,4,1,0,,7,1,178.71851718583332,3,3,7570.428571428572,0.0,0
30,2026-04-28,3,5,1,0,,9,3,450.3983376475,2,2,6554.555555555556,0.0,0
31,2026-04-28,4,7,2,3,,16,4,612.3418727769443,3,2,10124.0,10332.333333333334,0
32,2026-04-28,1,2,1,0,,4,1,477.11149674027774,2,2,7499.0,0.0,0
33,2026-04-28,2,2,2,1,,7,2,471.6218509363889,2,2,7856.142857142857,6999.0,0
34,2026-04-28,2,2,1,0,,5,2,383.4881335263889,2,2,6199.0,0.0,0
35,2026-04-28,1,3,1,0,,5,1,837.4392278016667,2,2,6599.0,0.0,0
36,2026-04-28,3,7,1,1,,12,3,234.87239614083336,3,3,7332.333333333333,6999.0,0
37,2026-04-28,1,1,1,0,,3,1,772.9738704619444,1,1,4999.0,0.0,0
38,2026-04-28,1,3,1,0,,5,1,347.9973959552778,2,1,12199.0,0.0,0
39,2026-04-28,1,3,1,0,,5,1,544.9203712272223,1,1,4999.0,0.0,1
41,2026-04-28,2,5,0,0,,7,2,394.5296624886111,2,2,8713.285714285714,0.0,0
43,2026-04-28,2,4,1,1,,8,2,272.51213600722224,3,2,11249.0,12999.0,0
44,2026-04-28,3,7,0,0,,10,3,123.56234195833333,1,1,4999.0,0.0,0
45,2026-04-28,1,1,0,0,,2,1,962.8900016377778,1,1,8999.0,0.0,0
46,2026-04-28,2,6,0,0,,8,2,36.93157436055556,3,2,10499.0,0.0,0
47,2026-04-28,2,5,0,0,,7,2,476.0524293205555,1,1,6999.0,0.0,0
48,2026-04-28,2,3,0,0,,5,2,33.463866360555556,2,2,8199.0,0.0,0
49,2026-04-28,3,9,2,0,,14,3,138.35311453111112,2,2,5284.714285714285,0.0,0
50,2026-04-28,1,1,0,0,,2,1,818.6223967847221,1,1,6999.0,0.0,0
51,2026-04-28,2,5,0,0,,7,2,318.5414212633333,3,2,10713.285714285714,0.0,0
52,2026-04-28,3,7,2,1,,13,3,121.73346676166668,3,2,9460.538461538461,8999.0,0
53,2026-04-28,4,9,0,0,,13,4,76.9625699625,2,2,5306.692307692308,0.0,0
54,2026-04-28,1,3,0,0,,4,1,264.5936031877778,3,2,10499.0,0.0,0
55,2026-04-28,1,3,0,0,,4,1,398.32435295416667,1,1,4999.0,0.0,0
56,2026-04-28,3,5,0,0,,8,3,804.8187709219444,2,2,5999.0,0.0,0
57,2026-04-28,1,1,1,0,,3,1,317.4864713358333,1,1,4999.0,0.0,0
58,2026-04-28,1,3,1,0,,5,1,524.6326997080555,1,1,4999.0,0.0,0
60,2026-04-28,2,6,1,1,,10,2,72.02874979277777,1,1,4999.0,4999.0,0
61,2026-04-28,1,1,0,0,,2,1,557.0192666961111,1,1,8999.0,0.0,0
62,2026-04-28,1,3,0,0,,4,1,188.97834137944443,1,1,4999.0,0.0,0
64,2026-04-28,1,2,0,1,,4,1,694.7712851522223,1,1,4999.0,4999.0,0
65,2026-04-28,2,5,0,0,,7,2,113.99340221166668,3,2,8141.857142857143,0.0,0
66,2026-04-28,2,4,1,1,,8,2,341.93330453333334,2,2,8499.0,6999.0,0
67,2026-04-28,1,3,1,0,,5,1,492.88990415416663,1,1,12999.0,0.0,0
68,2026-04-28,2,3,0,0,,5,2,141.79220081,2,1,11399.0,0.0,0
70,2026-04-28,2,3,0,0,,5,2,264.51078786194444,1,1,6999.0,0.0,0
71,2026-04-28,2,4,1,2,2.0,11,1,816.8497901122223,1,1,6999.0,6999.0,0
72,2026-04-28,2,3,0,0,,5,2,243.2279058038889,2,2,8199.0,0.0,0
73,2026-04-28,3,6,1,0,,10,3,209.74548287333332,2,2,5199.0,0.0,0
74,2026-04-28,4,8,0,0,,12,3,123.4649534275,3,3,6999.0,0.0,0
75,2026-04-28,4,9,4,1,,18,4,563.5666067344445,4,3,8665.666666666666,8999.0,0
76,2026-04-28,1,1,0,0,,2,1,441.0384979897222,1,1,4999.0,0.0,0
77,2026-04-28,3,6,2,0,,11,3,27.473776175277777,2,2,7544.454545454545,0.0,0
78,2026-04-28,2,5,0,0,,7,2,126.43112993944445,2,2,5856.142857142857,0.0,0
79,2026-04-28,3,5,2,0,,10,3,173.22453067583334,2,2,7599.0,0.0,0
80,2026-04-28,3,7,2,0,,12,3,61.53428824861111,2,2,7499.0,0.0,0
81,2026-04-28,2,4,1,0,,7,2,122.18599052916667,2,2,5570.428571428572,0.0,0
82,2026-04-28,4,8,3,1,,16,4,655.7677550155555,3,2,11624.0,12999.0,0
83,2026-04-28,1,3,0,0,,4,1,379.82459051250004,2,1,9999.0,0.0,0
84,2026-04-28,3,5,2,1,,11,2,122.68216333722222,2,2,5726.272727272727,4999.0,0
86,2026-04-28,5,11,2,0,,18,5,206.61838252083334,2,2,5887.888888888889,0.0,0
87,2026-04-28,2,6,0,0,,8,2,597.208728266111,1,1,6999.0,0.0,0
89,2026-04-28,2,3,0,0,,5,2,18.89305513,1,1,4999.0,0.0,0
90,2026-04-28,1,1,0,0,,2,1,320.81041709416667,1,1,8999.0,0.0,0
92,2026-04-28,1,2,0,0,,3,1,633.1367275438888,1,1,8999.0,0.0,0
93,2026-04-28,3,7,0,3,2.0,15,3,593.8246448616667,2,2,8599.0,8999.0,0
94,2026-04-28,1,2,0,0,,3,1,289.8697699111111,1,1,4999.0,0.0,0
95,2026-04-28,3,4,2,0,,9,3,31.860093916944443,3,3,6110.111111111111,0.0,0
97,2026-04-28,2,3,0,0,,5,2,41.50773113166667,2,1,9799.0,0.0,0
98,2026-04-28,1,2,0,0,,3,1,620.9746956369445,1,1,6999.0,0.0,0
99,2026-04-28,3,8,1,0,,12,2,80.33568038555556,1,1,6999.0,0.0,0
100,2026-04-28,2,3,1,0,,6,2,219.95838924472224,2,2,5665.666666666667,0.0,0
101,2026-04-28,5,11,4,2,,22,5,194.40309780444446,2,1,11544.454545454546,10999.0,0
102,2026-04-28,3,4,3,3,2.0,15,3,63.701514143611114,2,2,5265.666666666667,4999.0,0
103,2026-04-28,3,4,0,0,,7,3,444.8634288933333,1,1,8999.0,0.0,0
104,2026-04-28,2,5,0,0,,7,2,838.1187091283333,2,2,7570.428571428572,0.0,0
105,2026-04-28,3,9,1,1,,14,3,75.19772572388888,3,2,11570.42857142857,12999.0,0
106,2026-04-28,1,1,0,0,,2,1,455.5018798722222,1,1,6999.0,0.0,0
107,2026-04-28,3,8,0,0,,11,3,76.89760970527779,2,2,6635.363636363636,0.0,0
108,2026-04-28,3,6,0,0,,9,3,204.61076257944444,2,1,11221.222222222223,0.0,0
109,2026-04-28,2,5,0,0,,7,2,155.23669098444444,2,2,5284.714285714285,0.0,0
110,2026-04-28,2,3,1,0,,6,2,206.54270437805553,1,1,4999.0,0.0,0
111,2026-04-28,2,4,1,0,,7,2,294.3209848780556,3,2,9856.142857142857,0.0,0
112,2026-04-28,2,4,1,0,,7,2,764.3149507869445,1,1,4999.0,0.0,0
113,2026-04-28,3,4,1,3,3.0,14,3,113.97231438194446,1,1,8999.0,8999.0,1
114,2026-04-28,4,7,1,0,,12,4,175.83132330944446,2,1,11999.0,0.0,0
116,2026-04-28,2,3,0,0,,5,2,381.9253294027778,1,1,6999.0,0.0,0
118,2026-04-28,3,6,2,1,,12,3,116.01905595777778,2,2,7665.666666666667,4999.0,0
119,2026-04-28,1,1,0,0,,2,1,532.3394245227778,1,1,12999.0,0.0,0
120,2026-04-28,2,4,0,0,,6,2,350.0725245897222,3,2,8665.666666666666,0.0,0
121,2026-04-28,2,4,0,0,,6,1,492.3366426869444,2,2,6332.333333333333,0.0,0
122,2026-04-28,1,2,0,0,,3,1,181.29910419805555,1,1,6999.0,0.0,0
123,2026-04-28,2,5,1,0,,8,2,462.01723109805556,1,1,6999.0,0.0,0
124,2026-04-28,2,4,0,0,,6,2,131.4134589361111,1,1,6999.0,0.0,0
125,2026-04-28,2,3,1,1,,7,2,462.9142771408333,1,1,6999.0,6999.0,0
126,2026-04-28,3,6,1,0,,10,3,149.5031727363889,2,2,5599.0,0.0,0
127,2026-04-28,2,2,1,0,,5,2,0.9355719997222222,1,1,4999.0,0.0,0
128,2026-04-28,3,4,1,1,,9,3,392.1312106191666,2,1,12110.111111111111,12999.0,0
129,2026-04-28,3,6,2,0,,11,3,539.4269563683333,2,2,8089.909090909091,0.0,0
130,2026-04-28,1,2,0,0,,3,1,803.0927870216667,2,2,10332.333333333334,0.0,0
133,2026-04-28,1,2,1,1,,5,1,729.063447636111,2,2,5399.0,4999.0,0
135,2026-04-28,1,1,1,0,,3,1,678.6746838483333,1,1,12999.0,0.0,0
136,2026-04-28,1,2,1,0,,4,1,642.6362357986111,1,1,4999.0,0.0,0
137,2026-04-28,2,3,0,2,1.0,8,2,178.55807246527777,1,1,4999.0,4999.0,1
138,2026-04-28,1,3,0,0,,4,1,433.5782161972222,2,2,5999.0,0.0,0
139,2026-04-28,2,5,0,0,,7,2,831.0483229891666,1,1,6999.0,0.0,0
140,2026-04-28,2,3,0,0,,5,2,148.0974155613889,1,1,4999.0,0.0,0
141,2026-04-28,3,5,0,0,,8,2,437.4774789527778,2,2,6749.0,0.0,0
142,2026-04-28,4,9,2,4,3.0,22,4,217.88290146444444,3,3,6635.363636363636,6499.0,0
143,2026-04-28,1,3,1,0,,5,1,241.39226611805555,1,1,6999.0,0.0,0
144,2026-04-28,2,3,1,1,1.0,8,2,432.07474395916665,2,2,6249.0,6999.0,0
145,2026-04-28,4,6,3,1,,14,4,210.23465041583333,2,1,10999.0,8999.0,0
146,2026-04-28,3,5,2,3,3.0,16,3,77.14260744916666,1,1,4999.0,4999.0,0
148,2026-04-28,1,2,0,0,,3,2,431.95577783444446,1,1,4999.0,0.0,0
149,2026-04-28,1,3,0,0,,4,1,229.28848108111112,2,2,7999.0,0.0,0
150,2026-04-28,1,3,0,0,,4,1,134.28776656472223,1,1,4999.0,0.0,0
151,2026-04-28,1,3,0,0,,4,1,665.6037801125,2,1,11999.0,0.0,0
152,2026-04-28,1,2,0,0,,3,1,744.6706294788888,2,2,6332.333333333333,0.0,0
153,2026-04-28,2,5,0,0,,7,2,381.2281780322222,2,1,10713.285714285714,0.0,0
154,2026-04-28,1,2,1,0,,4,1,949.9780188938888,1,1,6999.0,0.0,0
155,2026-04-28,2,2,0,0,,4,2,705.2366217872222,2,2,5999.0,0.0,0
156,2026-04-28,1,1,1,1,,4,1,577.4822605741667,1,1,6999.0,6999.0,0
157,2026-04-28,4,4,1,4,4.0,17,4,5.924154363055556,2,2,5469.588235294118,5499.0,1
158,2026-04-28,1,3,1,0,,5,1,537.6287223825001,1,1,12999.0,0.0,0
161,2026-04-28,2,3,0,0,,5,2,3.0198957716666666,1,1,4999.0,0.0,0
163,2026-04-28,2,3,0,1,,6,2,94.19061486694444,1,1,8999.0,8999.0,0
164,2026-04-28,4,8,3,4,3.0,22,3,114.12377762138888,1,1,6999.0,6999.0,0
165,2026-04-28,1,3,1,1,1.0,7,1,49.58509198805556,3,2,8999.0,8999.0,0
166,2026-04-28,5,9,4,5,4.0,27,5,157.56351654416667,2,2,7443.444444444444,7399.0,0
167,2026-04-28,2,4,2,0,,8,2,1.4793181330555556,3,2,10749.0,0.0,0
168,2026-04-28,2,5,2,2,1.0,12,2,374.2561014113889,1,1,4999.0,4999.0,1
169,2026-04-28,2,3,0,0,,5,2,545.6580606883333,1,1,8999.0,0.0,0
170,2026-04-28,2,5,0,0,,7,2,638.8206136447222,2,1,11284.714285714286,0.0,0
171,2026-04-28,3,9,2,1,,15,3,56.49849083777777,3,2,7665.666666666667,6999.0,0
172,2026-04-28,1,3,0,0,,4,1,349.18928602305556,2,2,7499.0,0.0,0
173,2026-04-28,2,4,0,0,,6,2,162.03794890722222,2,2,7999.0,0.0,0
175,2026-04-28,4,9,1,0,,14,4,486.7275059113889,3,2,10427.57142857143,0.0,0
177,2026-04-28,4,7,1,0,,12,4,37.73574700138889,1,1,4999.0,0.0,0
178,2026-04-28,3,5,1,0,,9,3,35.158550043611115,3,2,9443.444444444445,0.0,0
179,2026-04-28,1,3,0,0,,4,1,183.47713867416667,1,1,6999.0,0.0,0
180,2026-04-28,2,4,0,0,,6,3,404.2281775597222,1,1,4999.0,0.0,0
181,2026-04-28,3,6,0,0,,9,3,56.11769116138889,3,2,8110.111111111111,0.0,0
182,2026-04-28,1,1,0,0,,2,1,151.55698895972222,1,1,12999.0,0.0,0
183,2026-04-28,2,4,0,0,,6,2,285.45760263305556,2,2,5665.666666666667,0.0,0
184,2026-04-28,2,2,1,0,,5,2,299.46098797499997,1,1,4999.0,0.0,0
185,2026-04-28,4,6,2,0,,12,4,77.63183540861111,2,1,9999.0,0.0,0
186,2026-04-28,1,1,1,0,,3,1,975.1170364477778,1,1,6999.0,0.0,0
187,2026-04-28,2,5,2,0,,9,2,278.9932525019444,2,2,5443.444444444444,0.0,0
189,2026-04-28,1,1,1,0,,3,1,198.18491272361112,1,1,6999.0,0.0,0
190,2026-04-28,2,5,0,0,,7,2,187.07522052666667,3,3,7570.428571428572,0.0,0
191,2026-04-28,1,3,0,0,,4,1,705.1656175869444,1,1,6999.0,0.0,0
193,2026-04-28,2,4,1,0,,7,1,936.6287312616666,3,2,8999.0,0.0,0
195,2026-04-28,3,6,1,0,,10,2,630.0426233788888,1,1,4999.0,0.0,0
196,2026-04-28,1,1,1,0,,3,1,796.5170578788889,1,1,6999.0,0.0,0
197,2026-04-28,3,5,2,1,,11,3,63.26071465388889,2,1,11180.818181818182,12999.0,0
198,2026-04-28,1,2,1,0,,4,1,348.0964831180556,2,1,11999.0,0.0,0
199,2026-04-28,3,6,1,1,,11,3,43.11386547694444,3,2,8089.909090909091,6999.0,0
200,2026-04-28,2,5,1,2,2.0,12,3,23.50511155722222,1,1,6999.0,6999.0,1
201,2026-04-28,3,5,1,0,,9,3,34.69455946777778,3,2,9221.222222222223,0.0,0
202,2026-04-28,2,5,1,0,,8,2,415.2445717247222,2,1,11499.0,0.0,0
204,2026-04-28,2,3,1,1,,7,2,140.6341007886111,1,1,6999.0,6999.0,0
206,2026-04-28,2,3,2,1,1.0,9,1,956.4902646069445,1,1,6999.0,6999.0,0
207,2026-04-28,1,2,0,0,,3,1,713.6217283777778,1,1,8999.0,0.0,0
208,2026-04-28,3,3,0,0,,6,3,289.35845171277776,2,1,10332.333333333334,0.0,0
209,2026-04-28,4,6,3,0,,13,4,139.11542349222222,1,1,4999.0,0.0,0
210,2026-04-28,1,3,0,0,,4,1,430.5405560386111,3,3,9499.0,0.0,0
211,2026-04-28,1,3,1,0,,5,1,524.8496123150001,2,1,9799.0,0.0,0
212,2026-04-28,4,8,1,0,,13,4,231.5620177663889,2,1,10537.461538461539,0.0,0
213,2026-04-28,1,2,0,0,,3,1,702.9092027797222,1,1,8999.0,0.0,0
214,2026-04-28,1,3,0,0,,4,1,75.68862287833333,2,2,6499.0,0.0,0
215,2026-04-28,2,5,0,0,,7,2,202.22861217305555,2,1,11284.714285714286,0.0,0
216,2026-04-28,2,5,0,2,1.0,10,2,704.849097885,2,2,7599.0,7999.0,0
217,2026-04-28,2,4,0,0,,6,2,214.07998609333336,2,2,5665.666666666667,0.0,0
218,2026-04-28,2,2,0,0,,4,2,223.1350712752778,1,1,4999.0,0.0,0
219,2026-04-28,2,2,0,0,,4,2,351.2375702213889,2,1,10999.0,0.0,0
220,2026-04-28,1,3,0,0,,4,1,936.0213015405556,2,1,10999.0,0.0,0
221,2026-04-28,3,5,2,1,1.0,12,3,284.27783338805557,3,2,8332.333333333334,8999.0,0
222,2026-04-28,2,4,0,0,,6,2,378.88984918972227,1,1,6999.0,0.0,0
223,2026-04-28,4,6,2,2,,14,4,362.1603566627778,2,2,7141.857142857143,6999.0,0
224,2026-04-28,4,8,1,4,3.0,20,4,74.43424783027778,2,2,7099.0,6999.0,0
225,2026-04-28,1,3,1,0,,5,1,96.96709997694444,1,1,6999.0,0.0,0
226,2026-04-28,1,1,0,0,,2,1,577.9644752019444,1,1,8999.0,0.0,0
227,2026-04-28,3,5,3,0,,11,3,354.3498442733333,2,2,6089.909090909091,0.0,0
228,2026-04-28,4,7,2,2,1.0,16,4,69.12551573166667,2,2,7124.0,6999.0,0
229,2026-04-28,2,2,0,0,,4,2,205.63603603250002,2,2,8999.0,0.0,0
230,2026-04-28,3,7,1,0,,11,3,437.71782590361113,2,2,6453.545454545455,0.0,0
231,2026-04-28,3,4,1,0,,8,3,604.9560401244445,3,3,6999.0,0.0,0
232,2026-04-28,1,1,0,0,,2,1,34.42890470638889,1,1,6999.0,0.0,0
234,2026-04-28,2,4,1,0,,7,2,588.0470210922223,3,2,8141.857142857143,0.0,0
235,2026-04-28,2,4,1,1,,8,2,7.074556886944445,2,1,10999.0,12999.0,0
236,2026-04-28,1,1,1,1,,4,1,196.0141639086111,1,1,6999.0,6999.0,0
237,2026-04-28,4,6,2,0,,12,4,258.64003781083335,2,2,5665.666666666667,0.0,0
238,2026-04-28,1,1,0,0,,2,1,181.72728897444443,1,1,4999.0,0.0,0
239,2026-04-28,2,4,1,0,,7,2,429.30860170555553,2,1,11284.714285714286,0.0,0
240,2026-04-28,3,7,3,2,1.0,16,4,102.92378789388889,4,3,7499.0,8999.0,0
241,2026-04-28,2,3,1,0,,6,2,104.33675032111111,1,1,4999.0,0.0,0
242,2026-04-28,2,6,1,1,,10,2,539.5078481069445,2,2,6799.0,6999.0,0
243,2026-04-28,3,3,1,0,,7,3,894.4770194575001,2,2,8427.57142857143,0.0,0
244,2026-04-28,1,1,0,0,,2,1,625.5674159038889,1,1,12999.0,0.0,0
245,2026-04-28,1,1,1,0,,3,1,282.401328695,1,1,4999.0,0.0,0
246,2026-04-28,1,1,0,0,,2,1,598.2968857752777,1,1,4999.0,0.0,0
247,2026-04-28,1,1,0,0,,2,1,729.5869152658333,1,1,12999.0,0.0,0
248,2026-04-28,1,3,1,0,,5,2,959.7571948522221,2,1,9799.0,0.0,0
250,2026-04-28,1,3,0,0,,4,1,67.78436475027777,2,1,11999.0,0.0,0
252,2026-04-28,3,7,0,0,,10,3,251.51502309027777,3,2,8799.0,0.0,0
253,2026-04-28,2,3,0,0,,5,2,139.4928681738889,2,1,12199.0,0.0,0
255,2026-04-28,1,3,0,0,,4,1,49.366965899444445,1,1,6999.0,0.0,0
256,2026-04-28,2,4,2,0,,8,2,221.95414837833331,1,1,4999.0,0.0,0
257,2026-04-28,1,3,1,0,,5,2,503.6499920102778,1,1,12999.0,0.0,0
258,2026-04-28,3,5,0,0,,8,3,742.9363093680556,1,1,6999.0,0.0,0
259,2026-04-28,3,5,2,3,2.0,15,3,194.70387466055556,2,2,7532.333333333333,7665.666666666667,0
260,2026-04-28,2,3,0,0,,5,2,419.3846892358334,1,1,8999.0,0.0,0
261,2026-04-28,4,8,1,0,,13,4,46.35309069694444,2,1,10229.76923076923,0.0,0
263,2026-04-28,3,8,1,0,,12,3,610.3239676958333,1,1,6999.0,0.0,0
264,2026-04-28,1,1,0,0,,2,1,121.39785799388889,1,1,4999.0,0.0,0
265,2026-04-28,2,6,1,0,,9,2,81.8806965938889,2,2,7665.666666666667,0.0,0
266,2026-04-28,1,1,0,0,,2,1,552.07311608,1,1,6999.0,0.0,0
267,2026-04-28,3,9,1,0,,13,3,314.6614499872222,2,2,5460.538461538462,0.0,0
268,2026-04-28,3,7,0,3,2.0,15,2,700.6372673958333,3,3,6599.0,6332.333333333333,0
269,2026-04-28,3,5,1,0,,9,3,184.1881546438889,2,2,12332.333333333334,0.0,0
270,2026-04-28,2,6,0,0,,8,2,208.1308171525,2,2,6499.0,0.0,0
271,2026-04-28,2,4,0,0,,6,2,227.9621536361111,3,2,9665.666666666666,0.0,0
272,2026-04-28,4,7,2,2,,15,4,295.6053401927778,1,1,4999.0,4999.0,0
274,2026-04-28,1,1,0,0,,2,1,206.25903179222223,1,1,4999.0,0.0,0
275,2026-04-28,3,5,1,0,,9,3,324.70166704194446,3,3,7887.888888888889,0.0,0
276,2026-04-28,5,9,1,0,,15,5,195.37270404333333,3,2,7665.666666666667,0.0,0
277,2026-04-28,1,1,0,0,,2,1,353.92873059,1,1,4999.0,0.0,0
278,2026-04-28,1,1,0,0,,2,1,484.73149411555556,1,1,6999.0,0.0,0
279,2026-04-28,1,3,0,0,,4,1,714.1818353125,2,1,10999.0,0.0,0
280,2026-04-28,5,14,3,0,,22,4,100.44654141694444,4,3,5999.0,0.0,0
281,2026-04-28,2,4,2,0,,8,2,105.76191191111111,2,2,7499.0,0.0,0
282,2026-04-28,2,5,1,0,,8,2,236.1484049413889,3,2,10249.0,0.0,0
283,2026-04-28,2,3,1,2,1.0,9,2,371.0287684547222,1,1,6999.0,6999.0,0
284,2026-04-28,2,5,1,0,,8,2,241.40754167583336,2,2,5499.0,0.0,0
285,2026-04-28,3,3,2,3,2.0,13,3,544.7848055177777,3,2,8999.0,8999.0,0
286,2026-04-28,3,7,0,0,,10,3,84.07226273472222,1,1,6999.0,0.0,0
288,2026-04-28,3,5,0,3,3.0,14,3,608.107656558889,2,1,10713.285714285714,10332.333333333334,0
289,2026-04-28,1,1,0,0,,2,1,430.3642456980555,1,1,6999.0,0.0,0
290,2026-04-28,2,4,0,0,,6,2,184.9400235475,3,2,9332.333333333334,0.0,0
291,2026-04-28,4,8,0,0,,12,4,43.80422780888889,4,3,8332.333333333334,0.0,0
292,2026-04-28,2,6,1,0,,9,2,51.396389891944445,2,2,6776.777777777777,0.0,0
293,2026-04-28,1,1,1,0,,3,1,101.56572183277778,1,1,12999.0,0.0,0
294,2026-04-28,3,5,1,0,,9,3,70.61241974055555,2,2,6776.777777777777,0.0,0
295,2026-04-28,4,8,0,0,,12,4,103.08124831250001,2,1,11665.666666666666,0.0,0
296,2026-04-28,2,6,0,0,,8,2,698.8074403519445,2,2,5499.0,0.0,0
297,2026-04-28,2,4,1,0,,7,2,271.18280983861115,1,1,12999.0,0.0,0
298,2026-04-28,1,3,0,0,,4,1,416.77713983166666,1,1,6999.0,0.0,0
299,2026-04-28,2,4,1,2,1.0,10,2,294.8329787772222,2,2,9399.0,9999.0,1
300,2026-04-28,3,8,0,0,,11,3,223.4290785636111,3,3,6999.0,0.0,0
301,2026-04-28,1,3,0,0,,4,1,44.58950022277778,3,3,9499.0,0.0,0
303,2026-04-28,1,2,0,0,,3,1,249.42291458,1,1,8999.0,0.0,0
304,2026-04-28,3,4,1,0,,8,3,661.43627424,2,2,5249.0,0.0,0
305,2026-04-28,1,3,0,0,,4,1,2.8677420472222224,1,1,4999.0,0.0,0
306,2026-04-28,1,1,0,0,,2,1,532.6154650558333,1,1,4999.0,0.0,0
307,2026-04-28,1,1,0,0,,2,1,732.7062187952778,1,1,8999.0,0.0,0
308,2026-04-28,3,6,0,0,,9,3,276.94198152444443,2,2,7443.444444444444,0.0,0
309,2026-04-28,1,3,1,0,,5,1,472.4682408816667,2,2,8199.0,0.0,0
310,2026-04-28,1,2,1,1,1.0,6,1,529.0001733455556,2,2,7999.0,6999.0,1
311,2026-04-28,1,3,1,0,,5,1,953.8975361575,1,1,4999.0,0.0,0
312,2026-04-28,1,3,0,0,,4,1,672.4167534522222,2,2,6999.0,0.0,0
313,2026-04-28,6,13,3,1,,23,6,566.7676466769444,3,2,5520.739130434783,4999.0,0
314,2026-04-28,2,5,0,0,,7,2,383.08207167666666,1,1,4999.0,0.0,0
315,2026-04-28,2,5,0,0,,7,3,226.52405930888887,2,2,7284.714285714285,0.0,0
316,2026-04-28,2,5,0,0,,7,2,193.1692901963889,2,1,11856.142857142857,0.0,0
317,2026-04-28,3,4,1,3,2.0,13,3,78.29309716861111,2,1,11460.538461538461,11665.666666666666,1
318,2026-04-28,2,3,0,0,,5,2,511.0454083502778,1,1,6999.0,0.0,0
319,2026-04-28,4,11,3,0,,18,5,107.73207954361112,4,3,8221.222222222223,0.0,0
320,2026-04-28,2,3,0,2,1.0,8,2,499.5863008263889,1,1,4999.0,4999.0,0
321,2026-04-28,1,2,0,0,,3,1,697.9473009497223,1,1,4999.0,0.0,0
323,2026-04-28,3,3,1,3,1.0,11,3,606.1230833997222,2,2,9180.818181818182,8999.0,0
325,2026-04-28,2,4,0,0,,6,2,382.6596586061111,2,2,5332.333333333333,0.0,0
327,2026-04-28,3,5,1,2,,11,3,6.496810893888889,1,1,4999.0,4999.0,0
329,2026-04-28,2,2,0,1,1.0,6,2,123.95386220027778,1,1,6999.0,6999.0,0
330,2026-04-28,3,8,0,0,,11,3,109.68317475333333,2,2,5726.272727272727,0.0,0
332,2026-04-28,1,2,1,0,,4,1,769.4029306452778,1,1,4999.0,0.0,0
333,2026-04-28,2,2,1,1,,6,2,7.882794292500001,1,1,12999.0,12999.0,0
334,2026-04-28,2,5,0,0,,7,2,580.6298229202778,2,2,7284.714285714285,0.0,0
335,2026-04-28,2,5,0,0,,7,2,452.9146298466667,1,1,6999.0,0.0,0
336,2026-04-28,3,7,0,0,,10,3,96.72828710388889,2,2,6599.0,0.0,0
337,2026-04-28,3,5,1,0,,9,3,316.4333406536111,3,3,7221.222222222223,0.0,0
338,2026-04-28,2,5,0,0,,7,2,826.1657713869445,1,1,6999.0,0.0,0
340,2026-04-28,2,3,1,1,,7,2,764.2142099622222,1,1,4999.0,4999.0,0
341,2026-04-28,1,1,0,1,1.0,4,1,88.72031043027778,1,1,4999.0,4999.0,1
343,2026-04-28,1,1,1,0,,3,1,167.24286121527777,1,1,6999.0,0.0,0
344,2026-04-28,1,3,1,0,,5,1,541.6072897975,2,1,9799.0,0.0,0
345,2026-04-28,2,5,1,1,1.0,10,2,405.52397110666664,1,1,4999.0,4999.0,0
346,2026-04-28,2,4,1,1,,8,2,41.77056071194444,3,2,10249.0,12999.0,0
347,2026-04-28,1,3,0,0,,4,1,951.8907722575,1,1,4999.0,0.0,0
349,2026-04-28,1,1,0,0,,2,1,565.0347467602778,1,1,8999.0,0.0,0
351,2026-04-28,2,3,0,0,,5,2,7.7460633266666665,1,1,4999.0,0.0,0
354,2026-04-28,2,2,2,1,1.0,8,2,46.57260464055556,2,1,11499.0,12999.0,0
356,2026-04-28,3,8,0,0,,11,3,17.869310609166668,3,3,7362.636363636364,0.0,0
357,2026-04-28,2,6,0,0,,8,2,177.44779308138888,3,2,11499.0,0.0,0
358,2026-04-28,3,5,3,0,,11,3,110.27375924111111,3,3,5544.454545454545,0.0,0
359,2026-04-28,5,12,3,5,3.0,28,5,133.04411801,3,3,5641.857142857143,5399.0,1
360,2026-04-28,2,4,1,2,1.0,10,2,901.1731203261111,2,1,10599.0,10999.0,0
361,2026-04-28,4,7,2,4,3.0,20,4,226.28619238138887,2,1,12399.0,12999.0,0
362,2026-04-28,2,5,1,1,,9,2,770.627573485,2,2,7665.666666666667,6999.0,0
363,2026-04-28,3,5,1,3,2.0,14,3,123.03592560527778,1,1,4999.0,4999.0,0
364,2026-04-28,3,5,0,0,,8,3,269.9295096036111,3,3,6499.0,0.0,0
365,2026-04-28,3,6,0,0,,9,3,342.8782726591666,2,1,11665.666666666666,0.0,0
366,2026-04-28,2,4,2,0,,8,2,26.187372228055555,2,2,5749.0,0.0,0
368,2026-04-28,2,5,0,0,,7,2,324.40001323083334,2,1,10713.285714285714,0.0,0
369,2026-04-28,1,3,1,1,,6,1,383.43391259388886,2,2,7332.333333333333,6999.0,0
370,2026-04-28,1,3,1,0,,5,1,922.0119975130555,1,1,4999.0,0.0,0
371,2026-04-28,2,5,1,0,,8,2,669.5821731794445,3,2,8999.0,0.0,0
372,2026-04-28,2,4,1,2,2.0,11,2,429.36701959916667,1,1,4999.0,4999.0,0
373,2026-04-28,4,6,1,0,,11,4,129.8514908713889,2,2,7544.454545454545,0.0,0
374,2026-04-28,1,2,0,0,,3,1,478.57688941416666,2,1,10332.333333333334,0.0,0
375,2026-04-28,1,1,0,0,,2,1,426.03411677555556,1,1,8999.0,0.0,0
376,2026-04-28,2,6,1,0,,9,2,741.6566279305555,2,2,5443.444444444444,0.0,0
377,2026-04-28,4,10,2,4,3.0,23,5,85.29354591166667,1,1,6999.0,6999.0,0
378,2026-04-28,3,7,0,0,,10,3,443.06495695111107,2,2,5799.0,0.0,0
380,2026-04-28,3,8,3,3,3.0,20,3,265.25837724166666,1,1,4999.0,4999.0,0
381,2026-04-28,1,3,0,0,,4,1,595.8000778430555,2,2,6499.0,0.0,0
383,2026-04-28,2,3,0,0,,5,2,287.72653197638886,2,1,12199.0,0.0,0
385,2026-04-28,4,7,0,0,,11,4,88.548927165,3,2,10453.545454545454,0.0,0
386,2026-04-28,4,6,0,0,,10,4,0.8374085602777779,3,2,10599.0,0.0,0
387,2026-04-28,2,4,1,2,1.0,10,2,93.95738169055555,2,1,10199.0,10999.0,0
388,2026-04-28,3,6,3,0,,12,3,321.3431892597222,3,2,8665.666666666666,0.0,0
389,2026-04-28,4,9,1,1,,15,2,750.1953899333333,2,2,7132.333333333333,6999.0,0
390,2026-04-28,4,8,3,0,,15,4,181.4361617025,2,1,12732.333333333334,0.0,0
391,2026-04-28,1,1,0,0,,2,1,948.9410936541666,1,1,8999.0,0.0,0
392,2026-04-28,1,2,0,0,,3,1,843.9153111208334,2,2,8332.333333333334,0.0,0
393,2026-04-28,3,7,1,0,,11,3,114.59786408916668,3,2,10635.363636363636,0.0,0
394,2026-04-28,2,3,0,0,,5,2,410.13438417500004,1,1,6999.0,0.0,0
396,2026-04-28,3,5,1,0,,9,3,6.364451683333334,1,1,4999.0,0.0,0
397,2026-04-28,4,7,1,0,,12,4,77.80416084027777,1,1,4999.0,0.0,0
398,2026-04-28,2,4,1,1,,8,2,63.33143643888889,3,2,9999.0,12999.0,0
399,2026-04-28,1,2,0,0,,3,1,887.0900293008334,1,1,6999.0,0.0,0
400,2026-04-28,1,2,0,0,,3,1,737.6891738641667,1,1,4999.0,0.0,0
401,2026-04-28,2,5,0,0,,7,2,58.93137441972222,2,1,11856.142857142857,0.0,0
402,2026-04-28,1,3,1,1,,6,1,912.4652236902778,2,1,9665.666666666666,8999.0,0
403,2026-04-28,1,2,0,0,,3,1,661.6010723280556,1,1,6999.0,0.0,0
404,2026-04-28,2,4,2,2,2.0,12,2,394.33009764444444,1,1,6999.0,6999.0,0
405,2026-04-28,2,4,1,1,1.0,9,2,1.606612938888889,2,2,6776.777777777777,6999.0,0
406,2026-04-28,2,4,0,0,,6,2,921.3419894344445,1,1,6999.0,0.0,0
407,2026-04-28,3,6,2,0,,11,3,7.440848415555555,4,3,7544.454545454545,0.0,0
408,2026-04-28,1,2,0,0,,3,1,31.853523272222223,1,1,6999.0,0.0,0
409,2026-04-28,4,9,2,1,,16,3,221.2066037247222,3,2,10374.0,8999.0,0
410,2026-04-28,2,5,0,0,,7,2,20.66136030888889,2,2,5856.142857142857,0.0,0
411,2026-04-28,2,3,1,0,,6,2,6.721312614722223,2,2,6665.666666666667,0.0,0
412,2026-04-28,2,4,0,0,,6,2,43.827601601944444,3,3,7332.333333333333,0.0,0
415,2026-04-28,3,5,1,0,,9,3,281.5734737591667,2,2,5887.888888888889,0.0,0
416,2026-04-28,1,3,0,0,,4,1,189.39313420916667,1,1,4999.0,0.0,0
417,2026-04-28,2,4,0,0,,6,3,407.8105397347222,3,3,7332.333333333333,0.0,0
418,2026-04-28,2,5,0,0,,7,2,32.59486762555555,3,3,8427.57142857143,0.0,0
419,2026-04-28,2,3,2,0,,7,2,586.3249827130555,2,1,9570.42857142857,0.0,0
420,2026-04-28,1,1,0,0,,2,1,952.9908643586111,1,1,8999.0,0.0,0
421,2026-04-28,2,3,0,0,,5,2,89.61401685638889,1,1,4999.0,0.0,0
423,2026-04-28,2,3,2,1,1.0,9,2,182.42677289416667,2,2,8999.0,6999.0,0
424,2026-04-28,2,3,1,0,,6,2,359.6528970091666,2,2,6332.333333333333,0.0,0
425,2026-04-28,2,4,1,0,,7,2,151.45061585527776,2,2,5570.428571428572,0.0,0
426,2026-04-28,1,1,1,1,1.0,5,1,407.2091266891667,1,1,6999.0,6999.0,1
427,2026-04-28,3,6,1,0,,10,3,67.22317868416667,1,1,4999.0,0.0,0
428,2026-04-28,2,4,0,2,,8,2,646.5957004733333,2,1,11499.0,10999.0,0
429,2026-04-28,3,6,2,0,,11,2,602.2132012825,2,1,11544.454545454546,0.0,0
430,2026-04-28,4,10,0,0,,14,4,181.06204745166667,2,1,11284.714285714286,0.0,0
432,2026-04-28,1,2,1,0,,4,1,894.8551995125,1,1,8999.0,0.0,0
434,2026-04-28,1,2,0,0,,3,1,126.49420630416667,2,2,10332.333333333334,0.0,0
435,2026-04-28,1,3,0,0,,4,1,624.2133489194443,2,2,8999.0,0.0,0
436,2026-04-28,2,5,0,0,,7,2,530.7189361552778,1,1,6999.0,0.0,0
437,2026-04-28,4,8,3,3,1.0,19,4,159.0783022938889,1,1,4999.0,4999.0,0
438,2026-04-28,3,6,1,0,,10,3,196.74145548805555,1,1,6999.0,0.0,0
439,2026-04-28,3,6,1,0,,10,3,307.75485659583336,2,2,5399.0,0.0,0
440,2026-04-28,4,10,3,4,3.0,24,5,95.88957831416667,1,1,6999.0,6999.0,0
441,2026-04-28,4,8,1,0,,13,4,203.4027782377778,2,2,6229.7692307692305,0.0,0
442,2026-04-28,3,5,0,0,,8,3,133.32242187388889,2,2,5249.0,0.0,0
443,2026-04-28,1,3,0,0,,4,1,817.0581467269444,3,2,9499.0,0.0,0
444,2026-04-28,1,3,0,0,,4,1,871.1187574927778,1,1,4999.0,0.0,0
445,2026-04-28,3,6,1,3,3.0,16,4,455.70558307083337,3,3,7124.0,7665.666666666667,0
446,2026-04-28,4,10,2,2,1.0,19,4,148.85808329055556,3,2,10472.684210526315,10999.0,0
447,2026-04-28,1,2,0,0,,3,1,153.94360440138888,1,1,4999.0,0.0,0
448,2026-04-28,1,2,0,0,,3,1,433.04877574333335,1,1,8999.0,0.0,0
449,2026-04-28,5,10,1,5,3.0,24,5,44.01370202361111,2,2,5249.0,5399.0,0
450,2026-04-28,1,2,0,0,,3,1,434.7710776122222,1,1,4999.0,0.0,0
451,2026-04-28,2,2,0,0,,4,2,739.241971935,1,1,6999.0,0.0,0
452,2026-04-28,1,1,0,0,,2,1,190.95533870833333,1,1,8999.0,0.0,0
453,2026-04-28,1,1,1,0,,3,1,196.94739077111112,1,1,4999.0,0.0,0
455,2026-04-28,1,2,1,0,,4,1,666.3918940961112,1,1,6999.0,0.0,0
456,2026-04-28,3,3,1,1,,8,3,393.29695735916664,1,1,4999.0,4999.0,0
457,2026-04-28,1,3,0,0,,4,1,430.0504004697222,1,1,6999.0,0.0,0
458,2026-04-28,1,2,0,0,,3,1,201.10242889944445,1,1,12999.0,0.0,0
459,2026-04-28,3,4,1,0,,8,3,108.69932304749999,3,2,10499.0,0.0,0
460,2026-04-28,1,2,0,0,,3,1,876.0818560291666,2,1,10332.333333333334,0.0,0
461,2026-04-28,1,1,0,0,,2,1,523.1762265352778,1,1,4999.0,0.0,0
462,2026-04-28,2,4,0,0,,6,2,812.8840017052777,1,1,6999.0,0.0,0
463,2026-04-28,1,1,0,0,,2,1,422.7899254575,1,1,12999.0,0.0,0
464,2026-04-28,3,5,2,0,,10,3,113.29930189694444,2,2,8799.0,0.0,0
466,2026-04-28,3,5,1,0,,9,3,213.2465592936111,2,2,5443.444444444444,0.0,0
467,2026-04-28,2,4,0,0,,6,3,17.256228410555554,1,1,6999.0,0.0,0
468,2026-04-28,1,3,0,0,,4,1,509.37029645833337,2,1,9999.0,0.0,0
469,2026-04-28,4,10,1,0,,15,4,42.21648968305555,2,1,9532.333333333334,0.0,0
470,2026-04-28,2,5,1,2,,10,2,382.5553504013889,2,2,9999.0,9999.0,0
471,2026-04-28,2,5,1,2,1.0,11,2,0.36495936027777776,1,1,6999.0,6999.0,0
472,2026-04-28,2,4,0,0,,6,2,291.3726632088889,1,1,6999.0,0.0,0
473,2026-04-28,3,4,1,0,,8,3,185.16128768916664,2,2,6249.0,0.0,0
476,2026-04-28,1,3,0,0,,4,1,837.7181844427778,2,2,8499.0,0.0,0
478,2026-04-28,4,10,0,0,,14,4,330.7844321772222,3,3,8427.57142857143,0.0,0
479,2026-04-28,3,6,0,0,,9,3,320.25014460999995,2,1,10776.777777777777,0.0,0
480,2026-04-28,3,7,1,0,,11,3,403.75749070194445,1,1,4999.0,0.0,0
481,2026-04-28,1,2,0,0,,3,1,569.9690425913889,1,1,4999.0,0.0,0
482,2026-04-28,2,4,0,0,,6,2,290.09883683777775,1,1,6999.0,0.0,0
483,2026-04-28,2,4,2,1,,9,2,76.91497922222221,1,1,4999.0,4999.0,0
484,2026-04-28,1,3,0,0,,4,1,31.331375796111114,1,1,8999.0,0.0,0
485,2026-04-28,4,9,0,0,,13,5,18.021852813055556,3,3,7306.692307692308,0.0,0
486,2026-04-28,1,3,0,0,,4,1,261.9594092386111,1,1,6999.0,0.0,0
487,2026-04-28,1,1,0,0,,2,1,892.0040733811111,1,1,8999.0,0.0,0
488,2026-04-28,2,2,0,0,,4,2,364.5405722391667,1,1,4999.0,0.0,0
489,2026-04-28,1,2,0,0,,3,1,456.9704086902778,1,1,6999.0,0.0,0
490,2026-04-28,3,6,0,0,,9,3,237.71611284944444,2,1,11665.666666666666,0.0,0
491,2026-04-28,4,8,2,4,4.0,22,4,490.20741729,1,1,4999.0,4999.0,1
492,2026-04-28,3,4,0,0,,7,3,199.64176976000002,2,2,9570.42857142857,0.0,0
493,2026-04-28,2,4,2,0,,8,2,747.2252147975,1,1,6999.0,0.0,0
494,2026-04-28,2,3,1,0,,6,2,50.44716238027778,2,1,10999.0,0.0,0
496,2026-04-28,1,1,0,0,,2,1,43.280939010277784,1,1,4999.0,0.0,0
497,2026-04-28,2,4,0,0,,6,2,188.61272454444446,2,1,12332.333333333334,0.0,0
498,2026-04-28,1,1,0,0,,2,1,782.4040832358334,1,1,4999.0,0.0,0
499,2026-04-28,1,2,0,0,,3,1,202.33919547472223,1,1,6999.0,0.0,0
5,2026-05-05,3,6,1,0,,10,3,184.39633481416666,4,3,7199.0,0.0,0
6,2026-05-05,2,4,1,0,,7,2,130.11413719055554,1,1,6999.0,0.0,0
7,2026-05-05,2,3,0,2,2.0,9,2,222.32230205388888,2,2,5887.888888888889,5999.0,0
8,2026-05-05,1,2,1,0,,4,1,932.7194908927778,2,1,11999.0,0.0,0
9,2026-05-05,2,4,1,0,,7,2,562.3884253577778,2,1,11284.714285714286,0.0,0
12,2026-05-05,2,6,0,0,,8,2,792.6255626233334,2,2,5999.0,0.0,0
13,2026-05-05,3,5,3,0,,11,3,136.5807766136111,2,2,7544.454545454545,0.0,0
14,2026-05-05,2,6,0,0,,8,2,113.29740294944445,1,1,4999.0,0.0,0
15,2026-05-05,3,5,0,3,2.0,13,3,135.57545427416667,3,2,5922.076923076923,4999.0,0
16,2026-05-05,1,3,0,0,,4,1,11.859639448333334,2,2,5499.0,0.0,0
18,2026-05-05,1,2,0,0,,3,1,599.3959839180555,1,1,12999.0,0.0,0
19,2026-05-05,3,5,2,0,,10,2,274.43070990138887,2,2,6199.0,0.0,0
20,2026-05-05,4,6,3,0,,13,4,134.4818501588889,4,3,9768.23076923077,0.0,0
21,2026-05-05,1,2,0,0,,3,1,879.6798929652778,2,1,10332.333333333334,0.0,0
22,2026-05-05,3,5,2,3,3.0,16,3,107.05958435055555,3,2,10124.0,10332.333333333334,0
23,2026-05-05,4,7,1,0,,12,4,155.74762958805556,2,2,5999.0,0.0,0
24,2026-05-05,1,3,0,0,,4,1,1018.062953125,2,1,10999.0,0.0,0
25,2026-05-05,4,5,1,0,,10,4,90.60100297805556,1,1,6999.0,0.0,0
26,2026-05-05,3,6,3,1,,13,3,67.3571492875,1,1,4999.0,4999.0,0
27,2026-05-05,3,4,0,0,,7,3,504.11476415305555,3,3,8141.857142857143,0.0,0
28,2026-05-05,2,4,1,0,,7,1,346.7185171858333,3,3,7570.428571428572,0.0,0
30,2026-05-05,3,5,1,0,,9,3,618.3983376475001,2,2,6554.555555555556,0.0,0
31,2026-05-05,4,7,2,3,,16,4,780.3418727769443,3,2,10124.0,10332.333333333334,0
32,2026-05-05,1,2,1,0,,4,1,645.1114967402779,2,2,7499.0,0.0,0
33,2026-05-05,2,2,2,1,,7,2,639.6218509363889,2,2,7856.142857142857,6999.0,0
34,2026-05-05,2,2,1,0,,5,2,551.4881335263889,2,2,6199.0,0.0,0
35,2026-05-05,2,4,1,0,,7,2,113.54800132888889,2,2,6713.285714285715,0.0,0
36,2026-05-05,3,7,1,1,,12,3,402.87239614083336,3,3,7332.333333333333,6999.0,0
37,2026-05-05,1,1,1,0,,3,1,940.9738704619444,1,1,4999.0,0.0,0
38,2026-05-05,1,3,1,0,,5,1,515.9973959552779,2,1,12199.0,0.0,0
39,2026-05-05,3,7,2,1,1.0,14,3,27.033431211388887,1,1,4999.0,4999.0,0
41,2026-05-05,3,6,0,0,,9,3,142.27867030250002,2,2,8776.777777777777,0.0,0
43,2026-05-05,2,4,1,1,,8,2,440.5121360072222,3,2,11249.0,12999.0,0
44,2026-05-05,3,7,0,0,,10,3,291.5623419583333,1,1,4999.0,0.0,0
45,2026-05-05,1,1,0,0,,2,1,1130.890001637778,1,1,8999.0,0.0,0
46,2026-05-05,2,6,0,0,,8,2,204.93157436055554,3,2,10499.0,0.0,0
47,2026-05-05,2,5,0,0,,7,2,644.0524293205556,1,1,6999.0,0.0,0
48,2026-05-05,2,3,0,0,,5,2,201.46386636055556,2,2,8199.0,0.0,0
49,2026-05-05,3,9,2,0,,14,3,306.35311453111115,2,2,5284.714285714285,0.0,0
50,2026-05-05,1,1,0,0,,2,1,986.6223967847221,1,1,6999.0,0.0,0
51,2026-05-05,4,11,0,0,,15,4,41.60223811083333,3,2,10332.333333333334,0.0,0
52,2026-05-05,3,7,2,1,,13,3,289.73346676166665,3,2,9460.538461538461,8999.0,0
53,2026-05-05,4,9,0,0,,13,4,244.9625699625,2,2,5306.692307692308,0.0,0
54,2026-05-05,1,3,0,0,,4,1,432.5936031877778,3,2,10499.0,0.0,0
55,2026-05-05,1,3,0,0,,4,1,566.3243529541667,1,1,4999.0,0.0,0
56,2026-05-05,3,5,0,0,,8,3,972.8187709219444,2,2,5999.0,0.0,0
57,2026-05-05,1,1,1,0,,3,1,485.4864713358333,1,1,4999.0,0.0,0
58,2026-05-05,1,3,1,0,,5,1,692.6326997080555,1,1,4999.0,0.0,0
59,2026-05-05,1,1,0,0,,2,1,10.807726354722222,1,1,12999.0,0.0,0
60,2026-05-05,2,6,1,1,,10,2,240.02874979277777,1,1,4999.0,4999.0,0
61,2026-05-05,2,2,0,0,,4,2,134.88768119444444,2,2,7999.0,0.0,0
62,2026-05-05,1,3,0,0,,4,1,356.9783413794445,1,1,4999.0,0.0,0
64,2026-05-05,2,5,1,1,,9,2,56.05101294972222,1,1,4999.0,4999.0,0
65,2026-05-05,2,5,0,0,,7,2,281.99340221166665,3,2,8141.857142857143,0.0,0
66,2026-05-05,2,4,1,1,,8,2,509.93330453333334,2,2,8499.0,6999.0,0
67,2026-05-05,1,3,1,0,,5,1,660.8899041541667,1,1,12999.0,0.0,0
68,2026-05-05,2,3,0,0,,5,2,309.79220081,2,1,11399.0,0.0,0
70,2026-05-05,3,4,0,0,,7,3,20.781491584722225,1,1,6999.0,0.0,0
71,2026-05-05,2,4,1,2,2.0,11,1,984.8497901122223,1,1,6999.0,6999.0,1
72,2026-05-05,2,3,0,0,,5,2,411.2279058038889,2,2,8199.0,0.0,0
73,2026-05-05,3,6,1,0,,10,3,377.74548287333334,2,2,5199.0,0.0,0
74,2026-05-05,5,9,0,0,,14,4,161.43268714583334,3,3,6999.0,0.0,0
75,2026-05-05,4,9,4,1,,18,4,731.5666067344445,4,3,8665.666666666666,8999.0,0
76,2026-05-05,1,1,0,0,,2,1,609.0384979897223,1,1,4999.0,0.0,0
77,2026-05-05,3,6,2,0,,11,3,195.4737761752778,2,2,7544.454545454545,0.0,0
78,2026-05-05,3,7,0,0,,10,3,97.94207870333332,3,3,5999.0,0.0,0
79,2026-05-05,3,5,2,0,,10,3,341.22453067583336,2,2,7599.0,0.0,0
80,2026-05-05,3,7,2,0,,12,3,229.5342882486111,2,2,7499.0,0.0,0
81,2026-05-05,2,4,1,0,,7,2,290.18599052916665,2,2,5570.428571428572,0.0,0
82,2026-05-05,4,8,3,1,,16,4,823.7677550155555,3,2,11624.0,12999.0,0
83,2026-05-05,2,6,0,0,,8,2,39.01231735694444,3,2,9999.0,0.0,0
84,2026-05-05,3,5,2,1,,11,2,290.6821633372222,2,2,5726.272727272727,4999.0,0
86,2026-05-05,5,11,2,0,,18,5,374.61838252083334,2,2,5887.888888888889,0.0,0
87,2026-05-05,3,7,0,0,,10,3,54.48884730722222,1,1,6999.0,0.0,0
89,2026-05-05,2,3,0,0,,5,2,186.89305513,1,1,4999.0,0.0,0
90,2026-05-05,1,1,0,0,,2,1,488.81041709416667,1,1,8999.0,0.0,0
91,2026-05-05,1,3,0,0,,4,1,37.82859999222222,3,2,8999.0,0.0,0
92,2026-05-05,1,2,0,0,,3,1,801.1367275438888,1,1,8999.0,0.0,0
93,2026-05-05,3,7,0,3,2.0,15,3,761.8246448616667,2,2,8599.0,8999.0,0
94,2026-05-05,2,3,1,0,,6,2,96.03246465000001,1,1,4999.0,0.0,0
95,2026-05-05,4,5,2,0,,11,4,62.84826175083334,4,3,7362.636363636364,0.0,0
97,2026-05-05,4,8,1,0,,13,4,24.461616478333333,3,2,9922.076923076924,0.0,0
98,2026-05-05,1,2,0,0,,3,1,788.9746956369445,1,1,6999.0,0.0,0
99,2026-05-05,3,8,1,0,,12,2,248.33568038555555,1,1,6999.0,0.0,0
100,2026-05-05,2,3,1,0,,6,2,387.9583892447222,2,2,5665.666666666667,0.0,0
101,2026-05-05,6,13,4,2,,25,6,88.68158749277778,2,1,11559.0,10999.0,0
102,2026-05-05,3,4,3,3,2.0,15,3,231.7015141436111,2,2,5265.666666666667,4999.0,0
103,2026-05-05,3,4,0,0,,7,3,612.8634288933334,1,1,8999.0,0.0,0
104,2026-05-05,2,5,0,0,,7,2,1006.1187091283333,2,2,7570.428571428572,0.0,0
105,2026-05-05,3,9,1,1,,14,3,243.19772572388888,3,2,11570.42857142857,12999.0,0
106,2026-05-05,2,2,1,0,,5,2,114.41631356750001,1,1,6999.0,0.0,0
107,2026-05-05,3,8,0,0,,11,3,244.89760970527777,2,2,6635.363636363636,0.0,0
108,2026-05-05,3,6,0,0,,9,3,372.61076257944444,2,1,11221.222222222223,0.0,0
109,2026-05-05,2,5,0,0,,7,2,323.23669098444446,2,2,5284.714285714285,0.0,0
110,2026-05-05,3,4,1,0,,8,3,118.30213279416667,1,1,4999.0,0.0,0
111,2026-05-05,2,4,1,0,,7,2,462.3209848780556,3,2,9856.142857142857,0.0,0
112,2026-05-05,3,6,2,0,,11,3,164.31581498833336,2,2,5726.272727272727,0.0,0
113,2026-05-05,4,6,1,4,4.0,19,4,14.644578361111112,2,1,9841.105263157895,9999.0,0
114,2026-05-05,6,13,1,0,,20,6,82.05681807611111,2,1,11199.0,0.0,0
116,2026-05-05,3,6,0,0,,9,3,161.14451907583336,1,1,6999.0,0.0,0
118,2026-05-05,3,6,2,1,,12,3,284.01905595777777,2,2,7665.666666666667,4999.0,0
119,2026-05-05,3,6,0,0,,9,3,19.807737645833335,2,1,10776.777777777777,0.0,0
120,2026-05-05,2,4,0,0,,6,2,518.0725245897222,3,2,8665.666666666666,0.0,0
121,2026-05-05,2,4,0,0,,6,1,660.3366426869444,2,2,6332.333333333333,0.0,0
122,2026-05-05,1,2,0,0,,3,1,349.2991041980556,1,1,6999.0,0.0,0
123,2026-05-05,2,5,1,0,,8,2,630.0172310980555,1,1,6999.0,0.0,0
124,2026-05-05,2,4,0,0,,6,2,299.4134589361111,1,1,6999.0,0.0,0
125,2026-05-05,2,3,1,1,,7,2,630.9142771408333,1,1,6999.0,6999.0,0
126,2026-05-05,3,6,1,0,,10,3,317.5031727363889,2,2,5599.0,0.0,0
127,2026-05-05,2,2,1,0,,5,2,168.9355719997222,1,1,4999.0,0.0,0
128,2026-05-05,3,4,1,1,,9,3,560.1312106191666,2,1,12110.111111111111,12999.0,0
129,2026-05-05,3,6,2,0,,11,3,707.4269563683333,2,2,8089.909090909091,0.0,0
130,2026-05-05,2,5,1,0,,8,2,153.82739831722222,3,2,11499.0,0.0,0
133,2026-05-05,1,2,1,1,,5,1,897.063447636111,2,2,5399.0,4999.0,0
135,2026-05-05,1,1,1,0,,3,1,846.6746838483333,1,1,12999.0,0.0,0
136,2026-05-05,1,2,1,0,,4,1,810.6362357986111,1,1,4999.0,0.0,0
137,2026-05-05,3,4,0,3,2.0,12,3,34.337202454166665,1,1,4999.0,4999.0,0
138,2026-05-05,1,3,0,0,,4,1,601.5782161972221,2,2,5999.0,0.0,0
139,2026-05-05,3,7,0,0,,10,3,86.72406950055556,1,1,6999.0,0.0,0
140,2026-05-05,3,5,0,0,,8,3,13.676761729166667,1,1,4999.0,0.0,0
141,2026-05-05,3,5,0,0,,8,2,605.4774789527778,2,2,6749.0,0.0,0
142,2026-05-05,4,9,2,4,3.0,22,4,385.88290146444444,3,3,6635.363636363636,6499.0,0
143,2026-05-05,1,3,1,0,,5,1,409.39226611805555,1,1,6999.0,0.0,0
144,2026-05-05,2,3,1,1,1.0,8,2,600.0747439591667,2,2,6249.0,6999.0,0
145,2026-05-05,4,6,3,1,,14,4,378.2346504158333,2,1,10999.0,8999.0,0
146,2026-05-05,3,5,2,3,3.0,16,3,245.14260744916666,1,1,4999.0,4999.0,0
148,2026-05-05,2,4,0,0,,6,3,12.599805012222223,1,1,4999.0,0.0,0
149,2026-05-05,2,6,0,0,,8,2,98.10934537472222,3,2,8249.0,0.0,0
150,2026-05-05,1,3,0,0,,4,1,302.28776656472223,1,1,4999.0,0.0,0
151,2026-05-05,1,3,0,0,,4,1,833.6037801125,2,1,11999.0,0.0,0
152,2026-05-05,1,2,0,0,,3,1,912.6706294788888,2,2,6332.333333333333,0.0,0
153,2026-05-05,2,5,0,0,,7,2,549.2281780322222,2,1,10713.285714285714,0.0,0
154,2026-05-05,1,2,1,0,,4,1,1117.978018893889,1,1,6999.0,0.0,0
155,2026-05-05,2,2,0,0,,4,2,873.2366217872222,2,2,5999.0,0.0,0
156,2026-05-05,1,1,1,1,,4,1,745.4822605741667,1,1,6999.0,6999.0,0
157,2026-05-05,5,7,1,5,5.0,23,5,127.47038096055554,2,2,5346.826086956522,5399.0,0
158,2026-05-05,1,3,1,0,,5,1,705.6287223825,1,1,12999.0,0.0,0
160,2026-05-05,1,2,0,0,,3,1,25.608263348055555,1,1,6999.0,0.0,0
161,2026-05-05,2,3,0,0,,5,2,171.01989577166668,1,1,4999.0,0.0,0
162,2026-05-05,2,4,0,2,2.0,10,2,41.56270689305556,2,2,6599.0,6999.0,1
163,2026-05-05,2,3,0,1,,6,2,262.19061486694443,1,1,8999.0,8999.0,0
164,2026-05-05,5,9,3,5,3.0,25,4,167.55841406916667,2,2,7719.0,8199.0,0
165,2026-05-05,1,3,1,1,1.0,7,1,217.58509198805555,3,2,8999.0,8999.0,1
166,2026-05-05,5,9,4,5,4.0,27,5,325.5635165441667,2,2,7443.444444444444,7399.0,1
167,2026-05-05,2,4,2,0,,8,2,169.47931813305556,3,2,10749.0,0.0,0
168,2026-05-05,4,9,2,4,3.0,22,4,91.71932647361112,2,2,7908.090909090909,8999.0,1
169,2026-05-05,2,3,0,0,,5,2,713.6580606883333,1,1,8999.0,0.0,0
170,2026-05-05,4,8,0,0,,12,4,7.696481785833333,2,1,11999.0,0.0,0
171,2026-05-05,3,9,2,1,,15,3,224.49849083777778,3,2,7665.666666666667,6999.0,1
172,2026-05-05,2,6,0,0,,8,2,140.5923184861111,2,2,7249.0,0.0,0
173,2026-05-05,2,4,0,0,,6,2,330.0379489072222,2,2,7999.0,0.0,0
175,2026-05-05,4,9,1,0,,14,4,654.7275059113889,3,2,10427.57142857143,0.0,0
176,2026-05-05,1,2,1,0,,4,1,68.235134105,1,1,4999.0,0.0,0
177,2026-05-05,5,8,2,0,,15,5,2.8923124522222223,1,1,4999.0,0.0,0
178,2026-05-05,3,5,1,0,,9,3,203.1585500436111,3,2,9443.444444444445,0.0,0
179,2026-05-05,2,5,0,0,,7,2,73.40972892833334,1,1,6999.0,0.0,0
180,2026-05-05,3,6,0,0,,9,4,94.08726091027778,1,1,4999.0,0.0,0
181,2026-05-05,3,6,0,0,,9,3,224.11769116138888,3,2,8110.111111111111,0.0,0
182,2026-05-05,1,1,0,0,,2,1,319.5569889597222,1,1,12999.0,0.0,0
183,2026-05-05,2,4,0,0,,6,2,453.45760263305556,2,2,5665.666666666667,0.0,0
184,2026-05-05,2,2,1,0,,5,2,467.46098797499997,1,1,4999.0,0.0,0
185,2026-05-05,4,6,2,0,,12,4,245.63183540861112,2,1,9999.0,0.0,0
186,2026-05-05,1,1,1,0,,3,1,1143.1170364477778,1,1,6999.0,0.0,0
187,2026-05-05,3,6,2,0,,11,3,123.03352646972222,2,2,5362.636363636364,0.0,0
189,2026-05-05,1,1,1,0,,3,1,366.1849127236111,1,1,6999.0,0.0,0
190,2026-05-05,3,8,1,0,,12,3,124.36628476277778,3,3,7332.333333333333,0.0,0
191,2026-05-05,1,3,0,0,,4,1,873.1656175869444,1,1,6999.0,0.0,0
193,2026-05-05,3,7,1,0,,11,2,132.27410541666666,3,2,7544.454545454545,0.0,0
194,2026-05-05,1,1,1,1,,4,1,116.47490021,1,1,4999.0,4999.0,0
195,2026-05-05,3,6,1,0,,10,2,798.0426233788888,1,1,4999.0,0.0,0
196,2026-05-05,1,1,1,0,,3,1,964.5170578788889,1,1,6999.0,0.0,0
197,2026-05-05,4,7,2,2,,15,4,41.71518673916667,2,1,10599.0,10999.0,0
198,2026-05-05,1,2,1,0,,4,1,516.0964831180555,2,1,11999.0,0.0,0
199,2026-05-05,3,6,1,1,,11,3,211.11386547694445,3,2,8089.909090909091,6999.0,0
200,2026-05-05,4,11,2,4,3.0,24,5,5.33733746,3,2,7832.333333333333,8499.0,0
201,2026-05-05,4,7,1,0,,12,4,152.52829247166667,3,2,8832.333333333334,0.0,0
202,2026-05-05,3,8,1,0,,12,3,105.20870646861111,2,1,11332.333333333334,0.0,0
203,2026-05-05,1,3,0,0,,4,1,10.63477059111111,1,1,8999.0,0.0,0
204,2026-05-05,2,3,1,1,,7,2,308.6341007886111,1,1,6999.0,6999.0,0
206,2026-05-05,2,3,2,1,1.0,9,1,1124.4902646069445,1,1,6999.0,6999.0,0
207,2026-05-05,1,2,0,0,,3,1,881.6217283777778,1,1,8999.0,0.0,0
208,2026-05-05,4,6,0,0,,10,4,58.06932268,3,2,9399.0,0.0,0
209,2026-05-05,4,6,3,0,,13,4,307.1154234922222,1,1,4999.0,0.0,0
210,2026-05-05,1,3,0,0,,4,1,598.5405560386112,3,3,9499.0,0.0,0
211,2026-05-05,1,3,1,0,,5,1,692.8496123150001,2,1,9799.0,0.0,0
212,2026-05-05,4,8,1,0,,13,4,399.56201776638886,2,1,10537.461538461539,0.0,0
213,2026-05-05,1,2,0,0,,3,1,870.9092027797222,1,1,8999.0,0.0,0
214,2026-05-05,2,4,0,0,,6,2,14.534961715833335,3,3,8665.666666666666,0.0,0
215,2026-05-05,2,5,0,0,,7,2,370.2286121730556,2,1,11284.714285714286,0.0,0
216,2026-05-05,2,5,0,2,1.0,10,2,872.849097885,2,2,7599.0,7999.0,1
217,2026-05-05,2,4,0,0,,6,2,382.07998609333333,2,2,5665.666666666667,0.0,0
218,2026-05-05,3,3,0,0,,6,3,40.460707281666664,1,1,4999.0,0.0,0
219,2026-05-05,2,2,0,0,,4,2,519.2375702213889,2,1,10999.0,0.0,0
220,2026-05-05,1,3,0,0,,4,1,1104.0213015405557,2,1,10999.0,0.0,0
221,2026-05-05,5,11,2,2,1.0,21,5,114.28815687305556,3,2,9189.47619047619,10999.0,0
222,2026-05-05,2,4,0,0,,6,2,546.8898491897222,1,1,6999.0,0.0,0
223,2026-05-05,4,6,2,2,,14,4,530.1603566627778,2,2,7141.857142857143,6999.0,0
224,2026-05-05,4,8,1,4,3.0,20,4,242.4342478302778,2,2,7099.0,6999.0,0
225,2026-05-05,1,3,1,0,,5,1,264.96709997694444,1,1,6999.0,0.0,0
226,2026-05-05,1,1,0,0,,2,1,745.9644752019444,1,1,8999.0,0.0,0
227,2026-05-05,3,5,3,0,,11,3,522.3498442733334,2,2,6089.909090909091,0.0,0
228,2026-05-05,5,8,3,2,1.0,19,5,105.57388015111111,2,2,7104.263157894737,6999.0,0
229,2026-05-05,2,2,0,0,,4,2,373.6360360325,2,2,8999.0,0.0,0
230,2026-05-05,4,9,1,0,,14,4,66.60754746583333,2,2,6141.857142857143,0.0,0
231,2026-05-05,3,4,1,0,,8,3,772.9560401244445,3,3,6999.0,0.0,0
232,2026-05-05,2,4,0,0,,6,2,114.36868430611112,1,1,6999.0,0.0,0
234,2026-05-05,2,4,1,0,,7,2,756.0470210922223,3,2,8141.857142857143,0.0,0
235,2026-05-05,2,4,1,1,,8,2,175.07455688694444,2,1,10999.0,12999.0,0
236,2026-05-05,1,1,1,1,,4,1,364.0141639086111,1,1,6999.0,6999.0,0
237,2026-05-05,4,6,2,0,,12,4,426.6400378108333,2,2,5665.666666666667,0.0,0
238,2026-05-05,1,1,0,0,,2,1,349.72728897444443,1,1,4999.0,0.0,0
239,2026-05-05,2,4,1,0,,7,2,597.3086017055556,2,1,11284.714285714286,0.0,0
240,2026-05-05,3,7,3,2,1.0,16,4,270.92378789388886,4,3,7499.0,8999.0,0
241,2026-05-05,3,5,1,0,,9,3,157.80248257722224,1,1,4999.0,0.0,0
242,2026-05-05,2,6,1,1,,10,2,707.5078481069444,2,2,6799.0,6999.0,0
243,2026-05-05,3,3,1,0,,7,3,1062.4770194575,2,2,8427.57142857143,0.0,0
244,2026-05-05,1,1,0,0,,2,1,793.5674159038889,1,1,12999.0,0.0,0
245,2026-05-05,1,1,1,0,,3,1,450.401328695,1,1,4999.0,0.0,0
246,2026-05-05,1,1,0,0,,2,1,766.2968857752777,1,1,4999.0,0.0,0
247,2026-05-05,1,1,0,0,,2,1,897.5869152658333,1,1,12999.0,0.0,0
248,2026-05-05,1,3,1,0,,5,2,1127.7571948522223,2,1,9799.0,0.0,0
250,2026-05-05,1,3,0,0,,4,1,235.78436475027777,2,1,11999.0,0.0,0
252,2026-05-05,3,7,0,0,,10,3,419.51502309027774,3,2,8799.0,0.0,0
253,2026-05-05,2,3,0,0,,5,2,307.4928681738889,2,1,12199.0,0.0,0
254,2026-05-05,1,3,0,0,,4,1,93.05654836861112,2,2,5999.0,0.0,0
255,2026-05-05,1,3,0,0,,4,1,217.36696589944444,1,1,6999.0,0.0,0
256,2026-05-05,3,6,2,0,,11,3,14.589009311111111,1,1,4999.0,0.0,0
257,2026-05-05,1,3,1,0,,5,2,671.6499920102779,1,1,12999.0,0.0,0
258,2026-05-05,3,5,0,0,,8,3,910.9363093680556,1,1,6999.0,0.0,0
259,2026-05-05,3,5,2,3,2.0,15,3,362.7038746605555,2,2,7532.333333333333,7665.666666666667,0
260,2026-05-05,2,3,0,0,,5,2,587.3846892358333,1,1,8999.0,0.0,0
261,2026-05-05,4,8,1,0,,13,4,214.35309069694443,2,1,10229.76923076923,0.0,0
263,2026-05-05,3,8,1,0,,12,3,778.3239676958333,1,1,6999.0,0.0,0
264,2026-05-05,1,1,0,0,,2,1,289.3978579938889,1,1,4999.0,0.0,0
265,2026-05-05,2,6,1,0,,9,2,249.8806965938889,2,2,7665.666666666667,0.0,0
266,2026-05-05,1,1,0,0,,2,1,720.07311608,1,1,6999.0,0.0,0
267,2026-05-05,3,9,1,0,,13,3,482.6614499872222,2,2,5460.538461538462,0.0,0
268,2026-05-05,3,7,0,3,2.0,15,2,868.6372673958333,3,3,6599.0,6332.333333333333,0
269,2026-05-05,3,5,1,0,,9,3,352.1881546438889,2,2,12332.333333333334,0.0,0
270,2026-05-05,2,6,0,0,,8,2,376.1308171525,2,2,6499.0,0.0,0
271,2026-05-05,2,4,0,0,,6,2,395.9621536361111,3,2,9665.666666666666,0.0,0
272,2026-05-05,4,7,2,2,,15,4,463.6053401927778,1,1,4999.0,4999.0,0
274,2026-05-05,1,1,0,0,,2,1,374.2590317922222,1,1,4999.0,0.0,0
275,2026-05-05,4,7,1,0,,12,4,142.22909249083332,3,3,7165.666666666667,0.0,0
276,2026-05-05,5,9,1,0,,15,5,363.37270404333333,3,2,7665.666666666667,0.0,0
277,2026-05-05,1,1,0,0,,2,1,521.92873059,1,1,4999.0,0.0,0
278,2026-05-05,1,1,0,0,,2,1,652.7314941155556,1,1,6999.0,0.0,0
279,2026-05-05,2,5,0,0,,7,3,23.609983798055556,2,1,10141.857142857143,0.0,0
280,2026-05-05,6,15,4,0,,25,5,1.8118483944444446,4,3,5879.0,0.0,0
281,2026-05-05,2,4,2,0,,8,2,273.7619119111111,2,2,7499.0,0.0,0
282,2026-05-05,2,5,1,0,,8,2,404.1484049413889,3,2,10249.0,0.0,0
283,2026-05-05,2,3,1,2,1.0,9,2,539.0287684547222,1,1,6999.0,6999.0,0
284,2026-05-05,2,5,1,0,,8,2,409.40754167583333,2,2,5499.0,0.0,0
285,2026-05-05,3,3,2,3,2.0,13,3,712.7848055177778,3,2,8999.0,8999.0,0
286,2026-05-05,3,7,0,0,,10,3,252.07226273472224,1,1,6999.0,0.0,0
288,2026-05-05,3,5,0,3,3.0,14,3,776.107656558889,2,1,10713.285714285714,10332.333333333334,0
289,2026-05-05,1,1,0,0,,2,1,598.3642456980556,1,1,6999.0,0.0,0
290,2026-05-05,3,7,0,0,,10,3,110.15652887666666,3,2,8399.0,0.0,0
291,2026-05-05,4,8,0,0,,12,4,211.8042278088889,4,3,8332.333333333334,0.0,0
292,2026-05-05,2,6,1,0,,9,2,219.39638989194444,2,2,6776.777777777777,0.0,0
293,2026-05-05,1,1,1,0,,3,1,269.5657218327778,1,1,12999.0,0.0,0
294,2026-05-05,4,6,2,0,,12,4,54.69705743611111,2,2,6832.333333333333,0.0,0
295,2026-05-05,4,8,0,0,,12,4,271.0812483125,2,1,11665.666666666666,0.0,0
296,2026-05-05,2,6,0,0,,8,2,866.8074403519445,2,2,5499.0,0.0,0
297,2026-05-05,2,4,1,0,,7,2,439.1828098386111,1,1,12999.0,0.0,0
298,2026-05-05,1,3,0,0,,4,1,584.7771398316667,1,1,6999.0,0.0,0
299,2026-05-05,3,6,1,3,2.0,15,3,1.2095169991666666,2,2,8599.0,8999.0,1
300,2026-05-05,4,9,0,0,,13,4,116.37321888,3,3,6999.0,0.0,0
301,2026-05-05,1,3,0,0,,4,1,212.5895002227778,3,3,9499.0,0.0,0
302,2026-05-05,1,2,0,0,,3,1,113.29265296222222,1,1,6999.0,0.0,0
303,2026-05-05,1,2,0,0,,3,1,417.42291458,1,1,8999.0,0.0,0
304,2026-05-05,3,4,1,0,,8,3,829.43627424,2,2,5249.0,0.0,0
305,2026-05-05,1,3,0,0,,4,1,170.8677420472222,1,1,4999.0,0.0,0
306,2026-05-05,1,1,0,0,,2,1,700.6154650558333,1,1,4999.0,0.0,0
307,2026-05-05,1,1,0,0,,2,1,900.7062187952778,1,1,8999.0,0.0,0
308,2026-05-05,4,9,0,0,,13,4,22.18941632027778,2,2,7614.384615384615,0.0,0
309,2026-05-05,1,3,1,0,,5,1,640.4682408816666,2,2,8199.0,0.0,0
310,2026-05-05,2,3,1,2,2.0,10,2,36.08114654805556,3,3,6799.0,5999.0,1
311,2026-05-05,1,3,1,0,,5,1,1121.8975361575,1,1,4999.0,0.0,0
312,2026-05-05,1,3,0,0,,4,1,840.4167534522222,2,2,6999.0,0.0,0
313,2026-05-05,6,13,3,1,,23,6,734.7676466769444,3,2,5520.739130434783,4999.0,0
314,2026-05-05,2,5,0,0,,7,2,551.0820716766666,1,1,4999.0,0.0,0
315,2026-05-05,2,5,0,0,,7,3,394.5240593088889,2,2,7284.714285714285,0.0,0
316,2026-05-05,2,5,0,0,,7,2,361.1692901963889,2,1,11856.142857142857,0.0,0
317,2026-05-05,5,7,3,5,4.0,24,5,92.68112556111112,2,1,11332.333333333334,11399.0,0
318,2026-05-05,2,3,0,0,,5,2,679.0454083502777,1,1,6999.0,0.0,0
319,2026-05-05,4,11,3,0,,18,5,275.7320795436111,4,3,8221.222222222223,0.0,0
320,2026-05-05,2,3,0,2,1.0,8,2,667.5863008263889,1,1,4999.0,4999.0,0
321,2026-05-05,1,2,0,0,,3,1,865.9473009497223,1,1,4999.0,0.0,0
323,2026-05-05,3,3,1,3,1.0,11,3,774.1230833997222,2,2,9180.818181818182,8999.0,0
325,2026-05-05,2,4,0,0,,6,2,550.6596586061112,2,2,5332.333333333333,0.0,0
327,2026-05-05,3,5,1,2,,11,3,174.4968108938889,1,1,4999.0,4999.0,0
329,2026-05-05,3,3,1,1,1.0,9,3,140.8139419513889,1,1,6999.0,6999.0,0
330,2026-05-05,3,8,0,0,,11,3,277.68317475333333,2,2,5726.272727272727,0.0,0
332,2026-05-05,2,4,2,0,,8,2,139.88252420805557,1,1,4999.0,0.0,0
333,2026-05-05,2,2,1,1,,6,2,175.8827942925,1,1,12999.0,12999.0,0
334,2026-05-05,2,5,0,0,,7,2,748.6298229202778,2,2,7284.714285714285,0.0,0
335,2026-05-05,2,5,0,0,,7,2,620.9146298466667,1,1,6999.0,0.0,0
336,2026-05-05,3,7,0,0,,10,3,264.7282871038889,2,2,6599.0,0.0,0
337,2026-05-05,3,5,1,0,,9,3,484.4333406536111,3,3,7221.222222222223,0.0,0
338,2026-05-05,4,10,1,0,,15,4,74.72369511583334,2,2,8199.0,0.0,0
340,2026-05-05,3,6,1,2,,12,3,39.797223521944446,1,1,4999.0,4999.0,0
341,2026-05-05,2,2,1,2,2.0,9,2,30.734264124444444,1,1,4999.0,4999.0,0
343,2026-05-05,1,1,1,0,,3,1,335.2428612152778,1,1,6999.0,0.0,0
344,2026-05-05,2,5,2,0,,9,2,22.71178691527778,3,2,10554.555555555555,0.0,0
345,2026-05-05,2,5,1,1,1.0,10,2,573.5239711066666,1,1,4999.0,4999.0,0
346,2026-05-05,2,4,1,1,,8,2,209.77056071194446,3,2,10249.0,12999.0,0
347,2026-05-05,2,4,0,0,,6,2,58.116056960555554,1,1,4999.0,0.0,0
349,2026-05-05,1,1,0,0,,2,1,733.0347467602778,1,1,8999.0,0.0,0
351,2026-05-05,3,4,0,0,,7,3,159.84881893944444,1,1,4999.0,0.0,0
353,2026-05-05,2,2,1,2,,7,2,2.17762801,1,1,6999.0,6999.0,0
354,2026-05-05,3,3,2,1,1.0,10,3,158.591648275,2,1,11799.0,12999.0,0
356,2026-05-05,4,10,0,0,,14,4,13.926689620833333,3,3,7141.857142857143,0.0,0
357,2026-05-05,3,9,0,0,,12,3,41.149139983055555,3,2,11665.666666666666,0.0,0
358,2026-05-05,4,6,3,1,,14,4,79.02558246444445,3,3,5427.571428571428,4999.0,0
359,2026-05-05,6,15,3,6,4.0,34,6,127.31532755722222,3,3,5528.411764705882,5332.333333333333,0
360,2026-05-05,2,4,1,2,1.0,10,2,1069.173120326111,2,1,10599.0,10999.0,0
361,2026-05-05,4,7,2,4,3.0,20,4,394.2861923813889,2,1,12399.0,12999.0,0
362,2026-05-05,2,5,1,1,,9,2,938.627573485,2,2,7665.666666666667,6999.0,0
363,2026-05-05,3,5,1,3,2.0,14,3,291.0359256052778,1,1,4999.0,4999.0,0
364,2026-05-05,3,5,0,0,,8,3,437.92950960361117,3,3,6499.0,0.0,0
365,2026-05-05,3,6,0,0,,9,3,510.8782726591666,2,1,11665.666666666666,0.0,0
366,2026-05-05,2,4,2,0,,8,2,194.18737222805555,2,2,5749.0,0.0,0
368,2026-05-05,3,6,0,0,,9,3,166.24476810527779,2,1,10332.333333333334,0.0,0
369,2026-05-05,2,4,1,1,,8,2,65.35866251916667,2,2,7249.0,6999.0,0
370,2026-05-05,2,4,1,0,,7,2,116.98413881527777,1,1,4999.0,0.0,0
371,2026-05-05,2,5,1,0,,8,2,837.5821731794445,3,2,8999.0,0.0,0
372,2026-05-05,2,4,1,2,2.0,11,2,597.3670195991666,1,1,4999.0,4999.0,1
373,2026-05-05,4,6,1,0,,11,4,297.8514908713889,2,2,7544.454545454545,0.0,0
374,2026-05-05,1,2,0,0,,3,1,646.5768894141667,2,1,10332.333333333334,0.0,0
375,2026-05-05,1,1,0,0,,2,1,594.0341167755556,1,1,8999.0,0.0,0
376,2026-05-05,3,9,2,0,,14,3,151.4122389158333,2,2,5284.714285714285,0.0,0
377,2026-05-05,5,12,2,5,3.0,27,6,68.70496427611111,1,1,6999.0,6999.0,0
378,2026-05-05,3,7,0,0,,10,3,611.0649569511111,2,2,5799.0,0.0,0
380,2026-05-05,3,8,3,3,3.0,20,3,433.2583772416666,1,1,4999.0,4999.0,0
381,2026-05-05,1,3,0,0,,4,1,763.8000778430555,2,2,6499.0,0.0,0
383,2026-05-05,4,5,1,0,,10,4,65.36413990027778,3,2,10999.0,0.0,0
385,2026-05-05,4,7,0,0,,11,4,256.548927165,3,2,10453.545454545454,0.0,0
386,2026-05-05,5,8,0,0,,13,5,55.39286292888889,3,2,10537.461538461539,0.0,0
387,2026-05-05,2,4,1,2,1.0,10,2,261.95738169055556,2,1,10199.0,10999.0,0
388,2026-05-05,4,8,3,0,,15,4,23.525121097777777,3,2,8332.333333333334,0.0,0
389,2026-05-05,4,9,1,1,,15,2,918.1953899333333,2,2,7132.333333333333,6999.0,0
390,2026-05-05,4,8,3,0,,15,4,349.43616170250004,2,1,12732.333333333334,0.0,0
391,2026-05-05,1,1,0,0,,2,1,1116.9410936541667,1,1,8999.0,0.0,0
392,2026-05-05,2,5,1,0,,8,2,115.72671892722224,3,2,8499.0,0.0,0
393,2026-05-05,3,7,1,0,,11,3,282.59786408916665,3,2,10635.363636363636,0.0,0
394,2026-05-05,2,3,0,0,,5,2,578.134384175,1,1,6999.0,0.0,0
396,2026-05-05,3,5,1,0,,9,3,174.36445168333333,1,1,4999.0,0.0,0
397,2026-05-05,6,11,2,1,,20,6,70.46844826833333,2,2,6199.0,12999.0,0
398,2026-05-05,3,7,2,2,,14,3,89.79544601555557,3,2,10999.0,12999.0,0
399,2026-05-05,2,4,0,0,,6,2,134.07317177916667,1,1,6999.0,0.0,0
400,2026-05-05,2,5,0,0,,7,2,127.94066188777778,1,1,4999.0,0.0,0
401,2026-05-05,2,5,0,0,,7,2,226.93137441972223,2,1,11856.142857142857,0.0,0
402,2026-05-05,1,3,1,1,,6,1,1080.4652236902778,2,1,9665.666666666666,8999.0,0
403,2026-05-05,1,2,0,0,,3,1,829.6010723280556,1,1,6999.0,0.0,0
404,2026-05-05,2,4,2,2,2.0,12,2,562.3300976444444,1,1,6999.0,6999.0,0
405,2026-05-05,2,4,1,1,1.0,9,2,169.60661293888887,2,2,6776.777777777777,6999.0,0
406,2026-05-05,2,4,0,0,,6,2,1089.3419894344445,1,1,6999.0,0.0,0
407,2026-05-05,3,6,2,0,,11,3,175.44084841555556,4,3,7544.454545454545,0.0,0
408,2026-05-05,1,2,0,0,,3,1,199.85352327222222,1,1,6999.0,0.0,0
409,2026-05-05,4,9,2,1,,16,3,389.2066037247222,3,2,10374.0,8999.0,0
410,2026-05-05,2,5,0,0,,7,2,188.6613603088889,2,2,5856.142857142857,0.0,0
411,2026-05-05,3,5,2,1,,11,3,61.112999036111106,2,2,6817.181818181818,6999.0,0
412,2026-05-05,2,4,0,0,,6,2,211.82760160194445,3,3,7332.333333333333,0.0,0
415,2026-05-05,4,6,1,0,,11,4,11.658482872777778,2,2,5726.272727272727,0.0,0
416,2026-05-05,1,3,0,0,,4,1,357.3931342091667,1,1,4999.0,0.0,0
417,2026-05-05,2,4,0,0,,6,3,575.8105397347223,3,3,7332.333333333333,0.0,0
418,2026-05-05,2,5,0,0,,7,2,200.59486762555557,3,3,8427.57142857143,0.0,0
419,2026-05-05,2,3,2,0,,7,2,754.3249827130555,2,1,9570.42857142857,0.0,0
420,2026-05-05,1,1,0,0,,2,1,1120.9908643586111,1,1,8999.0,0.0,0
421,2026-05-05,3,5,1,0,,9,3,105.46489632555556,1,1,4999.0,0.0,0
423,2026-05-05,2,3,2,1,1.0,9,2,350.4267728941666,2,2,8999.0,6999.0,0
424,2026-05-05,3,6,2,0,,11,3,10.001755153888888,3,3,5908.090909090909,0.0,0
425,2026-05-05,2,4,1,0,,7,2,319.4506158552778,2,2,5570.428571428572,0.0,0
426,2026-05-05,2,3,2,2,2.0,11,2,27.55860225138889,1,1,6999.0,6999.0,0
427,2026-05-05,3,6,1,0,,10,3,235.22317868416667,1,1,4999.0,0.0,0
428,2026-05-05,2,4,0,2,,8,2,814.5957004733333,2,1,11499.0,10999.0,0
429,2026-05-05,5,11,3,0,,19,4,29.69256271472222,2,1,11525.315789473685,0.0,0
430,2026-05-05,4,10,0,0,,14,4,349.0620474516667,2,1,11284.714285714286,0.0,0
432,2026-05-05,1,2,1,0,,4,1,1062.8551995125001,1,1,8999.0,0.0,0
433,2026-05-05,2,4,0,2,2.0,10,1,28.001103605833332,2,2,6999.0,6999.0,0
434,2026-05-05,1,2,0,0,,3,1,294.49420630416665,2,2,10332.333333333334,0.0,0
435,2026-05-05,2,6,0,0,,8,2,62.75121005083333,3,2,7499.0,0.0,0
436,2026-05-05,2,5,0,0,,7,2,698.7189361552778,1,1,6999.0,0.0,0
437,2026-05-05,4,8,3,3,1.0,19,4,327.07830229388884,1,1,4999.0,4999.0,0
438,2026-05-05,3,6,1,0,,10,3,364.7414554880556,1,1,6999.0,0.0,0
439,2026-05-05,3,6,1,0,,10,3,475.75485659583336,2,2,5399.0,0.0,0
440,2026-05-05,4,10,3,4,3.0,24,5,263.88957831416667,1,1,6999.0,6999.0,0
441,2026-05-05,5,9,1,0,,15,5,149.0615912138889,2,2,6065.666666666667,0.0,0
442,2026-05-05,5,11,0,0,,16,5,83.37319474916666,3,3,5374.0,0.0,0
443,2026-05-05,1,3,0,0,,4,1,985.0581467269444,3,2,9499.0,0.0,0
444,2026-05-05,1,3,0,0,,4,1,1039.1187574927778,1,1,4999.0,0.0,0
445,2026-05-05,3,6,1,3,3.0,16,4,623.7055830708333,3,3,7124.0,7665.666666666667,0
446,2026-05-05,4,10,2,2,1.0,19,4,316.85808329055556,3,2,10472.684210526315,10999.0,0
447,2026-05-05,2,5,0,0,,7,2,86.161522565,2,2,5570.428571428572,0.0,0
448,2026-05-05,1,2,0,0,,3,1,601.0487757433334,1,1,8999.0,0.0,0
449,2026-05-05,5,10,1,5,3.0,24,5,212.0137020236111,2,2,5249.0,5399.0,0
450,2026-05-05,1,2,0,0,,3,1,602.7710776122223,1,1,4999.0,0.0,0
451,2026-05-05,2,2,0,0,,4,2,907.241971935,1,1,6999.0,0.0,0
452,2026-05-05,2,3,1,0,,6,2,114.04958234222222,2,1,10999.0,0.0,0
453,2026-05-05,1,1,1,0,,3,1,364.9473907711111,1,1,4999.0,0.0,0
454,2026-05-05,1,1,0,0,,2,1,147.04605851472223,1,1,12999.0,0.0,0
455,2026-05-05,1,2,1,0,,4,1,834.3918940961112,1,1,6999.0,0.0,0
456,2026-05-05,3,3,1,1,,8,3,561.2969573591666,1,1,4999.0,4999.0,0
457,2026-05-05,1,3,0,0,,4,1,598.0504004697223,1,1,6999.0,0.0,0
458,2026-05-05,2,4,1,0,,7,2,93.15438310416666,2,1,10713.285714285714,0.0,0
459,2026-05-05,3,4,1,0,,8,3,276.6993230475,3,2,10499.0,0.0,0
460,2026-05-05,1,2,0,0,,3,1,1044.0818560291666,2,1,10332.333333333334,0.0,0
461,2026-05-05,1,1,0,0,,2,1,691.1762265352778,1,1,4999.0,0.0,0
462,2026-05-05,2,4,0,0,,6,2,980.8840017052777,1,1,6999.0,0.0,0
463,2026-05-05,1,1,0,0,,2,1,590.7899254575001,1,1,12999.0,0.0,0
464,2026-05-05,3,5,2,0,,10,3,281.2993018969444,2,2,8799.0,0.0,0
466,2026-05-05,3,5,1,0,,9,3,381.24655929361114,2,2,5443.444444444444,0.0,0
467,2026-05-05,2,4,0,0,,6,3,185.25622841055556,1,1,6999.0,0.0,0
468,2026-05-05,1,3,0,0,,4,1,677.3702964583333,2,1,9999.0,0.0,0
469,2026-05-05,4,10,1,0,,15,4,210.21648968305556,2,1,9532.333333333334,0.0,0
470,2026-05-05,2,5,1,2,,10,2,550.5553504013889,2,2,9999.0,9999.0,0
471,2026-05-05,2,5,1,2,1.0,11,2,168.36495936027777,1,1,6999.0,6999.0,0
472,2026-05-05,2,4,0,0,,6,2,459.3726632088889,1,1,6999.0,0.0,0
473,2026-05-05,3,4,1,0,,8,3,353.16128768916667,2,2,6249.0,0.0,0
476,2026-05-05,1,3,0,0,,4,1,1005.7181844427778,2,2,8499.0,0.0,0
477,2026-05-05,1,3,0,1,,5,1,24.027427948055557,3,3,6999.0,6999.0,0
478,2026-05-05,4,10,0,0,,14,4,498.7844321772222,3,3,8427.57142857143,0.0,0
479,2026-05-05,3,6,0,0,,9,3,488.25014460999995,2,1,10776.777777777777,0.0,0
480,2026-05-05,3,7,1,0,,11,3,571.7574907019444,1,1,4999.0,0.0,0
481,2026-05-05,3,8,1,0,,12,3,15.93059611638889,1,1,4999.0,0.0,0
482,2026-05-05,2,4,0,0,,6,2,458.09883683777775,1,1,6999.0,0.0,0
483,2026-05-05,2,4,2,1,,9,2,244.91497922222223,1,1,4999.0,4999.0,0
484,2026-05-05,1,3,0,0,,4,1,199.3313757961111,1,1,8999.0,0.0,0
485,2026-05-05,5,12,1,0,,18,6,70.01027032611111,4,3,7554.555555555556,0.0,0
486,2026-05-05,1,3,0,0,,4,1,429.9594092386111,1,1,6999.0,0.0,0
487,2026-05-05,1,1,0,0,,2,1,1060.004073381111,1,1,8999.0,0.0,0
488,2026-05-05,2,2,0,0,,4,2,532.5405722391666,1,1,4999.0,0.0,0
489,2026-05-05,2,3,0,0,,5,2,89.61704959305557,1,1,6999.0,0.0,0
490,2026-05-05,3,6,0,0,,9,3,405.7161128494444,2,1,11665.666666666666,0.0,0
491,2026-05-05,6,11,3,6,6.0,32,6,49.01645063333333,1,1,4999.0,4999.0,0
492,2026-05-05,3,4,0,0,,7,3,367.64176976,2,2,9570.42857142857,0.0,0
493,2026-05-05,3,7,3,1,,14,3,50.47247959972223,1,1,6999.0,6999.0,0
494,2026-05-05,3,4,1,0,,8,3,6.597279133055555,2,1,11499.0,0.0,0
496,2026-05-05,2,2,0,0,,4,2,64.39031035611112,1,1,4999.0,0.0,0
497,2026-05-05,3,6,0,0,,9,3,161.14358593083332,2,1,12110.111111111111,0.0,0
498,2026-05-05,2,3,0,0,,5,2,156.04190025166668,1,1,4999.0,0.0,0
499,2026-05-05,1,2,0,0,,3,1,370.3391954747222,1,1,6999.0,0.0,0
5,2026-05-12,3,6,1,0,,10,3,352.39633481416666,4,3,7199.0,0.0,0
6,2026-05-12,3,6,1,0,,10,3,30.94405424333333,2,2,7599.0,0.0,0
7,2026-05-12,2,3,0,2,2.0,9,2,390.3223020538889,2,2,5887.888888888889,5999.0,0
8,2026-05-12,2,4,2,0,,8,2,142.69938928861112,2,1,11999.0,0.0,0
9,2026-05-12,2,4,1,0,,7,2,730.3884253577778,2,1,11284.714285714286,0.0,0
10,2026-05-12,1,2,0,0,,3,1,15.374630416944443,1,1,6999.0,0.0,0
12,2026-05-12,2,6,0,0,,8,2,960.6255626233334,2,2,5999.0,0.0,0
13,2026-05-12,3,5,3,0,,11,3,304.58077661361114,2,2,7544.454545454545,0.0,0
14,2026-05-12,2,6,0,0,,8,2,281.2974029494444,1,1,4999.0,0.0,0
15,2026-05-12,3,5,0,3,2.0,13,3,303.57545427416665,3,2,5922.076923076923,4999.0,0
16,2026-05-12,1,3,0,0,,4,1,179.85963944833335,2,2,5499.0,0.0,0
18,2026-05-12,2,5,0,0,,7,2,30.598090782222222,2,2,12141.857142857143,0.0,0
19,2026-05-12,3,5,2,0,,10,2,442.43070990138887,2,2,6199.0,0.0,0
20,2026-05-12,4,6,3,0,,13,4,302.4818501588889,4,3,9768.23076923077,0.0,0
21,2026-05-12,1,2,0,0,,3,1,1047.6798929652778,2,1,10332.333333333334,0.0,0
22,2026-05-12,3,5,2,3,3.0,16,3,275.05958435055555,3,2,10124.0,10332.333333333334,0
23,2026-05-12,4,7,1,0,,12,4,323.74762958805553,2,2,5999.0,0.0,0
24,2026-05-12,2,4,0,0,,6,2,112.3529337325,2,1,10332.333333333334,0.0,0
25,2026-05-12,5,6,1,0,,12,5,142.67139983777778,2,2,6665.666666666667,0.0,0
26,2026-05-12,3,6,3,1,,13,3,235.3571492875,1,1,4999.0,4999.0,0
27,2026-05-12,3,4,0,0,,7,3,672.1147641530555,3,3,8141.857142857143,0.0,0
28,2026-05-12,3,7,1,0,,11,2,38.21120318277778,3,3,7362.636363636364,0.0,0
29,2026-05-12,1,2,1,0,,4,1,121.07830799083334,1,1,6999.0,0.0,0
30,2026-05-12,3,5,1,0,,9,3,786.3983376475001,2,2,6554.555555555556,0.0,0
31,2026-05-12,4,7,2,3,,16,4,948.3418727769443,3,2,10124.0,10332.333333333334,0
32,2026-05-12,1,2,1,0,,4,1,813.1114967402779,2,2,7499.0,0.0,0
33,2026-05-12,2,2,2,1,,7,2,807.6218509363889,2,2,7856.142857142857,6999.0,0
34,2026-05-12,2,2,1,0,,5,2,719.488133526389,2,2,6199.0,0.0,0
35,2026-05-12,2,4,1,0,,7,2,281.5480013288889,2,2,6713.285714285715,0.0,0
36,2026-05-12,3,7,1,1,,12,3,570.8723961408333,3,3,7332.333333333333,6999.0,0
37,2026-05-12,3,4,2,0,,9,2,50.934488523888895,1,1,4999.0,0.0,0
38,2026-05-12,1,3,1,0,,5,1,683.9973959552777,2,1,12199.0,0.0,0
39,2026-05-12,3,7,2,1,1.0,14,3,195.0334312113889,1,1,4999.0,4999.0,0
41,2026-05-12,3,6,0,0,,9,3,310.2786703025,2,2,8776.777777777777,0.0,0
43,2026-05-12,2,4,1,1,,8,2,608.5121360072222,3,2,11249.0,12999.0,0
44,2026-05-12,3,7,0,0,,10,3,459.5623419583333,1,1,4999.0,0.0,0
45,2026-05-12,1,1,0,0,,2,1,1298.890001637778,1,1,8999.0,0.0,0
46,2026-05-12,3,9,0,0,,12,3,54.596397536666665,3,2,9665.666666666666,0.0,0
47,2026-05-12,3,7,0,0,,10,3,107.2595660461111,3,3,6799.0,0.0,0
48,2026-05-12,2,3,0,0,,5,2,369.4638663605555,2,2,8199.0,0.0,0
49,2026-05-12,3,9,2,0,,14,3,474.35311453111115,2,2,5284.714285714285,0.0,0
50,2026-05-12,1,1,0,0,,2,1,1154.6223967847222,1,1,6999.0,0.0,0
51,2026-05-12,4,11,0,0,,15,4,209.60223811083335,3,2,10332.333333333334,0.0,0
52,2026-05-12,3,7,2,1,,13,3,457.73346676166665,3,2,9460.538461538461,8999.0,0
53,2026-05-12,4,9,0,0,,13,4,412.9625699625,2,2,5306.692307692308,0.0,0
54,2026-05-12,1,3,0,0,,4,1,600.5936031877777,3,2,10499.0,0.0,0
55,2026-05-12,1,3,0,0,,4,1,734.3243529541667,1,1,4999.0,0.0,0
56,2026-05-12,3,5,0,0,,8,3,1140.8187709219444,2,2,5999.0,0.0,0
57,2026-05-12,2,2,2,0,,6,2,100.26475701,1,1,4999.0,0.0,0
58,2026-05-12,1,3,1,0,,5,1,860.6326997080555,1,1,4999.0,0.0,0
59,2026-05-12,1,1,0,0,,2,1,178.80772635472223,1,1,12999.0,0.0,0
60,2026-05-12,3,7,2,1,,13,3,96.41100944333333,1,1,4999.0,4999.0,0
61,2026-05-12,2,2,0,0,,4,2,302.88768119444444,2,2,7999.0,0.0,0
62,2026-05-12,1,3,0,0,,4,1,524.9783413794445,1,1,4999.0,0.0,0
64,2026-05-12,3,7,1,2,,13,3,94.45907004944445,1,1,4999.0,4999.0,0
65,2026-05-12,2,5,0,0,,7,2,449.9934022116667,3,2,8141.857142857143,0.0,0
66,2026-05-12,2,4,1,1,,8,2,677.9333045333333,2,2,8499.0,6999.0,0
67,2026-05-12,2,6,1,0,,9,2,103.76346160888889,2,1,11221.222222222223,0.0,0
68,2026-05-12,2,3,0,0,,5,2,477.79220081,2,1,11399.0,0.0,0
70,2026-05-12,3,4,0,0,,7,3,188.7814915847222,1,1,6999.0,0.0,0
71,2026-05-12,3,6,2,3,3.0,17,2,14.724956950277779,1,1,6999.0,6999.0,0
72,2026-05-12,2,3,0,0,,5,2,579.2279058038889,2,2,8199.0,0.0,0
73,2026-05-12,4,7,1,0,,12,4,152.99006530472224,2,2,5165.666666666667,0.0,0
74,2026-05-12,5,9,0,0,,14,4,329.4326871458333,3,3,6999.0,0.0,0
75,2026-05-12,4,9,4,1,,18,4,899.5666067344445,4,3,8665.666666666666,8999.0,0
76,2026-05-12,2,4,0,0,,6,2,94.83597181972223,2,2,8999.0,0.0,0
77,2026-05-12,3,6,2,0,,11,3,363.47377617527775,2,2,7544.454545454545,0.0,0
78,2026-05-12,3,7,0,0,,10,3,265.9420787033333,3,3,5999.0,0.0,0
79,2026-05-12,3,5,2,0,,10,3,509.22453067583336,2,2,7599.0,0.0,0
80,2026-05-12,4,10,2,0,,16,4,97.83120713944444,3,3,7249.0,0.0,0
81,2026-05-12,2,4,1,0,,7,2,458.1859905291667,2,2,5570.428571428572,0.0,0
82,2026-05-12,4,8,3,1,,16,4,991.7677550155555,3,2,11624.0,12999.0,0
83,2026-05-12,2,6,0,0,,8,2,207.01231735694446,3,2,9999.0,0.0,0
84,2026-05-12,3,5,2,1,,11,2,458.6821633372222,2,2,5726.272727272727,4999.0,0
85,2026-05-12,1,2,0,1,1.0,5,1,79.15575827055555,2,2,6599.0,4999.0,0
86,2026-05-12,6,14,2,0,,22,6,100.72098802388888,2,2,5726.272727272727,0.0,0
87,2026-05-12,3,7,0,0,,10,3,222.48884730722222,1,1,6999.0,0.0,0
88,2026-05-12,1,1,1,1,,4,1,15.765396308888889,1,1,6999.0,6999.0,0
89,2026-05-12,2,3,0,0,,5,2,354.89305513,1,1,4999.0,0.0,0
90,2026-05-12,1,1,0,0,,2,1,656.8104170941666,1,1,8999.0,0.0,0
91,2026-05-12,1,3,0,0,,4,1,205.82859999222222,3,2,8999.0,0.0,0
92,2026-05-12,1,2,0,0,,3,1,969.1367275438888,1,1,8999.0,0.0,0
93,2026-05-12,3,7,0,3,2.0,15,3,929.8246448616667,2,2,8599.0,8999.0,0
94,2026-05-12,3,4,1,0,,8,3,73.91114651111111,2,2,5999.0,0.0,0
95,2026-05-12,4,5,2,0,,11,4,230.84826175083333,4,3,7362.636363636364,0.0,0
97,2026-05-12,4,8,1,0,,13,4,192.46161647833333,3,2,9922.076923076924,0.0,0
98,2026-05-12,1,2,0,0,,3,1,956.9746956369445,1,1,6999.0,0.0,0
99,2026-05-12,3,8,1,0,,12,2,416.3356803855555,1,1,6999.0,0.0,0
100,2026-05-12,2,3,1,0,,6,2,555.9583892447222,2,2,5665.666666666667,0.0,0
101,2026-05-12,6,13,4,2,,25,6,256.6815874927778,2,1,11559.0,10999.0,0
102,2026-05-12,3,4,3,3,2.0,15,3,399.7015141436111,2,2,5265.666666666667,4999.0,1
103,2026-05-12,4,6,1,0,,11,4,13.913994935,2,2,8635.363636363636,0.0,0
104,2026-05-12,2,5,0,0,,7,2,1174.1187091283334,2,2,7570.428571428572,0.0,0
105,2026-05-12,4,10,2,1,,17,4,56.93486737027778,3,2,11822.529411764706,12999.0,0
106,2026-05-12,2,2,1,0,,5,2,282.4163135675,1,1,6999.0,0.0,0
107,2026-05-12,3,8,0,0,,11,3,412.8976097052778,2,2,6635.363636363636,0.0,0
108,2026-05-12,4,9,0,0,,13,4,15.639731388611112,2,1,10845.153846153846,0.0,0
109,2026-05-12,2,5,0,0,,7,2,491.23669098444446,2,2,5284.714285714285,0.0,0
110,2026-05-12,3,4,1,0,,8,3,286.3021327941667,1,1,4999.0,0.0,0
111,2026-05-12,2,4,1,0,,7,2,630.3209848780555,3,2,9856.142857142857,0.0,0
112,2026-05-12,3,6,2,0,,11,3,332.31581498833333,2,2,5726.272727272727,0.0,0
113,2026-05-12,5,9,1,5,4.0,24,5,150.27168413638887,3,2,9499.0,9799.0,0
114,2026-05-12,6,13,1,0,,20,6,250.0568180761111,2,1,11199.0,0.0,0
115,2026-05-12,1,1,0,0,,2,1,120.46313592972223,1,1,6999.0,0.0,0
116,2026-05-12,3,6,0,0,,9,3,329.14451907583333,1,1,6999.0,0.0,0
118,2026-05-12,4,7,3,1,,15,4,104.24799300944444,2,2,7132.333333333333,4999.0,0
119,2026-05-12,4,8,0,0,,12,4,120.6997497713889,2,1,10332.333333333334,0.0,0
120,2026-05-12,2,4,0,0,,6,2,686.0725245897222,3,2,8665.666666666666,0.0,0
121,2026-05-12,2,4,0,0,,6,1,828.3366426869444,2,2,6332.333333333333,0.0,0
122,2026-05-12,1,2,0,0,,3,1,517.2991041980556,1,1,6999.0,0.0,0
123,2026-05-12,2,5,1,0,,8,2,798.0172310980555,1,1,6999.0,0.0,0
124,2026-05-12,2,4,0,0,,6,2,467.4134589361111,1,1,6999.0,0.0,0
125,2026-05-12,2,3,1,1,,7,2,798.9142771408333,1,1,6999.0,6999.0,0
126,2026-05-12,3,6,1,0,,10,3,485.5031727363889,2,2,5599.0,0.0,0
127,2026-05-12,2,2,1,0,,5,2,336.93557199972224,1,1,4999.0,0.0,0
128,2026-05-12,4,7,2,1,,14,4,18.60397382472222,2,1,12141.857142857143,12999.0,0
129,2026-05-12,3,6,2,0,,11,3,875.4269563683333,2,2,8089.909090909091,0.0,0
130,2026-05-12,2,5,1,0,,8,2,321.8273983172223,3,2,11499.0,0.0,0
132,2026-05-12,1,2,1,1,1.0,6,1,102.03417513305556,1,1,4999.0,4999.0,0
133,2026-05-12,1,2,1,1,,5,1,1065.063447636111,2,2,5399.0,4999.0,1
135,2026-05-12,2,2,1,0,,5,2,66.79982869111112,2,1,11399.0,0.0,0
136,2026-05-12,1,2,1,0,,4,1,978.6362357986111,1,1,4999.0,0.0,0
137,2026-05-12,3,4,0,3,2.0,12,3,202.3372024541667,1,1,4999.0,4999.0,0
138,2026-05-12,2,6,1,0,,9,2,60.72946397055556,2,2,6554.555555555556,0.0,0
139,2026-05-12,3,7,0,0,,10,3,254.72406950055557,1,1,6999.0,0.0,0
140,2026-05-12,3,5,0,0,,8,3,181.67676172916669,1,1,4999.0,0.0,0
141,2026-05-12,3,5,0,0,,8,2,773.4774789527778,2,2,6749.0,0.0,0
142,2026-05-12,4,9,2,4,3.0,22,4,553.8829014644444,3,3,6635.363636363636,6499.0,0
143,2026-05-12,2,5,2,0,,9,2,144.58372153972223,1,1,6999.0,0.0,0
144,2026-05-12,2,3,1,1,1.0,8,2,768.0747439591667,2,2,6249.0,6999.0,0
145,2026-05-12,5,9,4,2,,20,5,136.04045289555555,3,2,11199.0,10999.0,0
146,2026-05-12,3,5,2,3,3.0,16,3,413.1426074491667,1,1,4999.0,4999.0,0
148,2026-05-12,3,7,1,0,,11,4,47.510071673333336,1,1,4999.0,0.0,0
149,2026-05-12,3,7,0,0,,10,3,150.6941204486111,3,2,8399.0,0.0,0
150,2026-05-12,2,6,0,0,,8,2,153.6655707263889,2,2,5249.0,0.0,0
151,2026-05-12,1,3,0,0,,4,1,1001.6037801125,2,1,11999.0,0.0,0
152,2026-05-12,1,2,0,0,,3,1,1080.670629478889,2,2,6332.333333333333,0.0,0
153,2026-05-12,2,5,0,0,,7,2,717.2281780322222,2,1,10713.285714285714,0.0,0
154,2026-05-12,1,2,1,0,,4,1,1285.978018893889,1,1,6999.0,0.0,0
155,2026-05-12,2,2,0,0,,4,2,1041.2366217872222,2,2,5999.0,0.0,0
156,2026-05-12,1,1,1,1,,4,1,913.4822605741667,1,1,6999.0,6999.0,0
157,2026-05-12,6,9,2,6,5.0,28,6,116.26537802388889,3,3,5570.428571428572,5332.333333333333,0
158,2026-05-12,2,5,1,0,,8,2,131.85588505555555,1,1,12999.0,0.0,0
160,2026-05-12,1,2,0,0,,3,1,193.60826334805554,1,1,6999.0,0.0,0
161,2026-05-12,3,6,0,0,,9,3,130.50176885694444,1,1,4999.0,0.0,0
162,2026-05-12,3,6,1,3,3.0,16,3,57.32043759361111,2,2,5999.0,6332.333333333333,0
163,2026-05-12,2,3,0,1,,6,2,430.19061486694443,1,1,8999.0,8999.0,0
164,2026-05-12,5,9,3,5,3.0,25,4,335.5584140691667,2,2,7719.0,8199.0,0
165,2026-05-12,2,4,2,2,2.0,12,2,25.45740798611111,3,2,7332.333333333333,6999.0,0
166,2026-05-12,8,17,6,8,6.0,45,8,60.153994393611114,3,3,7132.333333333333,6999.0,0
167,2026-05-12,3,5,3,0,,11,3,107.42128481972222,3,2,10271.727272727272,0.0,0
168,2026-05-12,5,11,3,5,4.0,28,5,130.84385149972223,2,2,7284.714285714285,8199.0,0
169,2026-05-12,2,3,0,0,,5,2,881.6580606883333,1,1,8999.0,0.0,0
170,2026-05-12,4,8,0,0,,12,4,175.69648178583336,2,1,11999.0,0.0,0
171,2026-05-12,4,10,2,2,1.0,19,4,143.4027941936111,3,2,7525.315789473684,6999.0,0
172,2026-05-12,3,8,0,0,,11,3,85.38018226527777,3,2,7726.272727272727,0.0,0
173,2026-05-12,2,4,0,0,,6,2,498.0379489072222,2,2,7999.0,0.0,0
175,2026-05-12,4,9,1,0,,14,4,822.7275059113889,3,2,10427.57142857143,0.0,0
176,2026-05-12,3,7,3,1,,14,3,11.752689905833334,1,1,4999.0,4999.0,0
177,2026-05-12,5,8,2,0,,15,5,170.89231245222223,1,1,4999.0,0.0,0
178,2026-05-12,3,5,1,0,,9,3,371.1585500436111,3,2,9443.444444444445,0.0,0
179,2026-05-12,2,5,0,0,,7,2,241.40972892833332,1,1,6999.0,0.0,0
180,2026-05-12,3,6,0,0,,9,4,262.0872609102778,1,1,4999.0,0.0,0
181,2026-05-12,3,6,0,0,,9,3,392.1176911613889,3,2,8110.111111111111,0.0,0
182,2026-05-12,1,1,0,0,,2,1,487.5569889597222,1,1,12999.0,0.0,0
183,2026-05-12,2,4,0,0,,6,2,621.4576026330556,2,2,5665.666666666667,0.0,0
184,2026-05-12,3,5,1,0,,9,3,64.50572158583333,2,2,5443.444444444444,0.0,0
185,2026-05-12,4,6,2,0,,12,4,413.6318354086111,2,1,9999.0,0.0,0
186,2026-05-12,1,1,1,0,,3,1,1311.1170364477778,1,1,6999.0,0.0,0
187,2026-05-12,3,6,2,0,,11,3,291.03352646972223,2,2,5362.636363636364,0.0,0
189,2026-05-12,2,4,1,0,,7,2,110.94505146777777,2,2,7570.428571428572,0.0,0
190,2026-05-12,3,8,1,0,,12,3,292.36628476277775,3,3,7332.333333333333,0.0,0
191,2026-05-12,1,3,0,0,,4,1,1041.1656175869446,1,1,6999.0,0.0,0
193,2026-05-12,4,9,2,0,,15,3,123.74544642222222,3,2,6865.666666666667,0.0,0
194,2026-05-12,1,1,1,1,,4,1,284.47490021,1,1,4999.0,4999.0,0
195,2026-05-12,3,6,1,0,,10,2,966.0426233788888,1,1,4999.0,0.0,0
196,2026-05-12,1,1,1,0,,3,1,1132.5170578788889,1,1,6999.0,0.0,0
197,2026-05-12,4,7,2,2,,15,4,209.71518673916668,2,1,10599.0,10999.0,0
198,2026-05-12,1,2,1,0,,4,1,684.0964831180555,2,1,11999.0,0.0,0
199,2026-05-12,4,8,1,1,,14,4,34.34480991583333,3,2,7856.142857142857,6999.0,0
200,2026-05-12,4,11,2,4,3.0,24,5,173.33733746,3,2,7832.333333333333,8499.0,0
201,2026-05-12,4,7,1,0,,12,4,320.5282924716667,3,2,8832.333333333334,0.0,0
202,2026-05-12,5,13,1,0,,19,5,41.42355141805555,3,2,11209.526315789473,0.0,0
203,2026-05-12,2,4,1,0,,7,2,75.55156701472222,1,1,8999.0,0.0,0
204,2026-05-12,2,3,1,1,,7,2,476.6341007886111,1,1,6999.0,6999.0,0
205,2026-05-12,1,2,0,1,,4,1,115.55942007944444,1,1,12999.0,12999.0,1
206,2026-05-12,2,3,2,1,1.0,9,1,1292.4902646069443,1,1,6999.0,6999.0,0
207,2026-05-12,1,2,0,0,,3,1,1049.6217283777778,1,1,8999.0,0.0,0
208,2026-05-12,4,6,0,0,,10,4,226.06932268,3,2,9399.0,0.0,0
209,2026-05-12,4,6,3,0,,13,4,475.1154234922222,1,1,4999.0,0.0,0
210,2026-05-12,2,6,0,0,,8,2,94.44051563222222,3,3,7499.0,0.0,0
211,2026-05-12,1,3,1,0,,5,1,860.8496123150001,2,1,9799.0,0.0,0
212,2026-05-12,4,8,1,0,,13,4,567.5620177663889,2,1,10537.461538461539,0.0,0
213,2026-05-12,1,2,0,0,,3,1,1038.9092027797224,1,1,8999.0,0.0,0
214,2026-05-12,2,4,0,0,,6,2,182.53496171583333,3,3,8665.666666666666,0.0,0
215,2026-05-12,2,5,0,0,,7,2,538.2286121730556,2,1,11284.714285714286,0.0,0
216,2026-05-12,3,6,0,3,2.0,14,3,152.85086598944446,2,2,7427.571428571428,7665.666666666667,1
217,2026-05-12,2,4,0,0,,6,2,550.0799860933333,2,2,5665.666666666667,0.0,0
218,2026-05-12,3,3,0,0,,6,3,208.46070728166666,1,1,4999.0,0.0,0
219,2026-05-12,2,2,0,0,,4,2,687.2375702213889,2,1,10999.0,0.0,0
220,2026-05-12,1,3,0,0,,4,1,1272.0213015405554,2,1,10999.0,0.0,0
221,2026-05-12,5,11,2,2,1.0,21,5,282.2881568730556,3,2,9189.47619047619,10999.0,0
222,2026-05-12,3,7,0,0,,10,3,31.218051100833335,3,2,7799.0,0.0,0
223,2026-05-12,4,6,2,2,,14,4,698.1603566627778,2,2,7141.857142857143,6999.0,0
224,2026-05-12,4,8,1,4,3.0,20,4,410.43424783027774,2,2,7099.0,6999.0,0
225,2026-05-12,1,3,1,0,,5,1,432.96709997694444,1,1,6999.0,0.0,0
226,2026-05-12,1,1,0,0,,2,1,913.9644752019444,1,1,8999.0,0.0,0
227,2026-05-12,3,5,3,0,,11,3,690.3498442733334,2,2,6089.909090909091,0.0,0
228,2026-05-12,5,8,3,2,1.0,19,5,273.5738801511111,2,2,7104.263157894737,6999.0,0
229,2026-05-12,2,2,0,0,,4,2,541.6360360325,2,2,8999.0,0.0,0
230,2026-05-12,4,9,1,0,,14,4,234.60754746583333,2,2,6141.857142857143,0.0,0
231,2026-05-12,4,6,1,0,,11,4,13.549374621388887,3,3,6453.545454545455,0.0,0
232,2026-05-12,2,4,0,0,,6,2,282.3686843061111,1,1,6999.0,0.0,0
234,2026-05-12,2,4,1,0,,7,2,924.0470210922223,3,2,8141.857142857143,0.0,0
235,2026-05-12,2,4,1,1,,8,2,343.0745568869445,2,1,10999.0,12999.0,0
236,2026-05-12,2,3,1,1,,7,2,131.87704266,2,2,7856.142857142857,6999.0,0
237,2026-05-12,4,6,2,0,,12,4,594.6400378108334,2,2,5665.666666666667,0.0,0
238,2026-05-12,1,1,0,0,,2,1,517.7272889744445,1,1,4999.0,0.0,0
239,2026-05-12,2,4,1,0,,7,2,765.3086017055556,2,1,11284.714285714286,0.0,0
240,2026-05-12,3,7,3,2,1.0,16,4,438.9237878938889,4,3,7499.0,8999.0,0
241,2026-05-12,4,6,1,0,,11,4,122.44569999555556,1,1,4999.0,0.0,0
242,2026-05-12,2,6,1,1,,10,2,875.5078481069444,2,2,6799.0,6999.0,0
243,2026-05-12,3,3,1,0,,7,3,1230.4770194574999,2,2,8427.57142857143,0.0,0
244,2026-05-12,1,1,0,0,,2,1,961.5674159038889,1,1,12999.0,0.0,0
245,2026-05-12,2,4,2,1,,9,2,145.31275597833334,2,2,5887.888888888889,4999.0,0
246,2026-05-12,1,1,0,0,,2,1,934.2968857752777,1,1,4999.0,0.0,0
247,2026-05-12,1,1,0,0,,2,1,1065.5869152658333,1,1,12999.0,0.0,0
248,2026-05-12,1,3,1,0,,5,2,1295.7571948522223,2,1,9799.0,0.0,0
250,2026-05-12,1,3,0,0,,4,1,403.7843647502778,2,1,11999.0,0.0,0
251,2026-05-12,2,3,0,0,,5,2,11.7529731175,1,1,4999.0,0.0,0
252,2026-05-12,3,7,0,0,,10,3,587.5150230902777,3,2,8799.0,0.0,0
253,2026-05-12,2,3,0,0,,5,2,475.4928681738889,2,1,12199.0,0.0,0
254,2026-05-12,2,6,0,0,,8,2,37.66333305944445,2,2,6499.0,0.0,0
255,2026-05-12,1,3,0,0,,4,1,385.36696589944444,1,1,6999.0,0.0,0
256,2026-05-12,3,6,2,0,,11,3,182.5890093111111,1,1,4999.0,0.0,0
257,2026-05-12,1,3,1,0,,5,2,839.6499920102779,1,1,12999.0,0.0,0
258,2026-05-12,3,5,0,0,,8,3,1078.9363093680556,1,1,6999.0,0.0,0
259,2026-05-12,4,7,2,4,2.0,19,4,116.56795790722222,2,2,7420.0526315789475,7499.0,0
260,2026-05-12,2,3,0,0,,5,2,755.3846892358333,1,1,8999.0,0.0,0
261,2026-05-12,4,8,1,0,,13,4,382.3530906969445,2,1,10229.76923076923,0.0,0
263,2026-05-12,3,8,1,0,,12,3,946.3239676958333,1,1,6999.0,0.0,0
264,2026-05-12,1,1,0,0,,2,1,457.3978579938889,1,1,4999.0,0.0,0
265,2026-05-12,2,6,1,0,,9,2,417.8806965938889,2,2,7665.666666666667,0.0,0
266,2026-05-12,2,2,0,0,,4,2,100.6018251575,2,2,7999.0,0.0,0
267,2026-05-12,3,9,1,0,,13,3,650.6614499872222,2,2,5460.538461538462,0.0,0
268,2026-05-12,4,8,0,4,2.0,18,3,56.91857945583333,3,3,6665.666666666667,6499.0,0
269,2026-05-12,3,5,1,0,,9,3,520.1881546438889,2,2,12332.333333333334,0.0,0
270,2026-05-12,2,6,0,0,,8,2,544.1308171525,2,2,6499.0,0.0,0
271,2026-05-12,2,4,0,0,,6,2,563.9621536361111,3,2,9665.666666666666,0.0,0
272,2026-05-12,6,11,3,2,,22,6,10.961930228333333,1,1,4999.0,4999.0,0
274,2026-05-12,1,1,0,0,,2,1,542.2590317922222,1,1,4999.0,0.0,0
275,2026-05-12,4,7,1,0,,12,4,310.22909249083335,3,3,7165.666666666667,0.0,0
276,2026-05-12,5,9,1,0,,15,5,531.3727040433333,3,2,7665.666666666667,0.0,0
277,2026-05-12,1,1,0,0,,2,1,689.9287305900001,1,1,4999.0,0.0,0
278,2026-05-12,1,1,0,0,,2,1,820.7314941155556,1,1,6999.0,0.0,0
279,2026-05-12,2,5,0,0,,7,3,191.60998379805557,2,1,10141.857142857143,0.0,0
280,2026-05-12,6,15,4,0,,25,5,169.81184839444444,4,3,5879.0,0.0,0
281,2026-05-12,2,4,2,0,,8,2,441.7619119111111,2,2,7499.0,0.0,0
282,2026-05-12,2,5,1,0,,8,2,572.1484049413889,3,2,10249.0,0.0,0
283,2026-05-12,3,4,2,3,1.0,13,3,148.25169532194445,2,2,8845.153846153846,8999.0,1
284,2026-05-12,2,5,1,0,,8,2,577.4075416758333,2,2,5499.0,0.0,0
285,2026-05-12,3,3,2,3,2.0,13,3,880.7848055177778,3,2,8999.0,8999.0,0
286,2026-05-12,4,10,0,0,,14,4,91.53949947111111,1,1,6999.0,0.0,0
288,2026-05-12,3,5,0,3,3.0,14,3,944.107656558889,2,1,10713.285714285714,10332.333333333334,1
289,2026-05-12,1,1,0,0,,2,1,766.3642456980556,1,1,6999.0,0.0,0
290,2026-05-12,3,7,0,0,,10,3,278.15652887666664,3,2,8399.0,0.0,0
291,2026-05-12,4,8,0,0,,12,4,379.80422780888887,4,3,8332.333333333334,0.0,0
292,2026-05-12,3,9,1,1,,14,3,8.66230446888889,2,2,6141.857142857143,4999.0,0
293,2026-05-12,2,4,2,0,,8,2,8.960335461944444,2,1,11499.0,0.0,1
294,2026-05-12,4,6,2,0,,12,4,222.69705743611112,2,2,6832.333333333333,0.0,0
295,2026-05-12,4,8,0,0,,12,4,439.0812483125,2,1,11665.666666666666,0.0,0
296,2026-05-12,2,6,0,0,,8,2,1034.8074403519445,2,2,5499.0,0.0,0
297,2026-05-12,2,4,1,0,,7,2,607.1828098386111,1,1,12999.0,0.0,0
298,2026-05-12,1,3,0,0,,4,1,752.7771398316667,1,1,6999.0,0.0,0
299,2026-05-12,4,7,1,4,3.0,19,4,10.811178040555555,3,2,8683.21052631579,8999.0,0
300,2026-05-12,4,9,0,0,,13,4,284.37321887999997,3,3,6999.0,0.0,0
301,2026-05-12,2,4,0,0,,6,2,162.77625526583333,4,3,9332.333333333334,0.0,0
302,2026-05-12,2,3,0,0,,5,2,72.68843450027778,1,1,6999.0,0.0,0
303,2026-05-12,1,2,0,0,,3,1,585.42291458,1,1,8999.0,0.0,0
304,2026-05-12,3,4,1,0,,8,3,997.43627424,2,2,5249.0,0.0,0
305,2026-05-12,1,3,0,0,,4,1,338.86774204722224,1,1,4999.0,0.0,0
306,2026-05-12,1,1,0,0,,2,1,868.6154650558333,1,1,4999.0,0.0,0
307,2026-05-12,1,1,0,0,,2,1,1068.7062187952777,1,1,8999.0,0.0,0
308,2026-05-12,4,9,0,0,,13,4,190.18941632027776,2,2,7614.384615384615,0.0,0
309,2026-05-12,1,3,1,0,,5,1,808.4682408816666,2,2,8199.0,0.0,0
310,2026-05-12,3,4,1,3,3.0,14,3,96.4970805738889,4,3,7427.571428571428,6999.0,0
311,2026-05-12,1,3,1,0,,5,1,1289.8975361575,1,1,4999.0,0.0,0
312,2026-05-12,2,5,0,0,,7,2,144.1648961802778,2,2,6141.857142857143,0.0,0
313,2026-05-12,7,15,4,2,,28,7,79.09169514888889,3,2,5427.571428571428,4999.0,0
314,2026-05-12,3,6,0,0,,9,3,124.52848054777778,1,1,4999.0,0.0,0
315,2026-05-12,3,6,0,0,,9,4,18.61460842,2,2,7221.222222222223,0.0,0
316,2026-05-12,3,8,0,0,,11,3,79.13463934416666,3,2,10999.0,0.0,0
317,2026-05-12,5,7,3,5,4.0,24,5,260.6811255611111,2,1,11332.333333333334,11399.0,0
318,2026-05-12,2,3,0,0,,5,2,847.0454083502777,1,1,6999.0,0.0,0
319,2026-05-12,4,11,3,0,,18,5,443.7320795436111,4,3,8221.222222222223,0.0,0
320,2026-05-12,2,3,0,2,1.0,8,2,835.5863008263889,1,1,4999.0,4999.0,1
321,2026-05-12,2,5,1,0,,8,2,166.69367409944445,3,2,6499.0,0.0,0
323,2026-05-12,3,3,1,3,1.0,11,3,942.1230833997222,2,2,9180.818181818182,8999.0,1
325,2026-05-12,2,4,0,0,,6,2,718.6596586061112,2,2,5332.333333333333,0.0,0
326,2026-05-12,1,3,0,0,,4,1,157.82056986361113,1,1,4999.0,0.0,0
327,2026-05-12,3,5,1,2,,11,3,342.49681089388883,1,1,4999.0,4999.0,0
329,2026-05-12,3,3,1,1,1.0,9,3,308.8139419513889,1,1,6999.0,6999.0,0
330,2026-05-12,3,8,0,0,,11,3,445.68317475333333,2,2,5726.272727272727,0.0,0
332,2026-05-12,2,4,2,0,,8,2,307.88252420805554,1,1,4999.0,0.0,0
333,2026-05-12,2,2,1,1,,6,2,343.8827942925,1,1,12999.0,12999.0,0
334,2026-05-12,2,5,0,0,,7,2,916.6298229202778,2,2,7284.714285714285,0.0,0
335,2026-05-12,3,7,1,0,,11,3,166.39772448277776,1,1,6999.0,0.0,0
336,2026-05-12,3,7,0,0,,10,3,432.7282871038889,2,2,6599.0,0.0,0
337,2026-05-12,3,5,1,0,,9,3,652.4333406536111,3,3,7221.222222222223,0.0,0
338,2026-05-12,4,10,1,0,,15,4,242.72369511583335,2,2,8199.0,0.0,0
340,2026-05-12,5,10,2,2,,19,5,53.57495493027778,2,2,5209.526315789473,4999.0,0
341,2026-05-12,2,2,1,2,2.0,9,2,198.73426412444445,1,1,4999.0,4999.0,0
342,2026-05-12,1,2,1,0,,4,1,16.193873948333334,1,1,4999.0,0.0,0
343,2026-05-12,1,1,1,0,,3,1,503.2428612152778,1,1,6999.0,0.0,0
344,2026-05-12,2,5,2,0,,9,2,190.71178691527777,3,2,10554.555555555555,0.0,0
345,2026-05-12,2,5,1,1,1.0,10,2,741.5239711066666,1,1,4999.0,4999.0,0
346,2026-05-12,2,4,1,1,,8,2,377.7705607119444,3,2,10249.0,12999.0,0
347,2026-05-12,2,4,0,0,,6,2,226.11605696055557,1,1,4999.0,0.0,0
349,2026-05-12,1,1,0,0,,2,1,901.0347467602778,1,1,8999.0,0.0,0
351,2026-05-12,3,4,0,0,,7,3,327.8488189394444,1,1,4999.0,0.0,0
352,2026-05-12,1,3,0,0,,4,1,112.95561615194444,2,1,10999.0,0.0,0
353,2026-05-12,4,5,3,2,,14,3,28.13589840527778,1,1,6999.0,6999.0,0
354,2026-05-12,3,3,2,1,1.0,10,3,326.59164827499995,2,1,11799.0,12999.0,0
356,2026-05-12,4,10,0,0,,14,4,181.92668962083334,3,3,7141.857142857143,0.0,0
357,2026-05-12,4,10,0,0,,14,4,164.0295830013889,3,2,11284.714285714286,0.0,0
358,2026-05-12,4,6,3,1,,14,4,247.02558246444445,3,3,5427.571428571428,4999.0,0
359,2026-05-12,6,15,3,6,4.0,34,6,295.3153275572222,3,3,5528.411764705882,5332.333333333333,1
360,2026-05-12,4,8,1,4,1.0,18,3,0.41865160194444445,2,1,10999.0,10999.0,0
361,2026-05-12,4,7,2,4,3.0,20,4,562.2861923813889,2,1,12399.0,12999.0,1
362,2026-05-12,3,8,1,1,,13,3,73.93988956638889,3,3,7306.692307692308,6999.0,0
363,2026-05-12,3,5,1,3,2.0,14,3,459.0359256052777,1,1,4999.0,4999.0,0
364,2026-05-12,3,5,0,0,,8,3,605.9295096036111,3,3,6499.0,0.0,0
365,2026-05-12,3,6,0,0,,9,3,678.8782726591667,2,1,11665.666666666666,0.0,0
366,2026-05-12,2,4,2,0,,8,2,362.18737222805555,2,2,5749.0,0.0,0
367,2026-05-12,2,4,2,1,,9,2,47.57777733472222,1,1,6999.0,6999.0,0
368,2026-05-12,3,6,0,0,,9,3,334.2447681052778,2,1,10332.333333333334,0.0,0
369,2026-05-12,2,4,1,1,,8,2,233.35866251916667,2,2,7249.0,6999.0,0
370,2026-05-12,2,4,1,0,,7,2,284.9841388152778,1,1,4999.0,0.0,0
371,2026-05-12,2,5,1,0,,8,2,1005.5821731794445,3,2,8999.0,0.0,0
372,2026-05-12,3,5,1,3,3.0,15,3,67.7094793,1,1,4999.0,4999.0,1
373,2026-05-12,4,6,1,0,,11,4,465.8514908713889,2,2,7544.454545454545,0.0,0
374,2026-05-12,1,2,0,0,,3,1,814.5768894141667,2,1,10332.333333333334,0.0,0
375,2026-05-12,2,4,0,0,,6,2,110.00054927583332,2,1,9665.666666666666,0.0,0
376,2026-05-12,4,11,2,1,,18,4,125.97437806250001,2,2,5887.888888888889,8999.0,0
377,2026-05-12,5,12,2,5,3.0,27,6,236.70496427611113,1,1,6999.0,6999.0,1
378,2026-05-12,4,9,1,0,,14,4,65.39439586666667,2,2,5570.428571428572,0.0,0
379,2026-05-12,1,2,0,0,,3,1,145.77826504916666,2,1,11665.666666666666,0.0,0
380,2026-05-12,3,8,3,3,3.0,20,3,601.2583772416666,1,1,4999.0,4999.0,1
381,2026-05-12,1,3,0,0,,4,1,931.8000778430555,2,2,6499.0,0.0,0
383,2026-05-12,4,5,1,0,,10,4,233.3641399002778,3,2,10999.0,0.0,0
385,2026-05-12,4,7,0,0,,11,4,424.548927165,3,2,10453.545454545454,0.0,0
386,2026-05-12,5,8,0,0,,13,5,223.39286292888892,3,2,10537.461538461539,0.0,0
387,2026-05-12,2,4,1,2,1.0,10,2,429.95738169055556,2,1,10199.0,10999.0,0
388,2026-05-12,4,8,3,0,,15,4,191.52512109777777,3,2,8332.333333333334,0.0,0
389,2026-05-12,4,9,1,1,,15,2,1086.1953899333334,2,2,7132.333333333333,6999.0,0
390,2026-05-12,5,11,4,0,,20,5,141.6703909225,2,1,12599.0,0.0,0
391,2026-05-12,1,1,0,0,,2,1,1284.9410936541667,1,1,8999.0,0.0,0
392,2026-05-12,3,8,1,0,,12,3,1.1480688844444444,3,2,9332.333333333334,0.0,0
393,2026-05-12,4,8,1,0,,13,4,19.710676508888888,3,2,10999.0,0.0,0
394,2026-05-12,2,3,0,0,,5,2,746.134384175,1,1,6999.0,0.0,0
395,2026-05-12,1,3,1,0,,5,1,129.96237664444445,2,1,10599.0,0.0,0
396,2026-05-12,3,5,1,0,,9,3,342.36445168333336,1,1,4999.0,0.0,0
397,2026-05-12,6,11,2,1,,20,6,238.46844826833333,2,2,6199.0,12999.0,0
398,2026-05-12,4,9,3,2,,18,4,74.54080317750001,3,2,11443.444444444445,12999.0,0
399,2026-05-12,3,7,0,0,,10,3,89.42991925888889,1,1,6999.0,0.0,0
400,2026-05-12,3,8,0,0,,11,3,129.92478736333334,1,1,4999.0,0.0,0
401,2026-05-12,2,5,0,0,,7,2,394.93137441972226,2,1,11856.142857142857,0.0,0
402,2026-05-12,1,3,1,1,,6,1,1248.4652236902778,2,1,9665.666666666666,8999.0,0
403,2026-05-12,3,6,0,0,,9,3,68.93193994111111,2,2,7443.444444444444,0.0,0
404,2026-05-12,3,6,3,3,2.0,17,3,47.41617508527778,2,2,7351.941176470588,6999.0,1
405,2026-05-12,2,4,1,1,1.0,9,2,337.60661293888893,2,2,6776.777777777777,6999.0,0
406,2026-05-12,2,4,0,0,,6,2,1257.3419894344445,1,1,6999.0,0.0,0
407,2026-05-12,3,6,2,0,,11,3,343.44084841555554,4,3,7544.454545454545,0.0,0
408,2026-05-12,1,2,0,0,,3,1,367.8535232722222,1,1,6999.0,0.0,0
409,2026-05-12,4,9,2,1,,16,3,557.2066037247222,3,2,10374.0,8999.0,0
410,2026-05-12,2,5,0,0,,7,2,356.6613603088889,2,2,5856.142857142857,0.0,0
411,2026-05-12,3,5,2,1,,11,3,229.11299903611112,2,2,6817.181818181818,6999.0,0
412,2026-05-12,3,5,1,0,,9,3,97.76404221888889,3,3,7887.888888888889,0.0,0
415,2026-05-12,4,6,1,0,,11,4,179.65848287277777,2,2,5726.272727272727,0.0,0
416,2026-05-12,1,3,0,0,,4,1,525.3931342091666,1,1,4999.0,0.0,0
417,2026-05-12,3,6,1,0,,10,4,77.01290016972222,3,3,7199.0,0.0,0
418,2026-05-12,3,7,0,0,,10,3,22.51109959472222,3,3,7999.0,0.0,0
419,2026-05-12,2,3,2,0,,7,2,922.3249827130555,2,1,9570.42857142857,0.0,0
420,2026-05-12,2,4,0,0,,6,2,135.7822062052778,2,1,10999.0,0.0,0
421,2026-05-12,3,5,1,0,,9,3,273.46489632555557,1,1,4999.0,0.0,0
423,2026-05-12,3,5,3,2,1.0,14,3,104.80865841444444,2,2,8284.714285714286,6999.0,0
424,2026-05-12,3,6,2,0,,11,3,178.0017551538889,3,3,5908.090909090909,0.0,0
425,2026-05-12,2,4,1,0,,7,2,487.4506158552778,2,2,5570.428571428572,0.0,0
426,2026-05-12,2,3,2,2,2.0,11,2,195.5586022513889,1,1,6999.0,6999.0,0
427,2026-05-12,3,6,1,0,,10,3,403.22317868416667,1,1,4999.0,0.0,0
428,2026-05-12,3,5,1,3,,12,3,68.83219743638888,2,1,11999.0,11665.666666666666,0
429,2026-05-12,5,11,3,0,,19,4,197.69256271472224,2,1,11525.315789473685,0.0,0
430,2026-05-12,4,10,0,0,,14,4,517.0620474516667,2,1,11284.714285714286,0.0,0
432,2026-05-12,1,2,1,0,,4,1,1230.8551995125,1,1,8999.0,0.0,0
433,2026-05-12,2,4,0,2,2.0,10,1,196.00110360583332,2,2,6999.0,6999.0,0
434,2026-05-12,1,2,0,0,,3,1,462.49420630416665,2,2,10332.333333333334,0.0,0
435,2026-05-12,2,6,0,0,,8,2,230.75121005083335,3,2,7499.0,0.0,0
436,2026-05-12,2,5,0,0,,7,2,866.7189361552778,1,1,6999.0,0.0,0
437,2026-05-12,4,8,3,3,1.0,19,4,495.07830229388884,1,1,4999.0,4999.0,0
438,2026-05-12,3,6,1,0,,10,3,532.7414554880555,1,1,6999.0,0.0,0
439,2026-05-12,3,6,1,0,,10,3,643.7548565958333,2,2,5399.0,0.0,0
440,2026-05-12,4,10,3,4,3.0,24,5,431.88957831416667,1,1,6999.0,6999.0,0
441,2026-05-12,5,9,1,0,,15,5,317.06159121388885,2,2,6065.666666666667,0.0,0
442,2026-05-12,5,11,0,0,,16,5,251.37319474916666,3,3,5374.0,0.0,0
443,2026-05-12,1,3,0,0,,4,1,1153.0581467269444,3,2,9499.0,0.0,0
444,2026-05-12,1,3,0,0,,4,1,1207.1187574927778,1,1,4999.0,0.0,0
445,2026-05-12,3,6,1,3,3.0,16,4,791.7055830708333,3,3,7124.0,7665.666666666667,0
446,2026-05-12,4,10,2,2,1.0,19,4,484.85808329055556,3,2,10472.684210526315,10999.0,0
447,2026-05-12,2,5,0,0,,7,2,254.16152256499998,2,2,5570.428571428572,0.0,0
448,2026-05-12,2,3,1,0,,6,2,154.0499241036111,1,1,8999.0,0.0,0
449,2026-05-12,5,10,1,5,3.0,24,5,380.0137020236111,2,2,5249.0,5399.0,1
450,2026-05-12,3,6,1,0,,10,3,83.29599858888889,1,1,4999.0,0.0,0
451,2026-05-12,3,4,0,0,,7,3,12.362664448055556,1,1,6999.0,0.0,0
452,2026-05-12,2,3,1,0,,6,2,282.0495823422222,2,1,10999.0,0.0,0
453,2026-05-12,2,3,1,0,,6,2,8.29084138638889,2,2,5665.666666666667,0.0,0
454,2026-05-12,1,1,0,0,,2,1,315.0460585147222,1,1,12999.0,0.0,0
455,2026-05-12,2,3,1,0,,6,2,32.48751829583333,1,1,6999.0,0.0,0
456,2026-05-12,4,6,2,1,,13,4,150.04188825861112,2,2,5306.692307692308,4999.0,0
457,2026-05-12,1,3,0,0,,4,1,766.0504004697223,1,1,6999.0,0.0,0
458,2026-05-12,2,4,1,0,,7,2,261.1543831041667,2,1,10713.285714285714,0.0,0
459,2026-05-12,3,4,1,0,,8,3,444.6993230475,3,2,10499.0,0.0,0
460,2026-05-12,1,2,0,0,,3,1,1212.0818560291666,2,1,10332.333333333334,0.0,0
461,2026-05-12,1,1,0,0,,2,1,859.1762265352778,1,1,4999.0,0.0,0
462,2026-05-12,2,4,0,0,,6,2,1148.8840017052778,1,1,6999.0,0.0,0
463,2026-05-12,1,1,0,0,,2,1,758.7899254575001,1,1,12999.0,0.0,0
464,2026-05-12,4,6,3,1,,14,4,152.10653805222222,2,2,8284.714285714286,6999.0,0
466,2026-05-12,3,5,1,0,,9,3,549.2465592936112,2,2,5443.444444444444,0.0,0
467,2026-05-12,2,4,0,0,,6,3,353.2562284105556,1,1,6999.0,0.0,0
468,2026-05-12,1,3,0,0,,4,1,845.3702964583333,2,1,9999.0,0.0,0
469,2026-05-12,4,10,1,0,,15,4,378.21648968305556,2,1,9532.333333333334,0.0,0
470,2026-05-12,2,5,1,2,,10,2,718.5553504013889,2,2,9999.0,9999.0,0
471,2026-05-12,2,5,1,2,1.0,11,2,336.3649593602778,1,1,6999.0,6999.0,0
472,2026-05-12,2,4,0,0,,6,2,627.3726632088889,1,1,6999.0,0.0,0
473,2026-05-12,4,6,1,0,,11,4,25.40408721527778,3,3,7544.454545454545,0.0,0
476,2026-05-12,1,3,0,0,,4,1,1173.7181844427778,2,2,8499.0,0.0,0
477,2026-05-12,1,3,0,1,,5,1,192.02742794805556,3,3,6999.0,6999.0,0
478,2026-05-12,4,10,0,0,,14,4,666.7844321772222,3,3,8427.57142857143,0.0,0
479,2026-05-12,4,7,0,0,,11,4,81.59471261916666,2,1,10453.545454545454,0.0,0
480,2026-05-12,3,7,1,0,,11,3,739.7574907019444,1,1,4999.0,0.0,0
481,2026-05-12,3,8,1,0,,12,3,183.93059611638887,1,1,4999.0,0.0,0
482,2026-05-12,2,4,0,0,,6,2,626.0988368377778,1,1,6999.0,0.0,0
483,2026-05-12,2,4,2,1,,9,2,412.9149792222222,1,1,4999.0,4999.0,0
484,2026-05-12,1,3,0,0,,4,1,367.3313757961111,1,1,8999.0,0.0,0
485,2026-05-12,5,12,1,0,,18,6,238.0102703261111,4,3,7554.555555555556,0.0,0
486,2026-05-12,1,3,0,0,,4,1,597.9594092386111,1,1,6999.0,0.0,0
487,2026-05-12,1,1,0,0,,2,1,1228.004073381111,1,1,8999.0,0.0,0
488,2026-05-12,2,2,0,0,,4,2,700.5405722391666,1,1,4999.0,0.0,0
489,2026-05-12,2,3,0,0,,5,2,257.6170495930556,1,1,6999.0,0.0,0
490,2026-05-12,3,6,0,0,,9,3,573.7161128494445,2,1,11665.666666666666,0.0,0
491,2026-05-12,6,11,3,6,6.0,32,6,217.01645063333333,1,1,4999.0,4999.0,1
492,2026-05-12,4,6,0,0,,10,4,144.25307687416665,3,2,9399.0,0.0,0
493,2026-05-12,3,7,3,1,,14,3,218.47247959972222,1,1,6999.0,6999.0,0
494,2026-05-12,4,5,1,0,,10,4,83.11041245305555,2,1,11799.0,0.0,0
496,2026-05-12,2,2,0,0,,4,2,232.39031035611112,1,1,4999.0,0.0,0
497,2026-05-12,3,6,0,0,,9,3,329.14358593083335,2,1,12110.111111111111,0.0,0
498,2026-05-12,2,3,0,0,,5,2,324.0419002516667,1,1,4999.0,0.0,0
499,2026-05-12,1,2,0,0,,3,1,538.3391954747221,1,1,6999.0,0.0,0
500,2026-05-12,1,2,1,0,,4,1,75.56551193777777,2,2,10999.0,0.0,0
5,2026-05-19,3,6,1,0,,10,3,520.3963348141666,4,3,7199.0,0.0,0
6,2026-05-19,3,6,1,0,,10,3,198.94405424333334,2,2,7599.0,0.0,0
7,2026-05-19,3,4,0,3,2.0,12,3,79.87756981166666,2,2,5665.666666666667,5665.666666666667,0
8,2026-05-19,4,8,4,0,,16,4,86.05231091833333,4,3,10874.0,0.0,0
9,2026-05-19,2,4,1,0,,7,2,898.3884253577778,2,1,11284.714285714286,0.0,0
10,2026-05-19,1,2,0,0,,3,1,183.37463041694443,1,1,6999.0,0.0,0
11,2026-05-19,1,2,0,0,,3,1,67.04161660222222,1,1,6999.0,0.0,0
12,2026-05-19,2,6,0,0,,8,2,1128.6255626233333,2,2,5999.0,0.0,0
13,2026-05-19,3,5,3,0,,11,3,472.58077661361114,2,2,7544.454545454545,0.0,0
14,2026-05-19,2,6,0,0,,8,2,449.2974029494444,1,1,4999.0,0.0,0
15,2026-05-19,4,6,1,4,2.0,17,4,2.975904754722222,3,2,7587.235294117647,6999.0,0
16,2026-05-19,2,6,1,0,,9,2,97.22438538777777,3,3,5665.666666666667,0.0,0
18,2026-05-19,2,5,0,0,,7,2,198.59809078222222,2,2,12141.857142857143,0.0,0
19,2026-05-19,3,5,2,0,,10,2,610.4307099013889,2,2,6199.0,0.0,0
20,2026-05-19,6,10,4,0,,20,6,62.28421040166666,4,3,10299.0,0.0,0
21,2026-05-19,1,2,0,0,,3,1,1215.6798929652778,2,1,10332.333333333334,0.0,0
22,2026-05-19,3,5,2,3,3.0,16,3,443.05958435055555,3,2,10124.0,10332.333333333334,0
23,2026-05-19,4,7,1,0,,12,4,491.74762958805553,2,2,5999.0,0.0,0
24,2026-05-19,2,4,0,0,,6,2,280.3529337325,2,1,10332.333333333334,0.0,0
25,2026-05-19,5,6,1,0,,12,5,310.67139983777776,2,2,6665.666666666667,0.0,0
26,2026-05-19,4,8,4,2,,18,4,67.31872319833333,1,1,4999.0,4999.0,0
27,2026-05-19,3,4,0,0,,7,3,840.1147641530555,3,3,8141.857142857143,0.0,0
28,2026-05-19,4,8,1,0,,13,3,113.79469278333333,3,3,7306.692307692308,0.0,0
29,2026-05-19,1,2,1,0,,4,1,289.0783079908333,1,1,6999.0,0.0,0
30,2026-05-19,3,5,1,0,,9,3,954.3983376475001,2,2,6554.555555555556,0.0,0
31,2026-05-19,4,7,2,3,,16,4,1116.3418727769445,3,2,10124.0,10332.333333333334,0
32,2026-05-19,2,3,2,0,,7,2,151.4303732711111,2,2,8141.857142857143,0.0,0
33,2026-05-19,2,2,2,1,,7,2,975.6218509363889,2,2,7856.142857142857,6999.0,0
34,2026-05-19,2,2,1,0,,5,2,887.488133526389,2,2,6199.0,0.0,0
35,2026-05-19,2,4,1,0,,7,2,449.54800132888886,2,2,6713.285714285715,0.0,0
36,2026-05-19,4,9,2,2,,17,4,114.12648274777777,4,3,7704.882352941177,7999.0,0
37,2026-05-19,3,4,2,0,,9,2,218.9344885238889,1,1,4999.0,0.0,0
38,2026-05-19,3,6,2,1,,12,3,31.34496127638889,2,1,11332.333333333334,12999.0,0
39,2026-05-19,3,7,2,1,1.0,14,3,363.03343121138886,1,1,4999.0,4999.0,0
40,2026-05-19,2,6,2,1,,11,2,8.380762432500001,3,2,10453.545454545454,6999.0,0
41,2026-05-19,3,6,0,0,,9,3,478.2786703025,2,2,8776.777777777777,0.0,0
43,2026-05-19,2,4,1,1,,8,2,776.5121360072222,3,2,11249.0,12999.0,0
44,2026-05-19,3,7,0,0,,10,3,627.5623419583333,1,1,4999.0,0.0,0
45,2026-05-19,1,1,0,0,,2,1,1466.890001637778,1,1,8999.0,0.0,0
46,2026-05-19,3,9,0,0,,12,3,222.59639753666667,3,2,9665.666666666666,0.0,0
47,2026-05-19,3,7,0,0,,10,3,275.2595660461111,3,3,6799.0,0.0,0
48,2026-05-19,2,3,0,0,,5,2,537.4638663605556,2,2,8199.0,0.0,0
49,2026-05-19,4,11,2,0,,17,4,65.00162653277778,2,2,5234.294117647059,0.0,0
50,2026-05-19,1,1,0,0,,2,1,1322.6223967847222,1,1,6999.0,0.0,0
51,2026-05-19,4,11,0,0,,15,4,377.6022381108333,3,2,10332.333333333334,0.0,0
52,2026-05-19,3,7,2,1,,13,3,625.7334667616666,3,2,9460.538461538461,8999.0,0
53,2026-05-19,4,9,0,0,,13,4,580.9625699625,2,2,5306.692307692308,0.0,0
54,2026-05-19,1,3,0,0,,4,1,768.5936031877777,3,2,10499.0,0.0,0
55,2026-05-19,2,6,0,0,,8,2,86.1170793688889,1,1,4999.0,0.0,0
56,2026-05-19,3,5,0,0,,8,3,1308.8187709219444,2,2,5999.0,0.0,0
57,2026-05-19,3,3,3,0,,9,3,105.93602630444445,1,1,4999.0,0.0,0
58,2026-05-19,1,3,1,0,,5,1,1028.6326997080555,1,1,4999.0,0.0,0
59,2026-05-19,1,1,0,0,,2,1,346.8077263547222,1,1,12999.0,0.0,0
60,2026-05-19,3,7,2,1,,13,3,264.41100944333334,1,1,4999.0,4999.0,0
61,2026-05-19,3,5,0,0,,8,3,68.49540594166668,2,2,8249.0,0.0,0
62,2026-05-19,2,4,0,0,,6,2,119.81595060166667,1,1,4999.0,0.0,0
63,2026-05-19,1,2,0,0,,3,1,160.61613652666665,1,1,6999.0,0.0,0
64,2026-05-19,4,9,2,2,,17,4,62.99868277416667,1,1,4999.0,4999.0,0
65,2026-05-19,2,5,0,0,,7,2,617.9934022116666,3,2,8141.857142857143,0.0,0
66,2026-05-19,4,6,3,2,,15,4,142.8062502238889,3,3,7399.0,6999.0,0
67,2026-05-19,2,6,1,0,,9,2,271.76346160888886,2,1,11221.222222222223,0.0,0
68,2026-05-19,3,5,0,0,,8,3,117.05658610194445,2,1,11499.0,0.0,0
70,2026-05-19,3,4,0,0,,7,3,356.78149158472223,1,1,6999.0,0.0,0
71,2026-05-19,3,6,2,3,3.0,17,2,182.72495695027777,1,1,6999.0,6999.0,0
72,2026-05-19,2,3,0,0,,5,2,747.2279058038888,2,2,8199.0,0.0,0
73,2026-05-19,5,9,1,0,,15,5,33.887268695,2,2,5132.333333333333,0.0,0
74,2026-05-19,5,9,0,0,,14,4,497.4326871458333,3,3,6999.0,0.0,0
75,2026-05-19,4,9,4,1,,18,4,1067.5666067344443,4,3,8665.666666666666,8999.0,0
76,2026-05-19,3,6,0,0,,9,3,167.4689939436111,2,2,7665.666666666667,0.0,0
77,2026-05-19,4,7,3,0,,14,4,28.326771746111113,2,2,7427.571428571428,0.0,0
78,2026-05-19,3,7,0,0,,10,3,433.9420787033333,3,3,5999.0,0.0,0
79,2026-05-19,4,7,3,0,,14,4,97.49049879472223,2,2,7427.571428571428,0.0,0
80,2026-05-19,4,10,2,0,,16,4,265.8312071394444,3,3,7249.0,0.0,0
81,2026-05-19,2,4,1,0,,7,2,626.1859905291667,2,2,5570.428571428572,0.0,0
82,2026-05-19,5,9,3,2,,19,5,0.24552585861111112,3,2,11841.105263157895,12999.0,0
83,2026-05-19,3,9,0,0,,12,3,68.77367424694444,3,2,10665.666666666666,0.0,0
84,2026-05-19,4,6,3,2,,15,3,120.87966589027778,2,2,5532.333333333333,4999.0,0
85,2026-05-19,1,2,0,1,1.0,5,1,247.15575827055557,2,2,6599.0,4999.0,1
86,2026-05-19,6,14,2,0,,22,6,268.7209880238889,2,2,5726.272727272727,0.0,0
87,2026-05-19,4,10,0,0,,14,4,134.9662161911111,2,2,7427.571428571428,0.0,0
88,2026-05-19,1,1,1,1,,4,1,183.7653963088889,1,1,6999.0,6999.0,0
89,2026-05-19,2,3,0,0,,5,2,522.89305513,1,1,4999.0,0.0,0
90,2026-05-19,2,3,0,0,,5,2,29.754979160277777,1,1,8999.0,0.0,0
91,2026-05-19,2,4,0,0,,6,2,19.532160342777775,3,2,8999.0,0.0,0
92,2026-05-19,1,2,0,0,,3,1,1137.1367275438888,1,1,8999.0,0.0,0
93,2026-05-19,3,7,0,3,2.0,15,3,1097.8246448616667,2,2,8599.0,8999.0,0
94,2026-05-19,3,4,1,0,,8,3,241.9111465111111,2,2,5999.0,0.0,0
95,2026-05-19,4,5,2,0,,11,4,398.84826175083333,4,3,7362.636363636364,0.0,0
96,2026-05-19,1,2,1,1,1.0,6,1,144.67917318611111,1,1,6999.0,6999.0,0
97,2026-05-19,4,8,1,0,,13,4,360.4616164783333,3,2,9922.076923076924,0.0,0
98,2026-05-19,2,3,0,0,,5,2,117.91552409972223,1,1,6999.0,0.0,0
99,2026-05-19,4,10,1,0,,15,3,49.42383670583333,1,1,6999.0,0.0,0
100,2026-05-19,4,5,1,0,,10,4,70.77723396222223,3,3,6599.0,0.0,0
101,2026-05-19,6,13,4,2,,25,6,424.68158749277774,2,1,11559.0,10999.0,0
102,2026-05-19,4,7,4,4,3.0,22,4,56.58243872916666,2,2,5180.818181818182,4999.0,0
103,2026-05-19,5,9,1,0,,15,5,10.742109479444446,3,2,9265.666666666666,0.0,0
104,2026-05-19,2,5,0,0,,7,2,1342.1187091283334,2,2,7570.428571428572,0.0,0
105,2026-05-19,5,12,2,1,,20,5,9.067783796944445,3,2,11599.0,12999.0,0
106,2026-05-19,4,5,2,0,,11,3,80.78731575444444,1,1,6999.0,0.0,0
107,2026-05-19,3,8,0,0,,11,3,580.8976097052778,2,2,6635.363636363636,0.0,0
108,2026-05-19,4,9,0,0,,13,4,183.63973138861112,2,1,10845.153846153846,0.0,0
109,2026-05-19,2,5,0,0,,7,2,659.2366909844444,2,2,5284.714285714285,0.0,0
110,2026-05-19,3,4,1,0,,8,3,454.3021327941667,1,1,4999.0,0.0,0
111,2026-05-19,2,4,1,0,,7,2,798.3209848780555,3,2,9856.142857142857,0.0,0
112,2026-05-19,3,6,2,0,,11,3,500.31581498833333,2,2,5726.272727272727,0.0,0
113,2026-05-19,5,9,1,5,4.0,24,5,318.2716841363889,3,2,9499.0,9799.0,0
114,2026-05-19,6,13,1,0,,20,6,418.05681807611114,2,1,11199.0,0.0,0
115,2026-05-19,1,1,0,0,,2,1,288.4631359297222,1,1,6999.0,0.0,0
116,2026-05-19,3,6,0,0,,9,3,497.14451907583333,1,1,6999.0,0.0,0
118,2026-05-19,4,7,3,1,,15,4,272.24799300944443,2,2,7132.333333333333,4999.0,0
119,2026-05-19,4,8,0,0,,12,4,288.6997497713889,2,1,10332.333333333334,0.0,0
120,2026-05-19,2,4,0,0,,6,2,854.0725245897222,3,2,8665.666666666666,0.0,0
121,2026-05-19,2,4,0,0,,6,1,996.3366426869444,2,2,6332.333333333333,0.0,0
122,2026-05-19,1,2,0,0,,3,1,685.2991041980556,1,1,6999.0,0.0,0
123,2026-05-19,2,5,1,0,,8,2,966.0172310980555,1,1,6999.0,0.0,0
124,2026-05-19,3,5,0,0,,8,3,70.78950711527777,1,1,6999.0,0.0,0
125,2026-05-19,2,3,1,1,,7,2,966.9142771408333,1,1,6999.0,6999.0,0
126,2026-05-19,3,6,1,0,,10,3,653.5031727363888,2,2,5599.0,0.0,0
127,2026-05-19,2,2,1,0,,5,2,504.93557199972224,1,1,4999.0,0.0,0
128,2026-05-19,4,7,2,1,,14,4,186.6039738247222,2,1,12141.857142857143,12999.0,0
129,2026-05-19,4,8,3,1,,16,4,148.2978976375,3,2,8249.0,8999.0,0
130,2026-05-19,2,5,1,0,,8,2,489.8273983172223,3,2,11499.0,0.0,0
132,2026-05-19,1,2,1,1,1.0,6,1,270.03417513305556,1,1,4999.0,4999.0,0
133,2026-05-19,2,3,2,2,1.0,10,2,165.2405404561111,2,2,6199.0,5999.0,0
135,2026-05-19,3,4,1,0,,8,3,44.403068355833334,3,2,11249.0,0.0,0
136,2026-05-19,1,2,1,0,,4,1,1146.636235798611,1,1,4999.0,0.0,0
137,2026-05-19,4,5,0,4,2.0,15,4,131.31936207305557,1,1,4999.0,4999.0,0
138,2026-05-19,2,6,1,0,,9,2,228.72946397055554,2,2,6554.555555555556,0.0,0
139,2026-05-19,3,7,0,0,,10,3,422.7240695005556,1,1,6999.0,0.0,0
140,2026-05-19,4,6,0,0,,10,4,149.56171592222222,1,1,4999.0,0.0,0
141,2026-05-19,3,5,0,0,,8,2,941.4774789527778,2,2,6749.0,0.0,0
142,2026-05-19,4,9,2,4,3.0,22,4,721.8829014644444,3,3,6635.363636363636,6499.0,1
143,2026-05-19,2,5,2,0,,9,2,312.58372153972226,1,1,6999.0,0.0,0
144,2026-05-19,4,7,2,3,1.0,17,5,95.74806255166666,2,2,5587.235294117647,5665.666666666667,0
145,2026-05-19,5,9,4,2,,20,5,304.0404528955556,3,2,11199.0,10999.0,0
146,2026-05-19,3,5,2,3,3.0,16,3,581.1426074491667,1,1,4999.0,4999.0,1
148,2026-05-19,3,7,1,0,,11,4,215.51007167333333,1,1,4999.0,0.0,0
149,2026-05-19,3,7,0,0,,10,3,318.6941204486111,3,2,8399.0,0.0,0
150,2026-05-19,2,6,0,0,,8,2,321.6655707263889,2,2,5249.0,0.0,0
151,2026-05-19,2,5,1,0,,8,2,128.8176596688889,2,1,12499.0,0.0,0
152,2026-05-19,2,3,0,0,,5,2,89.41647095083333,2,2,5799.0,0.0,0
153,2026-05-19,2,5,0,0,,7,2,885.2281780322222,2,1,10713.285714285714,0.0,0
154,2026-05-19,1,2,1,0,,4,1,1453.978018893889,1,1,6999.0,0.0,0
155,2026-05-19,2,2,0,0,,4,2,1209.236621787222,2,2,5999.0,0.0,0
156,2026-05-19,1,1,1,1,,4,1,1081.4822605741667,1,1,6999.0,6999.0,0
157,2026-05-19,6,9,2,6,5.0,28,6,284.2653780238889,3,3,5570.428571428572,5332.333333333333,0
158,2026-05-19,2,5,1,0,,8,2,299.8558850555556,1,1,12999.0,0.0,0
159,2026-05-19,1,2,0,0,,3,1,139.26412510555556,1,1,4999.0,0.0,0
160,2026-05-19,1,2,0,0,,3,1,361.6082633480556,1,1,6999.0,0.0,0
161,2026-05-19,4,9,0,0,,13,4,101.46944164861111,2,2,6229.7692307692305,0.0,0
162,2026-05-19,3,6,1,3,3.0,16,3,225.3204375936111,2,2,5999.0,6332.333333333333,0
163,2026-05-19,2,3,0,1,,6,2,598.1906148669444,1,1,8999.0,8999.0,0
164,2026-05-19,5,9,3,5,3.0,25,4,503.5584140691667,2,2,7719.0,8199.0,1
165,2026-05-19,2,4,2,2,2.0,12,2,193.4574079861111,3,2,7332.333333333333,6999.0,0
166,2026-05-19,8,17,6,8,6.0,45,8,228.1539943936111,3,3,7132.333333333333,6999.0,0
167,2026-05-19,3,5,3,0,,11,3,275.42128481972225,3,2,10271.727272727272,0.0,0
168,2026-05-19,5,11,3,5,4.0,28,5,298.84385149972223,2,2,7284.714285714285,8199.0,0
169,2026-05-19,2,3,0,0,,5,2,1049.6580606883333,1,1,8999.0,0.0,0
170,2026-05-19,5,9,0,0,,14,5,111.42094685138889,2,1,12141.857142857143,0.0,0
171,2026-05-19,5,12,2,2,1.0,22,5,77.24785964,3,2,7999.0,6999.0,0
172,2026-05-19,3,8,0,0,,11,3,253.38018226527777,3,2,7726.272727272727,0.0,0
173,2026-05-19,2,4,0,0,,6,2,666.0379489072222,2,2,7999.0,0.0,0
175,2026-05-19,4,9,1,0,,14,4,990.7275059113889,3,2,10427.57142857143,0.0,0
176,2026-05-19,3,7,3,1,,14,3,179.75268990583334,1,1,4999.0,4999.0,0
177,2026-05-19,5,8,2,0,,15,5,338.89231245222226,1,1,4999.0,0.0,0
178,2026-05-19,4,8,1,0,,13,4,133.63637874611112,3,2,9614.384615384615,0.0,0
179,2026-05-19,2,5,0,0,,7,2,409.4097289283333,1,1,6999.0,0.0,0
180,2026-05-19,3,6,0,0,,9,4,430.0872609102778,1,1,4999.0,0.0,0
181,2026-05-19,3,6,0,0,,9,3,560.117691161389,3,2,8110.111111111111,0.0,0
182,2026-05-19,2,3,0,0,,5,2,80.6144778925,2,2,9399.0,0.0,0
183,2026-05-19,3,7,0,0,,10,3,73.68125151444445,3,3,5999.0,0.0,0
184,2026-05-19,3,5,1,0,,9,3,232.50572158583333,2,2,5443.444444444444,0.0,0
185,2026-05-19,5,9,2,0,,16,5,53.68798724944445,2,1,10249.0,0.0,0
186,2026-05-19,2,2,1,0,,5,2,131.67909923055555,2,2,9399.0,0.0,0
187,2026-05-19,3,6,2,0,,11,3,459.03352646972223,2,2,5362.636363636364,0.0,0
188,2026-05-19,1,1,0,1,1.0,4,1,143.08887059,1,1,6999.0,6999.0,0
189,2026-05-19,2,4,1,0,,7,2,278.9450514677778,2,2,7570.428571428572,0.0,0
190,2026-05-19,3,8,1,0,,12,3,460.36628476277775,3,3,7332.333333333333,0.0,0
191,2026-05-19,2,6,0,0,,8,2,16.499328815,1,1,6999.0,0.0,0
193,2026-05-19,4,9,2,0,,15,3,291.74544642222224,3,2,6865.666666666667,0.0,0
194,2026-05-19,1,1,1,1,,4,1,452.47490021000004,1,1,4999.0,4999.0,0
195,2026-05-19,3,6,1,0,,10,2,1134.042623378889,1,1,4999.0,0.0,0
196,2026-05-19,1,1,1,0,,3,1,1300.5170578788889,1,1,6999.0,0.0,0
197,2026-05-19,5,8,2,2,,17,5,23.01010027611111,2,1,10881.35294117647,10999.0,0
198,2026-05-19,2,4,1,0,,7,2,9.683719212777778,2,1,10713.285714285714,0.0,0
199,2026-05-19,4,8,1,1,,14,4,202.34480991583334,3,2,7856.142857142857,6999.0,0
200,2026-05-19,4,11,2,4,3.0,24,5,341.33733746,3,2,7832.333333333333,8499.0,0
201,2026-05-19,4,7,1,0,,12,4,488.5282924716667,3,2,8832.333333333334,0.0,0
202,2026-05-19,5,13,1,0,,19,5,209.42355141805555,3,2,11209.526315789473,0.0,0
203,2026-05-19,3,7,1,0,,11,3,61.89759448111111,3,3,8453.545454545454,0.0,0
204,2026-05-19,2,3,1,1,,7,2,644.6341007886111,1,1,6999.0,6999.0,0
205,2026-05-19,3,6,2,3,2.0,16,3,89.13051313222222,2,1,12749.0,12999.0,0
206,2026-05-19,2,3,2,1,1.0,9,1,1460.4902646069443,1,1,6999.0,6999.0,0
207,2026-05-19,2,4,0,0,,6,2,0.9660008441666667,2,1,10332.333333333334,0.0,0
208,2026-05-19,5,8,0,0,,13,5,107.97093687,4,3,9306.692307692309,0.0,0
209,2026-05-19,4,6,3,0,,13,4,643.1154234922222,1,1,4999.0,0.0,0
210,2026-05-19,3,7,0,0,,10,3,80.52392761,3,3,6999.0,0.0,0
211,2026-05-19,1,3,1,0,,5,1,1028.849612315,2,1,9799.0,0.0,0
212,2026-05-19,4,8,1,0,,13,4,735.5620177663889,2,1,10537.461538461539,0.0,0
213,2026-05-19,1,2,0,0,,3,1,1206.9092027797221,1,1,8999.0,0.0,0
214,2026-05-19,2,4,0,0,,6,2,350.53496171583333,3,3,8665.666666666666,0.0,0
215,2026-05-19,2,5,0,0,,7,2,706.2286121730556,2,1,11284.714285714286,0.0,0
216,2026-05-19,5,12,2,5,4.0,28,5,20.563140838611112,2,2,7213.285714285715,7399.0,0
217,2026-05-19,2,4,0,0,,6,2,718.0799860933333,2,2,5665.666666666667,0.0,0
218,2026-05-19,3,3,0,0,,6,3,376.4607072816667,1,1,4999.0,0.0,0
219,2026-05-19,3,5,1,0,,9,3,152.86977852138887,2,1,10776.777777777777,0.0,0
220,2026-05-19,1,3,0,0,,4,1,1440.0213015405554,2,1,10999.0,0.0,0
221,2026-05-19,5,11,2,2,1.0,21,5,450.2881568730555,3,2,9189.47619047619,10999.0,0
222,2026-05-19,3,7,0,0,,10,3,199.21805110083332,3,2,7799.0,0.0,0
223,2026-05-19,4,6,2,2,,14,4,866.1603566627778,2,2,7141.857142857143,6999.0,0
224,2026-05-19,4,8,1,4,3.0,20,4,578.4342478302777,2,2,7099.0,6999.0,0
225,2026-05-19,1,3,1,0,,5,1,600.9670999769445,1,1,6999.0,0.0,0
226,2026-05-19,1,1,0,0,,2,1,1081.9644752019444,1,1,8999.0,0.0,0
227,2026-05-19,4,7,4,0,,15,4,111.0946805411111,3,3,5932.333333333333,0.0,0
228,2026-05-19,5,8,3,2,1.0,19,5,441.57388015111115,2,2,7104.263157894737,6999.0,0
229,2026-05-19,2,2,0,0,,4,2,709.6360360325,2,2,8999.0,0.0,0
230,2026-05-19,4,9,1,0,,14,4,402.60754746583336,2,2,6141.857142857143,0.0,0
231,2026-05-19,4,6,1,0,,11,4,181.5493746213889,3,3,6453.545454545455,0.0,0
232,2026-05-19,2,4,0,0,,6,2,450.3686843061111,1,1,6999.0,0.0,0
234,2026-05-19,2,4,1,0,,7,2,1092.0470210922222,3,2,8141.857142857143,0.0,0
235,2026-05-19,2,4,1,1,,8,2,511.0745568869445,2,1,10999.0,12999.0,0
236,2026-05-19,2,3,1,1,,7,2,299.87704266000003,2,2,7856.142857142857,6999.0,0
237,2026-05-19,4,6,2,0,,12,4,762.6400378108334,2,2,5665.666666666667,0.0,0
238,2026-05-19,1,1,0,0,,2,1,685.7272889744444,1,1,4999.0,0.0,0
239,2026-05-19,2,4,1,0,,7,2,933.3086017055556,2,1,11284.714285714286,0.0,0
240,2026-05-19,3,7,3,2,1.0,16,4,606.9237878938889,4,3,7499.0,8999.0,0
241,2026-05-19,4,6,1,0,,11,4,290.4456999955556,1,1,4999.0,0.0,0
242,2026-05-19,2,6,1,1,,10,2,1043.5078481069445,2,2,6799.0,6999.0,0
243,2026-05-19,4,4,1,0,,9,4,106.72934108777778,2,2,7665.666666666667,0.0,0
244,2026-05-19,2,3,0,0,,5,2,123.92910425111111,3,2,9799.0,0.0,0
245,2026-05-19,2,4,2,1,,9,2,313.31275597833337,2,2,5887.888888888889,4999.0,0
246,2026-05-19,1,1,0,0,,2,1,1102.2968857752778,1,1,4999.0,0.0,0
247,2026-05-19,1,1,0,0,,2,1,1233.5869152658333,1,1,12999.0,0.0,0
248,2026-05-19,2,6,1,0,,9,3,7.7010309080555555,2,1,10776.777777777777,0.0,1
250,2026-05-19,1,3,0,0,,4,1,571.7843647502777,2,1,11999.0,0.0,0
251,2026-05-19,2,3,0,0,,5,2,179.7529731175,1,1,4999.0,0.0,0
252,2026-05-19,3,7,0,0,,10,3,755.5150230902777,3,2,8799.0,0.0,0
253,2026-05-19,2,3,0,0,,5,2,643.492868173889,2,1,12199.0,0.0,0
254,2026-05-19,2,6,0,0,,8,2,205.66333305944443,2,2,6499.0,0.0,0
255,2026-05-19,2,4,1,0,,7,2,8.45135698638889,1,1,6999.0,0.0,0
256,2026-05-19,3,6,2,0,,11,3,350.5890093111111,1,1,4999.0,0.0,0
257,2026-05-19,1,3,1,0,,5,2,1007.6499920102779,1,1,12999.0,0.0,0
258,2026-05-19,4,6,0,0,,10,4,154.0855244863889,2,2,8199.0,0.0,0
259,2026-05-19,4,7,2,4,2.0,19,4,284.5679579072222,2,2,7420.0526315789475,7499.0,0
260,2026-05-19,2,3,0,0,,5,2,923.3846892358333,1,1,8999.0,0.0,0
261,2026-05-19,4,8,1,0,,13,4,550.3530906969445,2,1,10229.76923076923,0.0,0
263,2026-05-19,3,8,1,0,,12,3,1114.3239676958333,1,1,6999.0,0.0,0
264,2026-05-19,1,1,0,0,,2,1,625.3978579938889,1,1,4999.0,0.0,0
265,2026-05-19,2,6,1,0,,9,2,585.8806965938888,2,2,7665.666666666667,0.0,0
266,2026-05-19,2,2,0,0,,4,2,268.6018251575,2,2,7999.0,0.0,0
267,2026-05-19,3,9,1,0,,13,3,818.6614499872222,2,2,5460.538461538462,0.0,0
268,2026-05-19,4,8,0,4,2.0,18,3,224.91857945583334,3,3,6665.666666666667,6499.0,0
269,2026-05-19,3,5,1,0,,9,3,688.1881546438889,2,2,12332.333333333334,0.0,0
270,2026-05-19,2,6,0,0,,8,2,712.1308171525,2,2,6499.0,0.0,0
271,2026-05-19,2,4,0,0,,6,2,731.962153636111,3,2,9665.666666666666,0.0,0
272,2026-05-19,6,11,3,2,,22,6,178.96193022833333,1,1,4999.0,4999.0,0
273,2026-05-19,1,1,0,0,,2,1,72.00580038833333,1,1,4999.0,0.0,0
274,2026-05-19,1,1,0,0,,2,1,710.2590317922222,1,1,4999.0,0.0,0
275,2026-05-19,4,7,1,0,,12,4,478.22909249083335,3,3,7165.666666666667,0.0,0
276,2026-05-19,5,9,1,0,,15,5,699.3727040433334,3,2,7665.666666666667,0.0,0
277,2026-05-19,1,1,0,0,,2,1,857.9287305900001,1,1,4999.0,0.0,0
278,2026-05-19,1,1,0,0,,2,1,988.7314941155556,1,1,6999.0,0.0,0
279,2026-05-19,2,5,0,0,,7,3,359.60998379805557,2,1,10141.857142857143,0.0,0
280,2026-05-19,6,15,4,0,,25,5,337.81184839444444,4,3,5879.0,0.0,0
281,2026-05-19,2,4,2,0,,8,2,609.761911911111,2,2,7499.0,0.0,0
282,2026-05-19,2,5,1,0,,8,2,740.1484049413889,3,2,10249.0,0.0,0
283,2026-05-19,4,5,3,4,2.0,18,4,116.09789148083334,2,2,8332.333333333334,8499.0,1
284,2026-05-19,2,5,1,0,,8,2,745.4075416758333,2,2,5499.0,0.0,0
285,2026-05-19,3,3,2,3,2.0,13,3,1048.7848055177778,3,2,8999.0,8999.0,0
286,2026-05-19,4,10,0,0,,14,4,259.5394994711111,1,1,6999.0,0.0,0
287,2026-05-19,1,2,1,0,,4,1,28.975580713333333,1,1,4999.0,0.0,0
288,2026-05-19,6,10,2,6,5.0,29,5,64.98254836666666,2,1,11067.965517241379,10999.0,0
289,2026-05-19,1,1,0,0,,2,1,934.3642456980556,1,1,6999.0,0.0,0
290,2026-05-19,3,7,0,0,,10,3,446.1565288766667,3,2,8399.0,0.0,0
291,2026-05-19,5,10,0,0,,15,5,13.738298225555557,4,3,8465.666666666666,0.0,0
292,2026-05-19,3,9,1,1,,14,3,176.66230446888886,2,2,6141.857142857143,4999.0,0
293,2026-05-19,3,5,3,1,1.0,13,3,67.24088345166666,2,1,12075.923076923076,12999.0,0
294,2026-05-19,4,6,2,0,,12,4,390.6970574361111,2,2,6832.333333333333,0.0,0
295,2026-05-19,4,8,0,0,,12,4,607.0812483125001,2,1,11665.666666666666,0.0,0
296,2026-05-19,2,6,0,0,,8,2,1202.8074403519445,2,2,5499.0,0.0,0
297,2026-05-19,2,4,1,0,,7,2,775.1828098386111,1,1,12999.0,0.0,0
298,2026-05-19,3,8,0,0,,11,3,107.09884980916667,2,2,7544.454545454545,0.0,0
299,2026-05-19,4,7,1,4,3.0,19,4,178.81117804055555,3,2,8683.21052631579,8999.0,0
300,2026-05-19,4,9,0,0,,13,4,452.37321887999997,3,3,6999.0,0.0,0
301,2026-05-19,3,6,1,0,,10,3,76.94589844194445,4,3,10799.0,0.0,0
302,2026-05-19,2,3,0,0,,5,2,240.68843450027776,1,1,6999.0,0.0,0
303,2026-05-19,2,3,0,0,,5,2,89.28336327722222,2,2,8199.0,0.0,0
304,2026-05-19,3,4,1,0,,8,3,1165.43627424,2,2,5249.0,0.0,0
305,2026-05-19,1,3,0,0,,4,1,506.86774204722224,1,1,4999.0,0.0,0
306,2026-05-19,2,2,0,0,,4,2,30.807291205277778,1,1,4999.0,0.0,0
307,2026-05-19,1,1,0,0,,2,1,1236.706218795278,1,1,8999.0,0.0,0
308,2026-05-19,4,9,0,0,,13,4,358.18941632027776,2,2,7614.384615384615,0.0,0
309,2026-05-19,1,3,1,0,,5,1,976.4682408816666,2,2,8199.0,0.0,0
310,2026-05-19,3,4,1,3,3.0,14,3,264.4970805738889,4,3,7427.571428571428,6999.0,0
311,2026-05-19,1,3,1,0,,5,1,1457.8975361575,1,1,4999.0,0.0,0
312,2026-05-19,2,5,0,0,,7,2,312.16489618027776,2,2,6141.857142857143,0.0,0
313,2026-05-19,7,15,4,2,,28,7,247.09169514888887,3,2,5427.571428571428,4999.0,0
314,2026-05-19,3,6,0,0,,9,3,292.5284805477778,1,1,4999.0,0.0,0
315,2026-05-19,3,6,0,0,,9,4,186.61460842,2,2,7221.222222222223,0.0,0
316,2026-05-19,3,8,0,0,,11,3,247.13463934416666,3,2,10999.0,0.0,0
317,2026-05-19,5,7,3,5,4.0,24,5,428.6811255611111,2,1,11332.333333333334,11399.0,1
318,2026-05-19,2,3,0,0,,5,2,1015.0454083502777,1,1,6999.0,0.0,0
319,2026-05-19,4,11,3,0,,18,5,611.7320795436111,4,3,8221.222222222223,0.0,0
320,2026-05-19,3,5,0,3,2.0,13,3,65.00970927388889,1,1,4999.0,4999.0,0
321,2026-05-19,2,5,1,0,,8,2,334.6936740994444,3,2,6499.0,0.0,0
322,2026-05-19,1,3,1,0,,5,1,113.06672423388888,2,1,12199.0,0.0,0
323,2026-05-19,4,5,1,4,2.0,16,4,114.53923413416666,2,2,8499.0,8499.0,1
324,2026-05-19,1,2,0,1,1.0,5,1,107.59212639416667,1,1,4999.0,4999.0,0
325,2026-05-19,2,4,0,0,,6,2,886.6596586061112,2,2,5332.333333333333,0.0,0
326,2026-05-19,1,3,0,0,,4,1,325.82056986361107,1,1,4999.0,0.0,0
327,2026-05-19,5,11,1,2,,19,5,64.26585940555556,2,2,5420.0526315789475,4999.0,0
328,2026-05-19,1,2,0,0,,3,1,7.514816360555556,2,2,10332.333333333334,0.0,0
329,2026-05-19,3,3,1,1,1.0,9,3,476.8139419513889,1,1,6999.0,6999.0,0
330,2026-05-19,3,8,0,0,,11,3,613.6831747533333,2,2,5726.272727272727,0.0,0
332,2026-05-19,3,5,3,0,,11,3,125.41212831722221,1,1,4999.0,0.0,0
333,2026-05-19,2,2,1,1,,6,2,511.8827942925,1,1,12999.0,12999.0,0
334,2026-05-19,2,5,0,0,,7,2,1084.6298229202778,2,2,7284.714285714285,0.0,0
335,2026-05-19,3,7,1,0,,11,3,334.3977244827778,1,1,6999.0,0.0,0
336,2026-05-19,3,7,0,0,,10,3,600.7282871038889,2,2,6599.0,0.0,0
337,2026-05-19,3,5,1,0,,9,3,820.4333406536111,3,3,7221.222222222223,0.0,0
338,2026-05-19,4,10,1,0,,15,4,410.7236951158333,2,2,8199.0,0.0,0
339,2026-05-19,1,2,1,1,,5,1,79.62130351583333,1,1,4999.0,4999.0,0
340,2026-05-19,6,12,2,2,,22,6,92.77250693888888,2,2,5180.818181818182,4999.0,0
341,2026-05-19,3,5,1,3,2.0,14,3,13.793211380555555,1,1,4999.0,4999.0,0
342,2026-05-19,1,2,1,0,,4,1,184.19387394833333,1,1,4999.0,0.0,0
343,2026-05-19,1,1,1,0,,3,1,671.2428612152778,1,1,6999.0,0.0,0
344,2026-05-19,2,5,2,0,,9,2,358.7117869152778,3,2,10554.555555555555,0.0,0
345,2026-05-19,2,5,1,1,1.0,10,2,909.5239711066666,1,1,4999.0,4999.0,0
346,2026-05-19,2,4,1,1,,8,2,545.7705607119444,3,2,10249.0,12999.0,0
347,2026-05-19,2,4,0,0,,6,2,394.1160569605555,1,1,4999.0,0.0,0
348,2026-05-19,1,1,0,0,,2,1,38.65509824694445,1,1,6999.0,0.0,0
349,2026-05-19,1,1,0,0,,2,1,1069.0347467602778,1,1,8999.0,0.0,0
351,2026-05-19,3,4,0,0,,7,3,495.8488189394444,1,1,4999.0,0.0,0
352,2026-05-19,3,7,0,0,,10,3,30.382774126666668,3,2,10599.0,0.0,0
353,2026-05-19,4,5,3,2,,14,3,196.1358984052778,1,1,6999.0,6999.0,0
354,2026-05-19,3,3,2,1,1.0,10,3,494.59164827499995,2,1,11799.0,12999.0,0
355,2026-05-19,1,3,0,0,,4,1,105.25061368583333,1,1,12999.0,0.0,0
356,2026-05-19,5,11,0,0,,16,5,16.424994566944445,3,3,7124.0,0.0,0
357,2026-05-19,4,10,0,0,,14,4,332.02958300138886,3,2,11284.714285714286,0.0,0
358,2026-05-19,4,6,3,1,,14,4,415.0255824644444,3,3,5427.571428571428,4999.0,0
359,2026-05-19,8,18,5,8,5.0,44,7,6.287258478888889,4,3,5726.272727272727,5499.0,0
360,2026-05-19,4,8,1,4,1.0,18,3,168.41865160194445,2,1,10999.0,10999.0,0
361,2026-05-19,6,12,3,6,4.0,31,6,79.89410042333333,3,2,10805.451612903225,10999.0,0
362,2026-05-19,3,8,1,1,,13,3,241.9398895663889,3,3,7306.692307692308,6999.0,0
363,2026-05-19,4,7,1,4,2.0,18,4,103.36857865583333,1,1,4999.0,4999.0,0
364,2026-05-19,3,5,0,0,,8,3,773.9295096036111,3,3,6499.0,0.0,0
365,2026-05-19,3,6,0,0,,9,3,846.8782726591667,2,1,11665.666666666666,0.0,0
366,2026-05-19,3,6,2,0,,11,3,131.1907438252778,2,2,5544.454545454545,0.0,0
367,2026-05-19,2,4,2,1,,9,2,215.5777773347222,1,1,6999.0,6999.0,0
368,2026-05-19,3,6,0,0,,9,3,502.2447681052778,2,1,10332.333333333334,0.0,0
369,2026-05-19,2,4,1,1,,8,2,401.35866251916667,2,2,7249.0,6999.0,0
370,2026-05-19,2,4,1,0,,7,2,452.9841388152778,1,1,4999.0,0.0,0
371,2026-05-19,2,5,1,0,,8,2,1173.5821731794445,3,2,8999.0,0.0,0
372,2026-05-19,4,7,1,4,4.0,20,4,61.46074090638889,1,1,4999.0,4999.0,1
373,2026-05-19,4,6,1,0,,11,4,633.8514908713889,2,2,7544.454545454545,0.0,0
374,2026-05-19,1,2,0,0,,3,1,982.5768894141667,2,1,10332.333333333334,0.0,0
375,2026-05-19,2,4,0,0,,6,2,278.00054927583335,2,1,9665.666666666666,0.0,0
376,2026-05-19,4,11,2,1,,18,4,293.97437806249997,2,2,5887.888888888889,8999.0,0
377,2026-05-19,7,14,3,7,5.0,36,7,135.07630856055556,1,1,6999.0,6999.0,1
378,2026-05-19,4,9,1,0,,14,4,233.39439586666668,2,2,5570.428571428572,0.0,0
379,2026-05-19,1,2,0,0,,3,1,313.77826504916663,2,1,11665.666666666666,0.0,0
380,2026-05-19,4,10,3,4,4.0,25,4,107.52126961333333,1,1,4999.0,4999.0,1
381,2026-05-19,2,4,0,0,,6,2,102.39120135555555,2,2,5999.0,0.0,0
382,2026-05-19,1,2,0,0,,3,1,39.82566475638888,1,1,12999.0,0.0,0
383,2026-05-19,4,5,1,0,,10,4,401.36413990027773,3,2,10999.0,0.0,0
385,2026-05-19,4,7,0,0,,11,4,592.548927165,3,2,10453.545454545454,0.0,0
386,2026-05-19,6,10,0,0,,16,6,8.337391381944444,3,2,10999.0,0.0,0
387,2026-05-19,2,4,1,2,1.0,10,2,597.9573816905556,2,1,10199.0,10999.0,1
388,2026-05-19,4,8,3,0,,15,4,359.5251210977778,3,2,8332.333333333334,0.0,0
389,2026-05-19,4,9,1,1,,15,2,1254.1953899333334,2,2,7132.333333333333,6999.0,0
390,2026-05-19,5,11,4,0,,20,5,309.6703909225,2,1,12599.0,0.0,0
391,2026-05-19,1,1,0,0,,2,1,1452.9410936541667,1,1,8999.0,0.0,0
392,2026-05-19,3,8,1,0,,12,3,169.14806888444443,3,2,9332.333333333334,0.0,0
393,2026-05-19,4,8,1,0,,13,4,187.71067650888887,3,2,10999.0,0.0,0
394,2026-05-19,2,3,0,0,,5,2,914.134384175,1,1,6999.0,0.0,0
395,2026-05-19,1,3,1,0,,5,1,297.9623766444444,2,1,10599.0,0.0,0
396,2026-05-19,3,5,1,0,,9,3,510.36445168333336,1,1,4999.0,0.0,0
397,2026-05-19,6,11,2,1,,20,6,406.4684482683333,2,2,6199.0,12999.0,0
398,2026-05-19,4,9,3,2,,18,4,242.5408031775,3,2,11443.444444444445,12999.0,0
399,2026-05-19,3,7,0,0,,10,3,257.4299192588889,1,1,6999.0,0.0,0
400,2026-05-19,3,8,0,0,,11,3,297.92478736333334,1,1,4999.0,0.0,0
401,2026-05-19,2,5,0,0,,7,2,562.9313744197223,2,1,11856.142857142857,0.0,0
402,2026-05-19,1,3,1,1,,6,1,1416.4652236902778,2,1,9665.666666666666,8999.0,0
403,2026-05-19,3,6,0,0,,9,3,236.9319399411111,2,2,7443.444444444444,0.0,0
404,2026-05-19,4,7,4,4,3.0,22,4,21.168291911111112,2,2,7271.727272727273,6999.0,0
405,2026-05-19,2,4,1,1,1.0,9,2,505.60661293888893,2,2,6776.777777777777,6999.0,0
406,2026-05-19,3,5,0,0,,8,4,143.9384443275,2,2,8499.0,0.0,0
407,2026-05-19,3,6,2,0,,11,3,511.44084841555554,4,3,7544.454545454545,0.0,0
408,2026-05-19,1,2,0,0,,3,1,535.8535232722222,1,1,6999.0,0.0,0
409,2026-05-19,5,11,2,1,,19,4,161.50567746333334,4,3,9946.368421052632,8999.0,0
410,2026-05-19,3,8,1,0,,12,3,159.3856801438889,2,2,5499.0,0.0,0
411,2026-05-19,3,5,2,1,,11,3,397.1129990361111,2,2,6817.181818181818,6999.0,0
412,2026-05-19,4,7,1,0,,12,4,102.71499713805557,3,3,7499.0,0.0,0
415,2026-05-19,4,6,1,0,,11,4,347.65848287277777,2,2,5726.272727272727,0.0,0
416,2026-05-19,2,5,0,0,,7,2,76.7782756011111,2,2,6141.857142857143,0.0,0
417,2026-05-19,3,6,1,0,,10,4,245.01290016972223,3,3,7199.0,0.0,0
418,2026-05-19,3,7,0,0,,10,3,190.51109959472222,3,3,7999.0,0.0,0
419,2026-05-19,2,3,2,0,,7,2,1090.3249827130555,2,1,9570.42857142857,0.0,0
420,2026-05-19,2,4,0,0,,6,2,303.7822062052778,2,1,10999.0,0.0,0
421,2026-05-19,3,5,1,0,,9,3,441.46489632555557,1,1,4999.0,0.0,0
423,2026-05-19,3,5,3,2,1.0,14,3,272.80865841444444,2,2,8284.714285714286,6999.0,0
424,2026-05-19,4,8,2,0,,14,4,110.40197889916666,3,3,5713.285714285715,0.0,0
425,2026-05-19,2,4,1,0,,7,2,655.4506158552778,2,2,5570.428571428572,0.0,0
426,2026-05-19,2,3,2,2,2.0,11,2,363.5586022513889,1,1,6999.0,6999.0,0
427,2026-05-19,3,6,1,0,,10,3,571.2231786841667,1,1,4999.0,0.0,0
428,2026-05-19,3,5,1,3,,12,3,236.83219743638887,2,1,11999.0,11665.666666666666,0
429,2026-05-19,5,11,3,0,,19,4,365.6925627147222,2,1,11525.315789473685,0.0,0
430,2026-05-19,4,10,0,0,,14,4,685.0620474516667,2,1,11284.714285714286,0.0,0
432,2026-05-19,1,2,1,0,,4,1,1398.8551995125,1,1,8999.0,0.0,0
433,2026-05-19,2,4,0,2,2.0,10,1,364.00110360583335,2,2,6999.0,6999.0,0
434,2026-05-19,1,2,0,0,,3,1,630.4942063041666,2,2,10332.333333333334,0.0,0
435,2026-05-19,2,6,0,0,,8,2,398.7512100508333,3,2,7499.0,0.0,0
436,2026-05-19,3,6,0,0,,9,3,150.75949761416666,1,1,6999.0,0.0,0
437,2026-05-19,4,8,3,3,1.0,19,4,663.0783022938889,1,1,4999.0,4999.0,0
438,2026-05-19,3,6,1,0,,10,3,700.7414554880555,1,1,6999.0,0.0,0
439,2026-05-19,3,6,1,0,,10,3,811.7548565958333,2,2,5399.0,0.0,0
440,2026-05-19,4,10,3,4,3.0,24,5,599.8895783141667,1,1,6999.0,6999.0,1
441,2026-05-19,5,9,1,0,,15,5,485.06159121388885,2,2,6065.666666666667,0.0,0
442,2026-05-19,5,11,0,0,,16,5,419.37319474916666,3,3,5374.0,0.0,0
443,2026-05-19,1,3,0,0,,4,1,1321.0581467269444,3,2,9499.0,0.0,0
444,2026-05-19,2,4,0,0,,6,2,20.68332979611111,1,1,4999.0,0.0,0
445,2026-05-19,3,6,1,3,3.0,16,4,959.7055830708333,3,3,7124.0,7665.666666666667,0
446,2026-05-19,5,12,2,3,1.0,23,5,13.606112120277778,3,2,10912.04347826087,11665.666666666666,0
447,2026-05-19,2,5,0,0,,7,2,422.16152256500004,2,2,5570.428571428572,0.0,0
448,2026-05-19,2,3,1,0,,6,2,322.04992410361115,1,1,8999.0,0.0,0
449,2026-05-19,6,12,2,6,4.0,30,6,106.43148926833334,2,2,5199.0,5332.333333333333,0
450,2026-05-19,3,6,1,0,,10,3,251.29599858888886,1,1,4999.0,0.0,0
451,2026-05-19,3,4,0,0,,7,3,180.36266444805557,1,1,6999.0,0.0,0
452,2026-05-19,2,3,1,0,,6,2,450.04958234222227,2,1,10999.0,0.0,0
453,2026-05-19,2,3,1,0,,6,2,176.2908413863889,2,2,5665.666666666667,0.0,0
454,2026-05-19,1,1,0,0,,2,1,483.0460585147222,1,1,12999.0,0.0,0
455,2026-05-19,2,3,1,0,,6,2,200.48751829583333,1,1,6999.0,0.0,0
456,2026-05-19,4,6,2,1,,13,4,318.0418882586111,2,2,5306.692307692308,4999.0,0
457,2026-05-19,1,3,0,0,,4,1,934.0504004697223,1,1,6999.0,0.0,0
458,2026-05-19,3,5,1,0,,9,3,113.00943994777778,2,1,11221.222222222223,0.0,0
459,2026-05-19,4,6,1,0,,11,4,95.1744177486111,3,2,10817.181818181818,0.0,0
460,2026-05-19,1,2,0,0,,3,1,1380.0818560291666,2,1,10332.333333333334,0.0,0
461,2026-05-19,1,1,0,0,,2,1,1027.1762265352777,1,1,4999.0,0.0,0
462,2026-05-19,3,5,0,0,,8,3,18.224064041388885,2,2,7499.0,0.0,0
463,2026-05-19,1,1,0,0,,2,1,926.7899254575001,1,1,12999.0,0.0,0
464,2026-05-19,6,10,4,1,,21,6,49.816359274444444,2,2,8427.57142857143,6999.0,0
466,2026-05-19,3,5,1,0,,9,3,717.2465592936111,2,2,5443.444444444444,0.0,0
467,2026-05-19,3,7,0,0,,10,5,143.7650744111111,2,2,6599.0,0.0,0
468,2026-05-19,1,3,0,0,,4,1,1013.3702964583333,2,1,9999.0,0.0,0
469,2026-05-19,4,10,1,0,,15,4,546.2164896830556,2,1,9532.333333333334,0.0,0
470,2026-05-19,2,5,1,2,,10,2,886.5553504013889,2,2,9999.0,9999.0,0
471,2026-05-19,2,5,1,2,1.0,11,2,504.3649593602778,1,1,6999.0,6999.0,1
472,2026-05-19,2,4,0,0,,6,2,795.3726632088889,1,1,6999.0,0.0,0
473,2026-05-19,5,7,1,0,,13,5,15.73380372138889,4,3,7768.2307692307695,0.0,0
474,2026-05-19,1,3,0,0,,4,1,26.80596580527778,2,1,10999.0,0.0,0
475,2026-05-19,1,1,0,0,,2,1,116.62105416666667,1,1,12999.0,0.0,0
476,2026-05-19,1,3,0,0,,4,1,1341.7181844427778,2,2,8499.0,0.0,0
477,2026-05-19,1,3,0,1,,5,1,360.02742794805556,3,3,6999.0,6999.0,0
478,2026-05-19,4,10,0,0,,14,4,834.7844321772222,3,3,8427.57142857143,0.0,0
479,2026-05-19,5,9,0,0,,14,5,111.94021636944444,3,2,9856.142857142857,0.0,0
480,2026-05-19,3,7,1,0,,11,3,907.7574907019444,1,1,4999.0,0.0,0
481,2026-05-19,4,11,2,0,,17,4,45.12164051083334,1,1,4999.0,0.0,0
482,2026-05-19,2,4,0,0,,6,2,794.0988368377778,1,1,6999.0,0.0,0
483,2026-05-19,2,4,2,1,,9,2,580.9149792222222,1,1,4999.0,4999.0,0
484,2026-05-19,2,5,0,0,,7,2,90.26598751694445,1,1,8999.0,0.0,0
485,2026-05-19,5,12,1,0,,18,6,406.0102703261111,4,3,7554.555555555556,0.0,0
486,2026-05-19,2,5,1,0,,8,2,109.24297835722223,2,2,6249.0,0.0,0
487,2026-05-19,2,4,0,0,,6,2,67.11635688277778,2,1,9665.666666666666,0.0,0
488,2026-05-19,2,2,0,0,,4,2,868.5405722391666,1,1,4999.0,0.0,0
489,2026-05-19,3,5,0,0,,8,3,142.16191082166665,2,2,8499.0,0.0,0
490,2026-05-19,3,6,0,0,,9,3,741.7161128494445,2,1,11665.666666666666,0.0,0
491,2026-05-19,7,13,4,7,7.0,38,7,59.645077633888896,1,1,4999.0,4999.0,0
492,2026-05-19,4,6,0,0,,10,4,312.25307687416665,3,2,9399.0,0.0,0
493,2026-05-19,3,7,3,1,,14,3,386.47247959972225,1,1,6999.0,6999.0,0
494,2026-05-19,4,5,1,0,,10,4,251.11041245305555,2,1,11799.0,0.0,0
495,2026-05-19,1,3,0,0,,4,1,104.65916426194444,1,1,8999.0,0.0,0
496,2026-05-19,3,3,0,0,,6,3,95.57080509694445,1,1,4999.0,0.0,0
497,2026-05-19,3,6,0,0,,9,3,497.14358593083335,2,1,12110.111111111111,0.0,0
498,2026-05-19,4,7,0,0,,11,4,38.70826003972222,1,1,4999.0,0.0,0
499,2026-05-19,1,2,0,0,,3,1,706.3391954747223,1,1,6999.0,0.0,0
500,2026-05-19,1,2,1,0,,4,1,243.56551193777779,2,2,10999.0,0.0,0
5,2026-05-26,3,6,1,0,,10,3,688.3963348141667,4,3,7199.0,0.0,0
6,2026-05-26,4,9,1,0,,14,4,110.62509293361111,2,2,7427.571428571428,0.0,0
7,2026-05-26,3,4,0,3,2.0,12,3,247.8775698116667,2,2,5665.666666666667,5665.666666666667,0
8,2026-05-26,4,8,4,0,,16,4,254.05231091833335,4,3,10874.0,0.0,0
9,2026-05-26,3,6,1,0,,10,3,34.202431230555554,2,1,10999.0,0.0,0
10,2026-05-26,1,2,0,0,,3,1,351.37463041694446,1,1,6999.0,0.0,0
11,2026-05-26,2,4,0,0,,6,2,87.36692980416667,2,2,6332.333333333333,0.0,0
12,2026-05-26,2,6,0,0,,8,2,1296.6255626233333,2,2,5999.0,0.0,0
13,2026-05-26,3,5,3,0,,11,3,640.5807766136111,2,2,7544.454545454545,0.0,0
14,2026-05-26,2,6,0,0,,8,2,617.2974029494444,1,1,4999.0,0.0,0
15,2026-05-26,4,6,1,4,2.0,17,4,170.9759047547222,3,2,7587.235294117647,6999.0,0
16,2026-05-26,2,6,1,0,,9,2,265.2243853877778,3,3,5665.666666666667,0.0,0
18,2026-05-26,2,5,0,0,,7,2,366.59809078222224,2,2,12141.857142857143,0.0,0
19,2026-05-26,3,5,2,0,,10,2,778.4307099013889,2,2,6199.0,0.0,0
20,2026-05-26,6,10,4,0,,20,6,230.28421040166668,4,3,10299.0,0.0,0
21,2026-05-26,2,5,0,0,,7,2,36.42328340888889,2,1,10141.857142857143,0.0,0
22,2026-05-26,3,5,2,3,3.0,16,3,611.0595843505555,3,2,10124.0,10332.333333333334,0
23,2026-05-26,4,7,1,0,,12,4,659.7476295880556,2,2,5999.0,0.0,0
24,2026-05-26,2,4,0,0,,6,2,448.3529337325,2,1,10332.333333333334,0.0,0
25,2026-05-26,5,6,1,0,,12,5,478.67139983777776,2,2,6665.666666666667,0.0,0
26,2026-05-26,4,8,4,2,,18,4,235.31872319833334,1,1,4999.0,4999.0,0
27,2026-05-26,3,4,0,0,,7,3,1008.1147641530555,3,3,8141.857142857143,0.0,0
28,2026-05-26,4,8,1,0,,13,3,281.79469278333335,3,3,7306.692307692308,0.0,0
29,2026-05-26,1,2,1,0,,4,1,457.07830799083337,1,1,6999.0,0.0,0
30,2026-05-26,4,6,1,0,,11,4,53.078345649722216,3,3,7726.272727272727,0.0,0
31,2026-05-26,4,7,2,3,,16,4,1284.3418727769445,3,2,10124.0,10332.333333333334,0
32,2026-05-26,2,3,2,0,,7,2,319.4303732711111,2,2,8141.857142857143,0.0,0
33,2026-05-26,3,5,3,1,,12,3,67.89956516666666,3,2,9999.0,6999.0,0
34,2026-05-26,2,2,1,0,,5,2,1055.488133526389,2,2,6199.0,0.0,0
35,2026-05-26,3,5,1,0,,9,3,126.6455476625,3,3,8110.111111111111,0.0,0
36,2026-05-26,4,9,2,2,,17,4,282.1264827477778,4,3,7704.882352941177,7999.0,0
37,2026-05-26,3,4,2,0,,9,2,386.9344885238889,1,1,4999.0,0.0,0
38,2026-05-26,3,6,2,1,,12,3,199.3449612763889,2,1,11332.333333333334,12999.0,0
39,2026-05-26,3,7,2,1,1.0,14,3,531.0334312113889,1,1,4999.0,4999.0,0
40,2026-05-26,2,6,2,1,,11,2,176.3807624325,3,2,10453.545454545454,6999.0,0
41,2026-05-26,4,9,0,0,,13,4,16.418037700833334,3,2,9460.538461538461,0.0,0
42,2026-05-26,1,3,0,0,,4,1,103.0935919525,1,1,4999.0,0.0,0
43,2026-05-26,2,4,1,1,,8,2,944.5121360072222,3,2,11249.0,12999.0,0
44,2026-05-26,4,10,0,0,,14,4,167.32854397527777,1,1,4999.0,0.0,0
45,2026-05-26,3,5,0,0,,8,3,29.916424912777778,2,1,10999.0,0.0,0
46,2026-05-26,3,9,0,0,,12,3,390.5963975366667,3,2,9665.666666666666,0.0,0
47,2026-05-26,3,7,0,0,,10,3,443.2595660461111,3,3,6799.0,0.0,0
48,2026-05-26,2,3,0,0,,5,2,705.4638663605556,2,2,8199.0,0.0,0
49,2026-05-26,4,11,2,0,,17,4,233.00162653277778,2,2,5234.294117647059,0.0,0
50,2026-05-26,3,4,0,0,,7,3,12.273121334722223,1,1,6999.0,0.0,0
51,2026-05-26,4,11,0,0,,15,4,545.6022381108334,3,2,10332.333333333334,0.0,0
52,2026-05-26,4,8,2,2,,16,4,155.67674185833334,3,2,8999.0,7999.0,0
53,2026-05-26,4,9,0,0,,13,4,748.9625699625,2,2,5306.692307692308,0.0,0
54,2026-05-26,1,3,0,0,,4,1,936.5936031877777,3,2,10499.0,0.0,0
55,2026-05-26,2,6,0,0,,8,2,254.1170793688889,1,1,4999.0,0.0,0
56,2026-05-26,3,5,0,0,,8,3,1476.8187709219444,2,2,5999.0,0.0,0
57,2026-05-26,3,3,3,0,,9,3,273.93602630444445,1,1,4999.0,0.0,0
58,2026-05-26,2,5,1,0,,8,2,100.27075549861111,1,1,4999.0,0.0,0
59,2026-05-26,1,1,0,0,,2,1,514.8077263547221,1,1,12999.0,0.0,0
60,2026-05-26,3,7,2,1,,13,3,432.41100944333334,1,1,4999.0,4999.0,0
61,2026-05-26,3,5,0,0,,8,3,236.49540594166666,2,2,8249.0,0.0,0
62,2026-05-26,2,4,0,0,,6,2,287.81595060166666,1,1,4999.0,0.0,0
63,2026-05-26,1,2,0,0,,3,1,328.6161365266667,1,1,6999.0,0.0,0
64,2026-05-26,5,12,2,3,,22,5,130.80464564222223,1,1,4999.0,4999.0,0
65,2026-05-26,2,5,0,0,,7,2,785.9934022116666,3,2,8141.857142857143,0.0,0
66,2026-05-26,5,7,3,2,,17,5,2.1655245386111113,3,3,7351.941176470588,6999.0,0
67,2026-05-26,2,6,1,0,,9,2,439.7634616088889,2,1,11221.222222222223,0.0,0
68,2026-05-26,3,5,0,0,,8,3,285.05658610194445,2,1,11499.0,0.0,0
70,2026-05-26,4,5,0,0,,9,4,9.190812905833335,1,1,6999.0,0.0,0
71,2026-05-26,3,6,2,3,3.0,17,2,350.7249569502778,1,1,6999.0,6999.0,0
72,2026-05-26,2,3,0,0,,5,2,915.2279058038888,2,2,8199.0,0.0,0
73,2026-05-26,6,10,2,0,,18,6,34.50940325083333,2,2,5110.111111111111,0.0,0
74,2026-05-26,6,10,1,0,,17,5,110.34386057166667,3,3,6999.0,0.0,0
75,2026-05-26,4,9,4,1,,18,4,1235.5666067344443,4,3,8665.666666666666,8999.0,0
76,2026-05-26,3,6,0,0,,9,3,335.4689939436111,2,2,7665.666666666667,0.0,0
77,2026-05-26,5,10,3,0,,18,5,48.201433908055556,2,2,7332.333333333333,0.0,0
78,2026-05-26,3,7,0,0,,10,3,601.9420787033334,3,3,5999.0,0.0,0
79,2026-05-26,5,9,3,0,,17,5,155.14811665194446,2,2,7351.941176470588,0.0,0
80,2026-05-26,5,13,2,0,,20,5,137.79879353944446,4,3,7899.0,0.0,0
81,2026-05-26,2,4,1,0,,7,2,794.1859905291667,2,2,5570.428571428572,0.0,0
82,2026-05-26,5,9,3,2,,19,5,168.24552585861113,3,2,11841.105263157895,12999.0,0
83,2026-05-26,3,9,0,0,,12,3,236.77367424694444,3,2,10665.666666666666,0.0,0
84,2026-05-26,5,8,3,3,,19,4,139.3306775975,2,2,5420.0526315789475,4999.0,0
85,2026-05-26,2,3,1,2,2.0,10,2,128.60137777444444,2,2,5799.0,4999.0,0
86,2026-05-26,6,14,2,0,,22,6,436.72098802388894,2,2,5726.272727272727,0.0,0
87,2026-05-26,4,10,0,0,,14,4,302.9662161911111,2,2,7427.571428571428,0.0,0
88,2026-05-26,1,1,1,1,,4,1,351.7653963088889,1,1,6999.0,6999.0,0
89,2026-05-26,3,4,0,0,,7,3,109.36145192361111,1,1,4999.0,0.0,0
90,2026-05-26,3,6,0,0,,9,3,101.00830591833333,2,1,9443.444444444445,0.0,0
91,2026-05-26,2,4,0,0,,6,2,187.5321603427778,3,2,8999.0,0.0,0
92,2026-05-26,1,2,0,0,,3,1,1305.136727543889,1,1,8999.0,0.0,0
93,2026-05-26,3,7,0,3,2.0,15,3,1265.8246448616665,2,2,8599.0,8999.0,1
94,2026-05-26,3,4,1,0,,8,3,409.9111465111111,2,2,5999.0,0.0,0
95,2026-05-26,4,5,2,0,,11,4,566.8482617508333,4,3,7362.636363636364,0.0,0
96,2026-05-26,2,3,2,2,1.0,10,2,28.93255621888889,2,2,7799.0,7999.0,0
97,2026-05-26,4,8,1,0,,13,4,528.4616164783333,3,2,9922.076923076924,0.0,0
98,2026-05-26,2,3,0,0,,5,2,285.91552409972223,1,1,6999.0,0.0,0
99,2026-05-26,5,13,1,0,,19,4,161.72902186027775,2,2,6788.473684210527,0.0,0
100,2026-05-26,4,5,1,0,,10,4,238.77723396222223,3,3,6599.0,0.0,0
101,2026-05-26,7,15,5,3,,30,7,160.81667468555557,3,2,10865.666666666666,9665.666666666666,0
102,2026-05-26,4,7,4,4,3.0,22,4,224.58243872916665,2,2,5180.818181818182,4999.0,0
103,2026-05-26,5,9,1,0,,15,5,178.74210947944442,3,2,9265.666666666666,0.0,0
104,2026-05-26,3,7,0,0,,10,3,38.76053052694444,2,2,7399.0,0.0,0
105,2026-05-26,5,12,2,1,,20,5,177.06778379694447,3,2,11599.0,12999.0,0
106,2026-05-26,4,5,2,0,,11,3,248.78731575444445,1,1,6999.0,0.0,0
107,2026-05-26,3,8,0,0,,11,3,748.8976097052778,2,2,6635.363636363636,0.0,0
108,2026-05-26,4,9,0,0,,13,4,351.6397313886111,2,1,10845.153846153846,0.0,0
109,2026-05-26,3,8,0,0,,11,3,88.66163202777778,2,2,5180.818181818182,0.0,0
110,2026-05-26,3,4,1,0,,8,3,622.3021327941667,1,1,4999.0,0.0,0
111,2026-05-26,3,7,2,0,,12,3,41.994421718611115,4,3,9165.666666666666,0.0,0
112,2026-05-26,3,6,2,0,,11,3,668.3158149883334,2,2,5726.272727272727,0.0,0
113,2026-05-26,5,9,1,5,4.0,24,5,486.2716841363889,3,2,9499.0,9799.0,0
114,2026-05-26,6,13,1,0,,20,6,586.0568180761111,2,1,11199.0,0.0,0
115,2026-05-26,1,1,0,0,,2,1,456.4631359297222,1,1,6999.0,0.0,0
116,2026-05-26,3,6,0,0,,9,3,665.1445190758333,1,1,6999.0,0.0,0
117,2026-05-26,2,3,1,0,,6,2,28.0858701125,2,2,7665.666666666667,0.0,0
118,2026-05-26,4,7,3,1,,15,4,440.24799300944443,2,2,7132.333333333333,4999.0,0
119,2026-05-26,6,13,1,0,,20,6,16.250536315,3,2,10499.0,0.0,0
120,2026-05-26,2,4,0,0,,6,2,1022.0725245897222,3,2,8665.666666666666,0.0,0
121,2026-05-26,2,4,0,0,,6,1,1164.3366426869445,2,2,6332.333333333333,0.0,0
122,2026-05-26,1,2,0,0,,3,1,853.2991041980556,1,1,6999.0,0.0,0
123,2026-05-26,2,5,1,0,,8,2,1134.0172310980556,1,1,6999.0,0.0,0
124,2026-05-26,4,6,0,0,,10,4,52.62444033833333,1,1,6999.0,0.0,0
125,2026-05-26,2,3,1,1,,7,2,1134.9142771408333,1,1,6999.0,6999.0,0
126,2026-05-26,3,6,1,0,,10,3,821.5031727363888,2,2,5599.0,0.0,0
127,2026-05-26,3,5,1,0,,9,3,157.18960068472222,1,1,4999.0,0.0,0
128,2026-05-26,5,9,3,1,,18,5,116.08960079361111,2,1,12110.111111111111,12999.0,0
129,2026-05-26,5,10,3,1,,19,5,129.16717750527778,3,2,8051.631578947368,8999.0,0
130,2026-05-26,3,6,2,0,,11,3,155.460196295,3,2,11908.09090909091,0.0,0
132,2026-05-26,1,2,1,1,1.0,6,1,438.03417513305556,1,1,4999.0,4999.0,0
133,2026-05-26,2,3,2,2,1.0,10,2,333.24054045611115,2,2,6199.0,5999.0,0
135,2026-05-26,3,4,1,0,,8,3,212.40306835583334,3,2,11249.0,0.0,0
136,2026-05-26,1,2,1,0,,4,1,1314.636235798611,1,1,4999.0,0.0,0
137,2026-05-26,4,5,0,4,2.0,15,4,299.3193620730556,1,1,4999.0,4999.0,0
138,2026-05-26,3,8,1,0,,12,3,16.3271854975,2,2,6665.666666666667,0.0,0
139,2026-05-26,3,7,0,0,,10,3,590.7240695005555,1,1,6999.0,0.0,0
140,2026-05-26,4,6,0,0,,10,4,317.5617159222222,1,1,4999.0,0.0,0
141,2026-05-26,3,5,0,0,,8,2,1109.4774789527778,2,2,6749.0,0.0,0
142,2026-05-26,5,12,3,5,4.0,29,5,72.34732131805555,3,3,6723.137931034483,6599.0,0
143,2026-05-26,2,5,2,0,,9,2,480.58372153972226,1,1,6999.0,0.0,0
144,2026-05-26,4,7,2,3,1.0,17,5,263.7480625516667,2,2,5587.235294117647,5665.666666666667,0
145,2026-05-26,5,9,4,2,,20,5,472.0404528955556,3,2,11199.0,10999.0,0
146,2026-05-26,4,7,3,4,4.0,22,4,63.93500958305555,1,1,4999.0,4999.0,1
148,2026-05-26,3,7,1,0,,11,4,383.51007167333336,1,1,4999.0,0.0,0
149,2026-05-26,3,7,0,0,,10,3,486.6941204486111,3,2,8399.0,0.0,0
150,2026-05-26,2,6,0,0,,8,2,489.6655707263889,2,2,5249.0,0.0,0
151,2026-05-26,2,5,1,0,,8,2,296.81765966888884,2,1,12499.0,0.0,0
152,2026-05-26,2,3,0,0,,5,2,257.41647095083334,2,2,5799.0,0.0,0
153,2026-05-26,3,8,0,0,,11,3,45.80167023166666,3,2,10271.727272727272,0.0,0
154,2026-05-26,1,2,1,0,,4,1,1621.978018893889,1,1,6999.0,0.0,0
155,2026-05-26,2,2,0,0,,4,2,1377.236621787222,2,2,5999.0,0.0,0
156,2026-05-26,2,2,2,1,,7,2,30.71383476888889,1,1,6999.0,6999.0,0
157,2026-05-26,6,9,2,6,5.0,28,6,452.2653780238889,3,3,5570.428571428572,5332.333333333333,0
158,2026-05-26,2,5,1,0,,8,2,467.8558850555556,1,1,12999.0,0.0,0
159,2026-05-26,3,6,0,0,,9,3,97.60046706861111,2,2,5443.444444444444,0.0,0
160,2026-05-26,1,2,0,0,,3,1,529.6082633480556,1,1,6999.0,0.0,0
161,2026-05-26,4,9,0,0,,13,4,269.4694416486111,2,2,6229.7692307692305,0.0,0
162,2026-05-26,3,6,1,3,3.0,16,3,393.3204375936111,2,2,5999.0,6332.333333333333,0
163,2026-05-26,2,3,0,1,,6,2,766.1906148669444,1,1,8999.0,8999.0,0
164,2026-05-26,6,12,4,6,4.0,32,5,56.56340610138889,2,2,7561.5,7999.0,0
165,2026-05-26,2,4,2,2,2.0,12,2,361.4574079861111,3,2,7332.333333333333,6999.0,1
166,2026-05-26,8,17,6,8,6.0,45,8,396.1539943936111,3,3,7132.333333333333,6999.0,0
167,2026-05-26,3,5,3,0,,11,3,443.42128481972225,3,2,10271.727272727272,0.0,1
168,2026-05-26,5,11,3,5,4.0,28,5,466.84385149972223,2,2,7284.714285714285,8199.0,0
169,2026-05-26,2,3,0,0,,5,2,1217.6580606883333,1,1,8999.0,0.0,0
170,2026-05-26,5,9,0,0,,14,5,279.42094685138886,2,1,12141.857142857143,0.0,0
171,2026-05-26,6,15,3,3,1.0,28,6,99.65108682138889,3,2,7784.714285714285,6999.0,0
172,2026-05-26,4,9,0,0,,13,4,109.78809454499999,3,2,7614.384615384615,0.0,0
173,2026-05-26,3,5,0,0,,8,3,46.659243905277776,3,3,7249.0,0.0,0
175,2026-05-26,4,9,1,0,,14,4,1158.727505911389,3,2,10427.57142857143,0.0,0
176,2026-05-26,4,10,3,2,,19,4,153.23799866055555,1,1,4999.0,4999.0,0
177,2026-05-26,5,8,2,0,,15,5,506.89231245222226,1,1,4999.0,0.0,0
178,2026-05-26,4,8,1,0,,13,4,301.6363787461111,3,2,9614.384615384615,0.0,0
179,2026-05-26,2,5,0,0,,7,2,577.4097289283333,1,1,6999.0,0.0,0
180,2026-05-26,4,7,0,0,,11,5,73.22662521194445,1,1,4999.0,0.0,0
181,2026-05-26,3,6,0,0,,9,3,728.1176911613888,3,2,8110.111111111111,0.0,0
182,2026-05-26,2,3,0,0,,5,2,248.6144778925,2,2,9399.0,0.0,0
183,2026-05-26,3,7,0,0,,10,3,241.68125151444443,3,3,5999.0,0.0,0
184,2026-05-26,3,5,1,0,,9,3,400.5057215858334,2,2,5443.444444444444,0.0,0
185,2026-05-26,5,9,2,0,,16,5,221.68798724944443,2,1,10249.0,0.0,0
186,2026-05-26,2,2,1,0,,5,2,299.6790992305556,2,2,9399.0,0.0,0
187,2026-05-26,3,6,2,0,,11,3,627.0335264697222,2,2,5362.636363636364,0.0,0
188,2026-05-26,1,1,0,1,1.0,4,1,311.08887059,1,1,6999.0,6999.0,0
189,2026-05-26,2,4,1,0,,7,2,446.9450514677778,2,2,7570.428571428572,0.0,0
190,2026-05-26,3,8,1,0,,12,3,628.3662847627778,3,3,7332.333333333333,0.0,0
191,2026-05-26,2,6,0,0,,8,2,184.49932881499998,1,1,6999.0,0.0,0
193,2026-05-26,4,9,2,0,,15,3,459.74544642222224,3,2,6865.666666666667,0.0,0
194,2026-05-26,1,1,1,1,,4,1,620.47490021,1,1,4999.0,4999.0,0
195,2026-05-26,3,6,1,0,,10,2,1302.042623378889,1,1,4999.0,0.0,0
196,2026-05-26,2,3,2,1,,8,2,21.605699580555555,1,1,6999.0,6999.0,0
197,2026-05-26,5,8,2,2,,17,5,191.0101002761111,2,1,10881.35294117647,10999.0,0
198,2026-05-26,2,4,1,0,,7,2,177.68371921277776,2,1,10713.285714285714,0.0,0
199,2026-05-26,4,8,1,1,,14,4,370.3448099158333,3,2,7856.142857142857,6999.0,0
200,2026-05-26,4,11,2,4,3.0,24,5,509.33733746,3,2,7832.333333333333,8499.0,0
201,2026-05-26,4,7,1,0,,12,4,656.5282924716666,3,2,8832.333333333334,0.0,0
202,2026-05-26,5,13,1,0,,19,5,377.4235514180556,3,2,11209.526315789473,0.0,0
203,2026-05-26,3,7,1,0,,11,3,229.89759448111113,3,3,8453.545454545454,0.0,0
204,2026-05-26,3,6,1,1,,11,3,13.757330964722223,1,1,6999.0,6999.0,0
205,2026-05-26,3,6,2,3,2.0,16,3,257.13051313222223,2,1,12749.0,12999.0,1
206,2026-05-26,2,3,2,1,1.0,9,1,1628.4902646069443,1,1,6999.0,6999.0,0
207,2026-05-26,3,6,0,0,,9,3,22.207465892222224,2,1,9887.888888888889,0.0,0
208,2026-05-26,5,8,0,0,,13,5,275.97093687,4,3,9306.692307692309,0.0,0
209,2026-05-26,4,6,3,0,,13,4,811.1154234922222,1,1,4999.0,0.0,0
210,2026-05-26,4,10,1,0,,15,4,16.489138777222223,3,3,6332.333333333333,0.0,0
211,2026-05-26,1,3,1,0,,5,1,1196.8496123149998,2,1,9799.0,0.0,0
212,2026-05-26,4,8,1,0,,13,4,903.5620177663889,2,1,10537.461538461539,0.0,0
213,2026-05-26,1,2,0,0,,3,1,1374.9092027797221,1,1,8999.0,0.0,0
214,2026-05-26,2,4,0,0,,6,2,518.5349617158333,3,3,8665.666666666666,0.0,0
215,2026-05-26,3,6,0,0,,9,3,16.75136089388889,2,1,11665.666666666666,0.0,0
216,2026-05-26,5,12,2,5,4.0,28,5,188.56314083861113,2,2,7213.285714285715,7399.0,1
217,2026-05-26,2,4,0,0,,6,2,886.0799860933333,2,2,5665.666666666667,0.0,0
218,2026-05-26,3,3,0,0,,6,3,544.4607072816667,1,1,4999.0,0.0,0
219,2026-05-26,4,8,2,0,,14,5,71.73890468249999,2,1,10999.0,0.0,0
220,2026-05-26,2,5,1,0,,8,2,96.63909695583332,2,1,9999.0,0.0,0
221,2026-05-26,5,11,2,2,1.0,21,5,618.2881568730555,3,2,9189.47619047619,10999.0,0
222,2026-05-26,3,7,0,0,,10,3,367.2180511008333,3,2,7799.0,0.0,0
223,2026-05-26,5,8,3,2,,18,5,90.85345689388889,3,3,6776.777777777777,6999.0,0
224,2026-05-26,4,8,1,4,3.0,20,4,746.4342478302779,2,2,7099.0,6999.0,0
225,2026-05-26,1,3,1,0,,5,1,768.9670999769445,1,1,6999.0,0.0,0
226,2026-05-26,1,1,0,0,,2,1,1249.9644752019444,1,1,8999.0,0.0,0
227,2026-05-26,4,7,4,0,,15,4,279.09468054111113,3,3,5932.333333333333,0.0,0
228,2026-05-26,5,8,3,2,1.0,19,5,609.5738801511111,2,2,7104.263157894737,6999.0,0
229,2026-05-26,2,2,0,0,,4,2,877.6360360325,2,2,8999.0,0.0,0
230,2026-05-26,4,9,1,0,,14,4,570.6075474658334,2,2,6141.857142857143,0.0,0
231,2026-05-26,4,6,1,0,,11,4,349.5493746213889,3,3,6453.545454545455,0.0,0
232,2026-05-26,3,6,0,0,,9,3,58.00419738083333,1,1,6999.0,0.0,0
234,2026-05-26,2,4,1,0,,7,2,1260.0470210922222,3,2,8141.857142857143,0.0,0
235,2026-05-26,2,4,1,1,,8,2,679.0745568869444,2,1,10999.0,12999.0,0
236,2026-05-26,2,3,1,1,,7,2,467.87704266000003,2,2,7856.142857142857,6999.0,0
237,2026-05-26,4,6,2,0,,12,4,930.6400378108334,2,2,5665.666666666667,0.0,0
238,2026-05-26,3,3,0,0,,6,3,57.08830668527778,1,1,4999.0,0.0,0
239,2026-05-26,3,6,1,0,,10,3,157.31150354250002,2,1,11399.0,0.0,0
240,2026-05-26,3,7,3,2,1.0,16,4,774.9237878938889,4,3,7499.0,8999.0,0
241,2026-05-26,4,6,1,0,,11,4,458.4456999955555,1,1,4999.0,0.0,0
242,2026-05-26,2,6,1,1,,10,2,1211.5078481069445,2,2,6799.0,6999.0,0
243,2026-05-26,5,5,1,0,,11,5,28.49621155861111,2,2,7180.818181818182,0.0,0
244,2026-05-26,3,4,0,0,,7,3,109.91760873833333,3,2,10713.285714285714,0.0,0
245,2026-05-26,2,4,2,1,,9,2,481.31275597833337,2,2,5887.888888888889,4999.0,0
246,2026-05-26,1,1,0,0,,2,1,1270.2968857752778,1,1,4999.0,0.0,0
247,2026-05-26,1,1,0,0,,2,1,1401.5869152658333,1,1,12999.0,0.0,0
248,2026-05-26,3,9,2,1,1.0,16,4,149.4701976133333,2,1,10249.0,8999.0,0
250,2026-05-26,1,3,0,0,,4,1,739.7843647502777,2,1,11999.0,0.0,0
251,2026-05-26,2,3,0,0,,5,2,347.7529731175,1,1,4999.0,0.0,0
252,2026-05-26,3,7,0,0,,10,3,923.5150230902777,3,2,8799.0,0.0,0
253,2026-05-26,3,5,0,0,,8,3,120.29355563083334,2,1,11499.0,0.0,0
254,2026-05-26,3,9,0,0,,12,3,153.21775066499998,2,2,6665.666666666667,0.0,0
255,2026-05-26,2,4,1,0,,7,2,176.45135698638887,1,1,6999.0,0.0,0
256,2026-05-26,4,8,2,0,,14,4,161.52854712333334,2,2,5570.428571428572,0.0,0
257,2026-05-26,1,3,1,0,,5,2,1175.6499920102779,1,1,12999.0,0.0,0
258,2026-05-26,6,9,0,0,,15,6,55.640072331944445,2,2,7799.0,0.0,0
259,2026-05-26,4,7,2,4,2.0,19,4,452.56795790722225,2,2,7420.0526315789475,7499.0,1
260,2026-05-26,2,3,0,0,,5,2,1091.3846892358333,1,1,8999.0,0.0,0
261,2026-05-26,4,8,1,0,,13,4,718.3530906969445,2,1,10229.76923076923,0.0,0
263,2026-05-26,3,8,1,0,,12,3,1282.3239676958333,1,1,6999.0,0.0,0
264,2026-05-26,1,1,0,0,,2,1,793.3978579938889,1,1,4999.0,0.0,0
265,2026-05-26,2,6,1,0,,9,2,753.8806965938888,2,2,7665.666666666667,0.0,0
266,2026-05-26,3,3,0,0,,6,3,117.53696898861111,2,2,7665.666666666667,0.0,0
267,2026-05-26,3,9,1,0,,13,3,986.6614499872222,2,2,5460.538461538462,0.0,0
268,2026-05-26,4,8,0,4,2.0,18,3,392.91857945583337,3,3,6665.666666666667,6499.0,1
269,2026-05-26,4,8,1,0,,13,4,96.99391007277778,4,3,10999.0,0.0,0
270,2026-05-26,3,8,0,0,,11,3,160.79204814083334,2,2,6635.363636363636,0.0,0
271,2026-05-26,2,4,0,0,,6,2,899.962153636111,3,2,9665.666666666666,0.0,0
272,2026-05-26,6,11,3,2,,22,6,346.96193022833336,1,1,4999.0,4999.0,0
273,2026-05-26,2,4,1,0,,7,2,114.52936510527778,3,3,5856.142857142857,0.0,0
274,2026-05-26,2,4,0,0,,6,2,0.6851566191666667,2,2,5332.333333333333,0.0,0
275,2026-05-26,5,9,1,0,,15,5,130.69305934277776,3,3,6732.333333333333,0.0,0
276,2026-05-26,5,9,1,0,,15,5,867.3727040433334,3,2,7665.666666666667,0.0,0
277,2026-05-26,1,1,0,0,,2,1,1025.92873059,1,1,4999.0,0.0,0
278,2026-05-26,3,6,0,0,,9,3,62.27179750916667,1,1,6999.0,0.0,0
279,2026-05-26,2,5,0,0,,7,3,527.6099837980556,2,1,10141.857142857143,0.0,0
280,2026-05-26,6,15,4,0,,25,5,505.81184839444444,4,3,5879.0,0.0,0
281,2026-05-26,2,4,2,0,,8,2,777.761911911111,2,2,7499.0,0.0,0
282,2026-05-26,2,5,1,0,,8,2,908.1484049413889,3,2,10249.0,0.0,0
283,2026-05-26,6,10,3,6,4.0,29,6,63.1504547025,3,3,7550.724137931034,7665.666666666667,0
284,2026-05-26,2,5,1,0,,8,2,913.4075416758333,2,2,5499.0,0.0,0
285,2026-05-26,3,3,2,3,2.0,13,3,1216.7848055177776,3,2,8999.0,8999.0,1
286,2026-05-26,4,10,0,0,,14,4,427.53949947111107,1,1,6999.0,0.0,0
287,2026-05-26,1,2,1,0,,4,1,196.97558071333333,1,1,4999.0,0.0,0
288,2026-05-26,7,13,2,7,5.0,34,6,89.51394089194444,2,1,11234.29411764706,11284.714285714286,0
289,2026-05-26,2,3,1,0,,6,2,78.0893813988889,2,2,7332.333333333333,0.0,0
290,2026-05-26,3,7,0,0,,10,3,614.1565288766666,3,2,8399.0,0.0,0
291,2026-05-26,5,10,0,0,,15,5,181.73829822555555,4,3,8465.666666666666,0.0,0
292,2026-05-26,3,9,1,1,,14,3,344.6623044688889,2,2,6141.857142857143,4999.0,0
293,2026-05-26,3,5,3,1,1.0,13,3,235.2408834516667,2,1,12075.923076923076,12999.0,0
294,2026-05-26,4,6,2,0,,12,4,558.6970574361111,2,2,6832.333333333333,0.0,0
295,2026-05-26,4,8,0,0,,12,4,775.0812483125001,2,1,11665.666666666666,0.0,0
296,2026-05-26,3,8,0,0,,11,3,131.04636293805555,2,2,5362.636363636364,0.0,0
297,2026-05-26,3,7,1,0,,11,3,0.5727752713888888,2,1,11544.454545454546,0.0,0
298,2026-05-26,3,8,0,0,,11,3,275.09884980916667,2,2,7544.454545454545,0.0,0
299,2026-05-26,4,7,1,4,3.0,19,4,346.81117804055555,3,2,8683.21052631579,8999.0,0
300,2026-05-26,4,9,0,0,,13,4,620.3732188800001,3,3,6999.0,0.0,0
301,2026-05-26,4,7,1,0,,12,4,31.379940321666666,4,3,11165.666666666666,0.0,0
302,2026-05-26,2,3,0,0,,5,2,408.68843450027776,1,1,6999.0,0.0,0
303,2026-05-26,2,3,0,0,,5,2,257.28336327722224,2,2,8199.0,0.0,0
304,2026-05-26,4,7,1,0,,12,4,27.333672904444445,3,3,5499.0,0.0,0
305,2026-05-26,2,5,0,0,,7,2,120.43576798027777,2,2,6141.857142857143,0.0,0
306,2026-05-26,2,2,0,0,,4,2,198.80729120527778,1,1,4999.0,0.0,0
307,2026-05-26,1,1,0,0,,2,1,1404.706218795278,1,1,8999.0,0.0,0
308,2026-05-26,4,9,0,0,,13,4,526.1894163202778,2,2,7614.384615384615,0.0,0
309,2026-05-26,1,3,1,0,,5,1,1144.4682408816666,2,2,8199.0,0.0,0
310,2026-05-26,3,4,1,3,3.0,14,3,432.4970805738889,4,3,7427.571428571428,6999.0,0
311,2026-05-26,1,3,1,0,,5,1,1625.8975361575,1,1,4999.0,0.0,0
312,2026-05-26,2,5,0,0,,7,2,480.16489618027776,2,2,6141.857142857143,0.0,0
313,2026-05-26,7,15,4,2,,28,7,415.0916951488889,3,2,5427.571428571428,4999.0,0
314,2026-05-26,3,6,0,0,,9,3,460.5284805477778,1,1,4999.0,0.0,0
315,2026-05-26,3,6,0,0,,9,4,354.61460841999997,2,2,7221.222222222223,0.0,0
316,2026-05-26,3,8,0,0,,11,3,415.1346393441667,3,2,10999.0,0.0,0
317,2026-05-26,7,12,3,7,5.0,34,7,17.276533766666667,2,1,11587.235294117647,11856.142857142857,1
318,2026-05-26,3,4,0,0,,7,3,4.587545181388888,2,2,7570.428571428572,0.0,0
319,2026-05-26,4,11,3,0,,18,5,779.7320795436111,4,3,8221.222222222223,0.0,0
320,2026-05-26,3,5,0,3,2.0,13,3,233.0097092738889,1,1,4999.0,4999.0,0
321,2026-05-26,2,5,1,0,,8,2,502.6936740994444,3,2,6499.0,0.0,0
322,2026-05-26,1,3,1,0,,5,1,281.0667242338889,2,1,12199.0,0.0,0
323,2026-05-26,5,8,1,5,3.0,22,5,30.231160205,2,2,8089.909090909091,8199.0,0
324,2026-05-26,1,2,0,1,1.0,5,1,275.59212639416666,1,1,4999.0,4999.0,0
325,2026-05-26,2,4,0,0,,6,2,1054.6596586061112,2,2,5332.333333333333,0.0,0
326,2026-05-26,1,3,0,0,,4,1,493.82056986361107,1,1,4999.0,0.0,0
327,2026-05-26,5,11,1,2,,19,5,232.26585940555557,2,2,5420.0526315789475,4999.0,0
328,2026-05-26,2,4,0,0,,6,2,128.75409597277778,3,2,8332.333333333334,0.0,0
329,2026-05-26,3,3,1,1,1.0,9,3,644.8139419513889,1,1,6999.0,6999.0,0
330,2026-05-26,3,8,0,0,,11,3,781.6831747533333,2,2,5726.272727272727,0.0,0
331,2026-05-26,1,2,0,0,,3,1,163.74996991944445,2,2,7665.666666666667,0.0,0
332,2026-05-26,3,5,3,0,,11,3,293.41212831722225,1,1,4999.0,0.0,0
333,2026-05-26,2,2,1,1,,6,2,679.8827942925,1,1,12999.0,12999.0,0
334,2026-05-26,2,5,0,0,,7,2,1252.6298229202778,2,2,7284.714285714285,0.0,0
335,2026-05-26,4,9,1,0,,14,4,53.937642652777775,1,1,6999.0,0.0,0
336,2026-05-26,3,7,0,0,,10,3,768.7282871038889,2,2,6599.0,0.0,0
337,2026-05-26,3,5,1,0,,9,3,988.4333406536111,3,3,7221.222222222223,0.0,0
338,2026-05-26,4,10,1,0,,15,4,578.7236951158334,2,2,8199.0,0.0,0
339,2026-05-26,2,4,2,1,,9,2,29.23098458027778,1,1,4999.0,4999.0,0
340,2026-05-26,7,13,2,2,,24,7,146.3477278925,2,2,5165.666666666667,4999.0,0
341,2026-05-26,3,5,1,3,2.0,14,3,181.79321138055556,1,1,4999.0,4999.0,1
342,2026-05-26,1,2,1,0,,4,1,352.1938739483333,1,1,4999.0,0.0,0
343,2026-05-26,2,3,2,1,,8,2,99.49235033333333,2,2,8249.0,8999.0,0
344,2026-05-26,3,7,3,0,,13,3,101.62418846194444,3,2,11306.692307692309,0.0,0
345,2026-05-26,2,5,1,1,1.0,10,2,1077.5239711066667,1,1,4999.0,4999.0,0
346,2026-05-26,2,4,1,1,,8,2,713.7705607119444,3,2,10249.0,12999.0,0
347,2026-05-26,2,4,0,0,,6,2,562.1160569605555,1,1,4999.0,0.0,0
348,2026-05-26,2,4,1,0,,7,2,96.78301402472222,1,1,6999.0,0.0,0
349,2026-05-26,1,1,0,0,,2,1,1237.0347467602778,1,1,8999.0,0.0,0
351,2026-05-26,3,4,0,0,,7,3,663.8488189394445,1,1,4999.0,0.0,0
352,2026-05-26,3,7,0,0,,10,3,198.38277412666667,3,2,10599.0,0.0,0
353,2026-05-26,4,5,3,2,,14,3,364.13589840527777,1,1,6999.0,6999.0,0
354,2026-05-26,3,3,2,1,1.0,10,3,662.591648275,2,1,11799.0,12999.0,0
355,2026-05-26,2,5,0,0,,7,2,9.0486710625,2,1,12427.57142857143,0.0,0
356,2026-05-26,5,11,0,0,,16,5,184.42499456694443,3,3,7124.0,0.0,0
357,2026-05-26,4,10,0,0,,14,4,500.02958300138886,3,2,11284.714285714286,0.0,0
358,2026-05-26,5,9,4,2,,20,5,81.65033140194444,3,3,5299.0,4999.0,0
359,2026-05-26,9,20,6,9,5.0,49,8,123.14129742583333,4,3,5652.061224489796,5443.444444444444,1
360,2026-05-26,4,8,1,4,1.0,18,3,336.4186516019445,2,1,10999.0,10999.0,0
361,2026-05-26,6,12,3,6,4.0,31,6,247.89410042333333,3,2,10805.451612903225,10999.0,0
362,2026-05-26,4,9,2,2,,17,4,16.661557407777778,3,3,7234.294117647059,6999.0,0
363,2026-05-26,4,7,1,4,2.0,18,4,271.36857865583335,1,1,4999.0,4999.0,0
364,2026-05-26,3,5,0,0,,8,3,941.9295096036111,3,3,6499.0,0.0,0
365,2026-05-26,3,6,0,0,,9,3,1014.8782726591667,2,1,11665.666666666666,0.0,0
366,2026-05-26,3,6,2,0,,11,3,299.19074382527776,2,2,5544.454545454545,0.0,0
367,2026-05-26,3,6,3,1,,13,3,103.20341354416666,2,2,7460.538461538462,6999.0,0
368,2026-05-26,3,6,0,0,,9,3,670.2447681052777,2,1,10332.333333333334,0.0,0
369,2026-05-26,2,4,1,1,,8,2,569.3586625191667,2,2,7249.0,6999.0,0
370,2026-05-26,2,4,1,0,,7,2,620.9841388152778,1,1,4999.0,0.0,0
371,2026-05-26,2,5,1,0,,8,2,1341.5821731794445,3,2,8999.0,0.0,0
372,2026-05-26,5,8,2,5,5.0,25,5,44.42456860583333,2,2,5799.0,5799.0,0
373,2026-05-26,4,6,1,0,,11,4,801.8514908713889,2,2,7544.454545454545,0.0,0
374,2026-05-26,2,3,1,0,,6,2,153.3811942702778,2,1,11665.666666666666,0.0,0
375,2026-05-26,2,4,0,0,,6,2,446.0005492758333,2,1,9665.666666666666,0.0,0
376,2026-05-26,4,11,2,1,,18,4,461.97437806249997,2,2,5887.888888888889,8999.0,0
377,2026-05-26,9,19,4,9,7.0,48,9,30.39453848361111,3,2,7165.666666666667,6999.0,0
378,2026-05-26,4,9,1,0,,14,4,401.3943958666666,2,2,5570.428571428572,0.0,0
379,2026-05-26,2,5,0,0,,7,2,26.041291320833334,3,2,10141.857142857143,0.0,0
380,2026-05-26,5,12,4,5,5.0,31,5,20.19047264361111,1,1,4999.0,4999.0,0
381,2026-05-26,2,4,0,0,,6,2,270.39120135555555,2,2,5999.0,0.0,0
382,2026-05-26,1,2,0,0,,3,1,207.8256647563889,1,1,12999.0,0.0,0
383,2026-05-26,4,5,1,0,,10,4,569.3641399002778,3,2,10999.0,0.0,0
384,2026-05-26,1,3,0,0,,4,1,12.236289475,2,1,11999.0,0.0,0
385,2026-05-26,4,7,0,0,,11,4,760.548927165,3,2,10453.545454545454,0.0,0
386,2026-05-26,6,10,0,0,,16,6,176.33739138194443,3,2,10999.0,0.0,0
387,2026-05-26,3,6,1,3,2.0,15,3,96.47220015694444,2,1,11132.333333333334,11665.666666666666,0
388,2026-05-26,4,8,3,0,,15,4,527.5251210977779,3,2,8332.333333333334,0.0,0
389,2026-05-26,5,11,2,1,,19,3,21.333901913888887,2,2,7104.263157894737,6999.0,0
390,2026-05-26,7,14,4,0,,25,7,21.904845234166665,2,1,12199.0,0.0,0
391,2026-05-26,1,1,0,0,,2,1,1620.9410936541667,1,1,8999.0,0.0,0
392,2026-05-26,3,8,1,0,,12,3,337.14806888444446,3,2,9332.333333333334,0.0,0
393,2026-05-26,4,8,1,0,,13,4,355.7106765088889,3,2,10999.0,0.0,0
394,2026-05-26,2,3,0,0,,5,2,1082.134384175,1,1,6999.0,0.0,0
395,2026-05-26,1,3,1,0,,5,1,465.9623766444444,2,1,10599.0,0.0,0
396,2026-05-26,3,5,1,0,,9,3,678.3644516833333,1,1,4999.0,0.0,0
397,2026-05-26,6,11,2,1,,20,6,574.4684482683333,2,2,6199.0,12999.0,0
398,2026-05-26,4,9,3,2,,18,4,410.5408031775,3,2,11443.444444444445,12999.0,0
399,2026-05-26,3,7,0,0,,10,3,425.4299192588889,1,1,6999.0,0.0,0
400,2026-05-26,3,8,0,0,,11,3,465.92478736333334,1,1,4999.0,0.0,0
401,2026-05-26,3,8,0,0,,11,3,120.23837706111111,3,2,10817.181818181818,0.0,0
402,2026-05-26,1,3,1,1,,6,1,1584.4652236902778,2,1,9665.666666666666,8999.0,0
403,2026-05-26,3,6,0,0,,9,3,404.9319399411111,2,2,7443.444444444444,0.0,0
404,2026-05-26,4,7,4,4,3.0,22,4,189.1682919111111,2,2,7271.727272727273,6999.0,0
405,2026-05-26,2,4,1,1,1.0,9,2,673.6066129388889,2,2,6776.777777777777,6999.0,0
406,2026-05-26,3,5,0,0,,8,4,311.9384443275,2,2,8499.0,0.0,0
407,2026-05-26,4,9,2,0,,15,4,121.35372836055556,4,3,6865.666666666667,0.0,0
408,2026-05-26,1,2,0,0,,3,1,703.8535232722222,1,1,6999.0,0.0,0
409,2026-05-26,5,11,2,1,,19,4,329.5056774633333,4,3,9946.368421052632,8999.0,0
410,2026-05-26,3,8,1,0,,12,3,327.3856801438889,2,2,5499.0,0.0,0
411,2026-05-26,4,7,2,1,,14,4,131.80476850944444,2,2,6856.142857142857,6999.0,0
412,2026-05-26,4,7,1,0,,12,4,270.71499713805554,3,3,7499.0,0.0,0
414,2026-05-26,1,1,0,0,,2,1,97.31317862388889,1,1,4999.0,0.0,0
415,2026-05-26,4,6,1,0,,11,4,515.6584828727778,2,2,5726.272727272727,0.0,0
416,2026-05-26,3,8,0,0,,11,3,108.53829465305556,2,2,5726.272727272727,0.0,0
417,2026-05-26,5,10,2,0,,17,6,51.67144989944445,3,3,7351.941176470588,0.0,0
418,2026-05-26,3,7,0,0,,10,3,358.5110995947222,3,3,7999.0,0.0,0
419,2026-05-26,2,3,2,0,,7,2,1258.3249827130555,2,1,9570.42857142857,0.0,0
420,2026-05-26,2,4,0,0,,6,2,471.7822062052778,2,1,10999.0,0.0,0
421,2026-05-26,3,5,1,0,,9,3,609.4648963255555,1,1,4999.0,0.0,0
423,2026-05-26,3,5,3,2,1.0,14,3,440.80865841444444,2,2,8284.714285714286,6999.0,0
424,2026-05-26,4,8,2,0,,14,4,278.4019788991667,3,3,5713.285714285715,0.0,0
425,2026-05-26,2,4,1,0,,7,2,823.4506158552778,2,2,5570.428571428572,0.0,0
426,2026-05-26,2,3,2,2,2.0,11,2,531.5586022513888,1,1,6999.0,6999.0,1
427,2026-05-26,5,8,1,0,,14,5,18.110397120277778,1,1,4999.0,0.0,0
428,2026-05-26,3,5,1,3,,12,3,404.83219743638887,2,1,11999.0,11665.666666666666,0
429,2026-05-26,5,11,3,0,,19,4,533.6925627147222,2,1,11525.315789473685,0.0,0
430,2026-05-26,4,10,0,0,,14,4,853.0620474516667,2,1,11284.714285714286,0.0,0
432,2026-05-26,1,2,1,0,,4,1,1566.8551995125,1,1,8999.0,0.0,0
433,2026-05-26,2,4,0,2,2.0,10,1,532.0011036058334,2,2,6999.0,6999.0,1
434,2026-05-26,1,2,0,0,,3,1,798.4942063041666,2,2,10332.333333333334,0.0,0
435,2026-05-26,3,9,1,0,,13,3,96.70684712416667,3,2,6537.461538461538,0.0,0
436,2026-05-26,3,6,0,0,,9,3,318.75949761416666,1,1,6999.0,0.0,0
437,2026-05-26,4,8,3,3,1.0,19,4,831.0783022938889,1,1,4999.0,4999.0,0
438,2026-05-26,4,9,2,0,,15,4,79.6686849538889,1,1,6999.0,0.0,0
439,2026-05-26,3,6,1,0,,10,3,979.7548565958333,2,2,5399.0,0.0,0
440,2026-05-26,5,11,3,5,4.0,28,6,6.100966554166667,1,1,6999.0,6999.0,0
441,2026-05-26,5,9,1,0,,15,5,653.061591213889,2,2,6065.666666666667,0.0,0
442,2026-05-26,5,11,0,0,,16,5,587.3731947491667,3,3,5374.0,0.0,0
443,2026-05-26,1,3,0,0,,4,1,1489.0581467269444,3,2,9499.0,0.0,0
444,2026-05-26,2,4,0,0,,6,2,188.6833297961111,1,1,4999.0,0.0,0
445,2026-05-26,3,6,1,3,3.0,16,4,1127.7055830708334,3,3,7124.0,7665.666666666667,0
446,2026-05-26,7,16,4,4,1.0,32,7,18.114133145,3,2,11249.0,11999.0,0
447,2026-05-26,2,5,0,0,,7,2,590.161522565,2,2,5570.428571428572,0.0,0
448,2026-05-26,2,3,1,0,,6,2,490.04992410361115,1,1,8999.0,0.0,0
449,2026-05-26,6,12,2,6,4.0,30,6,274.43148926833334,2,2,5199.0,5332.333333333333,0
450,2026-05-26,3,6,1,0,,10,3,419.2959985888889,1,1,4999.0,0.0,0
451,2026-05-26,3,4,0,0,,7,3,348.36266444805557,1,1,6999.0,0.0,0
452,2026-05-26,2,3,1,0,,6,2,618.0495823422222,2,1,10999.0,0.0,0
453,2026-05-26,2,3,1,0,,6,2,344.2908413863889,2,2,5665.666666666667,0.0,0
454,2026-05-26,3,4,1,0,,8,3,15.8489080675,2,1,10499.0,0.0,0
455,2026-05-26,2,3,1,0,,6,2,368.48751829583335,1,1,6999.0,0.0,0
456,2026-05-26,4,6,2,1,,13,4,486.0418882586111,2,2,5306.692307692308,4999.0,0
457,2026-05-26,1,3,0,0,,4,1,1102.0504004697223,1,1,6999.0,0.0,0
458,2026-05-26,3,5,1,0,,9,3,281.00943994777776,2,1,11221.222222222223,0.0,0
459,2026-05-26,4,6,1,0,,11,4,263.1744177486111,3,2,10817.181818181818,0.0,0
460,2026-05-26,1,2,0,0,,3,1,1548.0818560291666,2,1,10332.333333333334,0.0,0
461,2026-05-26,1,1,0,0,,2,1,1195.1762265352777,1,1,4999.0,0.0,0
462,2026-05-26,3,5,0,0,,8,3,186.22406404138889,2,2,7499.0,0.0,0
463,2026-05-26,3,3,0,0,,6,3,19.004976361944443,2,2,10999.0,0.0,0
464,2026-05-26,6,10,4,1,,21,6,217.81635927444444,2,2,8427.57142857143,6999.0,0
466,2026-05-26,4,8,1,0,,13,4,157.88499118944446,2,2,5306.692307692308,0.0,0
467,2026-05-26,4,10,0,0,,14,6,46.71794195694444,2,2,6713.285714285715,0.0,0
468,2026-05-26,2,5,0,0,,7,2,154.71758402833333,2,1,11284.714285714286,0.0,0
469,2026-05-26,4,10,1,0,,15,4,714.2164896830556,2,1,9532.333333333334,0.0,0
470,2026-05-26,3,7,1,3,,14,3,64.51519379055556,2,2,9141.857142857143,8999.0,0
471,2026-05-26,3,8,2,3,2.0,18,3,131.98054217666666,1,1,6999.0,6999.0,1
472,2026-05-26,2,4,0,0,,6,2,963.3726632088889,1,1,6999.0,0.0,0
473,2026-05-26,5,7,1,0,,13,5,183.73380372138888,4,3,7768.2307692307695,0.0,0
474,2026-05-26,2,6,0,0,,8,2,68.4348184011111,2,1,10499.0,0.0,0
475,2026-05-26,2,4,0,0,,6,2,153.51922746333332,1,1,12999.0,0.0,0
476,2026-05-26,2,5,1,0,,8,2,91.83311267805556,2,2,7749.0,0.0,0
477,2026-05-26,1,3,0,1,,5,1,528.0274279480556,3,3,6999.0,6999.0,0
478,2026-05-26,5,11,0,0,,16,5,117.75610555055556,3,3,8249.0,0.0,0
479,2026-05-26,5,9,0,0,,14,5,279.94021636944444,3,2,9856.142857142857,0.0,0
480,2026-05-26,3,7,1,0,,11,3,1075.7574907019446,1,1,4999.0,0.0,0
481,2026-05-26,4,11,2,0,,17,4,213.12164051083334,1,1,4999.0,0.0,0
482,2026-05-26,3,6,0,0,,9,3,127.50255224527778,1,1,6999.0,0.0,0
483,2026-05-26,2,4,2,1,,9,2,748.9149792222222,1,1,4999.0,4999.0,0
484,2026-05-26,2,5,0,0,,7,2,258.26598751694445,1,1,8999.0,0.0,0
485,2026-05-26,5,12,1,0,,18,6,574.0102703261111,4,3,7554.555555555556,0.0,0
486,2026-05-26,2,5,1,0,,8,2,277.2429783572222,2,2,6249.0,0.0,0
487,2026-05-26,2,4,0,0,,6,2,235.11635688277775,2,1,9665.666666666666,0.0,0
488,2026-05-26,2,2,0,0,,4,2,1036.5405722391665,1,1,4999.0,0.0,0
489,2026-05-26,4,8,1,1,,14,4,134.38438011305556,2,2,7856.142857142857,6999.0,0
490,2026-05-26,3,6,0,0,,9,3,909.7161128494445,2,1,11665.666666666666,0.0,0
491,2026-05-26,8,16,5,8,7.0,44,9,23.741843118888887,1,1,4999.0,4999.0,0
492,2026-05-26,4,6,0,0,,10,4,480.25307687416665,3,2,9399.0,0.0,0
493,2026-05-26,4,10,4,1,,19,4,22.34611146388889,1,1,6999.0,6999.0,0
494,2026-05-26,5,7,2,0,,14,6,143.82715106916666,3,2,10141.857142857143,0.0,0
495,2026-05-26,1,3,0,0,,4,1,272.65916426194445,1,1,8999.0,0.0,0
496,2026-05-26,4,6,0,0,,10,4,83.1201071575,1,1,4999.0,0.0,0
497,2026-05-26,3,6,0,0,,9,3,665.1435859308334,2,1,12110.111111111111,0.0,0
498,2026-05-26,4,7,0,0,,11,4,206.7082600397222,1,1,4999.0,0.0,0
499,2026-05-26,1,2,0,0,,3,1,874.3391954747223,1,1,6999.0,0.0,0
500,2026-05-26,1,2,1,0,,4,1,411.5655119377778,2,2,10999.0,0.0,0
5,2026-06-02,3,6,1,0,,10,3,856.3963348141667,4,3,7199.0,0.0,0
6,2026-06-02,4,9,1,0,,14,4,278.6250929336111,2,2,7427.571428571428,0.0,0
7,2026-06-02,3,4,0,3,2.0,12,3,415.87756981166666,2,2,5665.666666666667,5665.666666666667,0
8,2026-06-02,4,8,4,0,,16,4,422.0523109183333,4,3,10874.0,0.0,0
9,2026-06-02,4,7,1,0,,12,5,119.91726059944445,2,1,10665.666666666666,0.0,0
10,2026-06-02,1,2,0,0,,3,1,519.3746304169445,1,1,6999.0,0.0,0
11,2026-06-02,2,4,0,0,,6,2,255.36692980416666,2,2,6332.333333333333,0.0,0
12,2026-06-02,2,6,0,0,,8,2,1464.6255626233333,2,2,5999.0,0.0,0
13,2026-06-02,3,5,3,0,,11,3,808.5807766136111,2,2,7544.454545454545,0.0,0
14,2026-06-02,2,6,0,0,,8,2,785.2974029494444,1,1,4999.0,0.0,0
15,2026-06-02,4,6,1,4,2.0,17,4,338.9759047547222,3,2,7587.235294117647,6999.0,0
16,2026-06-02,3,9,1,0,,13,3,31.74603389472222,3,3,5460.538461538462,0.0,0
17,2026-06-02,1,2,0,0,,3,1,96.72852136,1,1,6999.0,0.0,0
18,2026-06-02,3,6,0,0,,9,3,93.39932280277779,3,2,11443.444444444445,0.0,0
19,2026-06-02,3,5,2,0,,10,2,946.4307099013889,2,2,6199.0,0.0,0
20,2026-06-02,6,10,4,0,,20,6,398.28421040166666,4,3,10299.0,0.0,0
21,2026-06-02,2,5,0,0,,7,2,204.4232834088889,2,1,10141.857142857143,0.0,0
22,2026-06-02,3,5,2,3,3.0,16,3,779.0595843505555,3,2,10124.0,10332.333333333334,0
23,2026-06-02,4,7,1,0,,12,4,827.7476295880556,2,2,5999.0,0.0,0
24,2026-06-02,2,4,0,0,,6,2,616.3529337325,2,1,10332.333333333334,0.0,0
25,2026-06-02,5,6,1,0,,12,5,646.6713998377777,2,2,6665.666666666667,0.0,0
26,2026-06-02,4,8,4,2,,18,4,403.3187231983333,1,1,4999.0,4999.0,0
27,2026-06-02,3,4,0,0,,7,3,1176.1147641530556,3,3,8141.857142857143,0.0,0
28,2026-06-02,5,10,1,0,,16,4,20.69034738722222,3,3,7249.0,0.0,0
29,2026-06-02,2,3,2,1,,8,2,31.975168166944442,2,2,5999.0,4999.0,0
30,2026-06-02,4,6,1,0,,11,4,221.07834564972222,3,3,7726.272727272727,0.0,0
31,2026-06-02,4,7,2,3,,16,4,1452.3418727769445,3,2,10124.0,10332.333333333334,0
32,2026-06-02,2,3,2,0,,7,2,487.4303732711111,2,2,8141.857142857143,0.0,0
33,2026-06-02,3,5,3,1,,12,3,235.8995651666667,3,2,9999.0,6999.0,0
34,2026-06-02,2,2,1,0,,5,2,1223.4881335263888,2,2,6199.0,0.0,0
35,2026-06-02,3,5,1,0,,9,3,294.6455476625,3,3,8110.111111111111,0.0,0
36,2026-06-02,4,9,2,2,,17,4,450.1264827477778,4,3,7704.882352941177,7999.0,0
37,2026-06-02,3,4,2,0,,9,2,554.9344885238888,1,1,4999.0,0.0,0
38,2026-06-02,3,6,2,1,,12,3,367.34496127638886,2,1,11332.333333333334,12999.0,0
39,2026-06-02,5,10,2,2,1.0,20,5,57.974498070833334,2,2,5399.0,4999.0,0
40,2026-06-02,2,6,2,1,,11,2,344.3807624325,3,2,10453.545454545454,6999.0,0
41,2026-06-02,4,9,0,0,,13,4,184.41803770083334,3,2,9460.538461538461,0.0,0
42,2026-06-02,2,6,0,0,,8,2,161.00944198472223,2,2,5999.0,0.0,0
43,2026-06-02,2,4,1,1,,8,2,1112.5121360072221,3,2,11249.0,12999.0,0
44,2026-06-02,5,12,1,0,,18,6,23.978234531111113,2,2,5221.222222222223,0.0,0
45,2026-06-02,4,8,0,0,,12,4,27.349637185,2,1,11665.666666666666,0.0,0
46,2026-06-02,3,9,0,0,,12,3,558.5963975366667,3,2,9665.666666666666,0.0,0
47,2026-06-02,3,7,0,0,,10,3,611.2595660461111,3,3,6799.0,0.0,0
48,2026-06-02,2,3,0,0,,5,2,873.4638663605556,2,2,8199.0,0.0,0
49,2026-06-02,4,11,2,0,,17,4,401.0016265327778,2,2,5234.294117647059,0.0,0
50,2026-06-02,3,4,0,0,,7,3,180.27312133472222,1,1,6999.0,0.0,0
51,2026-06-02,5,12,0,0,,17,5,110.45430686972222,3,2,10646.058823529413,0.0,0
52,2026-06-02,4,8,2,2,,16,4,323.6767418583333,3,2,8999.0,7999.0,0
53,2026-06-02,4,9,0,0,,13,4,916.9625699625,2,2,5306.692307692308,0.0,0
54,2026-06-02,1,3,0,0,,4,1,1104.5936031877777,3,2,10499.0,0.0,0
55,2026-06-02,4,9,0,0,,13,4,3.361152862222222,1,1,4999.0,0.0,0
56,2026-06-02,3,5,0,0,,8,3,1644.8187709219444,2,2,5999.0,0.0,0
57,2026-06-02,3,3,3,0,,9,3,441.93602630444445,1,1,4999.0,0.0,0
58,2026-06-02,2,5,1,0,,8,2,268.2707554986111,1,1,4999.0,0.0,0
59,2026-06-02,1,1,0,0,,2,1,682.8077263547223,1,1,12999.0,0.0,0
60,2026-06-02,3,7,2,1,,13,3,600.4110094433333,1,1,4999.0,4999.0,0
61,2026-06-02,3,5,0,0,,8,3,404.49540594166666,2,2,8249.0,0.0,0
62,2026-06-02,3,6,0,0,,9,3,62.30662261055555,2,2,5443.444444444444,0.0,0
63,2026-06-02,1,2,0,0,,3,1,496.6161365266667,1,1,6999.0,0.0,0
64,2026-06-02,5,12,2,3,,22,5,298.8046456422222,1,1,4999.0,4999.0,0
65,2026-06-02,2,5,0,0,,7,2,953.9934022116666,3,2,8141.857142857143,0.0,0
66,2026-06-02,5,7,3,2,,17,5,170.16552453861112,3,3,7351.941176470588,6999.0,0
67,2026-06-02,3,8,1,0,,12,3,41.19518847277778,2,1,10999.0,0.0,0
68,2026-06-02,3,5,0,0,,8,3,453.05658610194445,2,1,11499.0,0.0,0
70,2026-06-02,4,5,0,0,,9,4,177.19081290583333,1,1,6999.0,0.0,0
71,2026-06-02,4,7,2,4,3.0,20,3,166.63857635611112,1,1,6999.0,6999.0,0
72,2026-06-02,3,6,0,0,,9,3,75.54964935055555,2,2,7665.666666666667,0.0,0
73,2026-06-02,6,10,2,0,,18,6,202.50940325083334,2,2,5110.111111111111,0.0,0
74,2026-06-02,6,10,1,0,,17,5,278.34386057166665,3,3,6999.0,0.0,0
75,2026-06-02,4,9,4,1,,18,4,1403.5666067344443,4,3,8665.666666666666,8999.0,0
76,2026-06-02,3,6,0,0,,9,3,503.4689939436111,2,2,7665.666666666667,0.0,0
77,2026-06-02,5,10,3,0,,18,5,216.20143390805555,2,2,7332.333333333333,0.0,0
78,2026-06-02,4,9,0,0,,13,4,109.97239726138888,3,3,5768.2307692307695,0.0,0
79,2026-06-02,5,9,3,0,,17,5,323.14811665194446,2,2,7351.941176470588,0.0,0
80,2026-06-02,5,13,2,0,,20,5,305.79879353944443,4,3,7899.0,0.0,0
81,2026-06-02,2,4,1,0,,7,2,962.1859905291667,2,2,5570.428571428572,0.0,0
82,2026-06-02,6,12,4,3,,25,6,7.4523320449999995,3,2,12119.0,12999.0,0
83,2026-06-02,5,13,0,0,,18,5,54.921629554166664,3,2,10554.555555555555,0.0,0
84,2026-06-02,5,8,3,3,,19,4,307.33067759749997,2,2,5420.0526315789475,4999.0,0
85,2026-06-02,2,3,1,2,2.0,10,2,296.6013777744445,2,2,5799.0,4999.0,1
86,2026-06-02,6,14,2,0,,22,6,604.7209880238889,2,2,5726.272727272727,0.0,0
87,2026-06-02,4,10,0,0,,14,4,470.9662161911111,2,2,7427.571428571428,0.0,0
88,2026-06-02,1,1,1,1,,4,1,519.7653963088889,1,1,6999.0,6999.0,0
89,2026-06-02,3,4,0,0,,7,3,277.3614519236111,1,1,4999.0,0.0,0
90,2026-06-02,3,6,0,0,,9,3,269.00830591833335,2,1,9443.444444444445,0.0,0
91,2026-06-02,4,10,1,0,,15,4,15.684933047222223,3,2,10599.0,0.0,0
92,2026-06-02,1,2,0,0,,3,1,1473.136727543889,1,1,8999.0,0.0,0
93,2026-06-02,4,9,0,4,3.0,20,4,57.48460777638889,2,2,8199.0,8499.0,1
94,2026-06-02,3,4,1,0,,8,3,577.911146511111,2,2,5999.0,0.0,0
95,2026-06-02,4,5,2,0,,11,4,734.8482617508333,4,3,7362.636363636364,0.0,0
96,2026-06-02,2,3,2,2,1.0,10,2,196.9325562188889,2,2,7799.0,7999.0,1
97,2026-06-02,4,8,1,0,,13,4,696.4616164783333,3,2,9922.076923076924,0.0,0
98,2026-06-02,3,4,0,0,,7,3,95.45428164555555,2,2,7570.428571428572,0.0,0
99,2026-06-02,5,13,1,0,,19,4,329.7290218602778,2,2,6788.473684210527,0.0,0
100,2026-06-02,5,6,1,0,,12,5,147.08601114972222,4,3,7665.666666666667,0.0,0
101,2026-06-02,7,15,5,3,,30,7,328.81667468555554,3,2,10865.666666666666,9665.666666666666,0
102,2026-06-02,4,7,4,4,3.0,22,4,392.5824387291667,2,2,5180.818181818182,4999.0,0
103,2026-06-02,5,9,1,0,,15,5,346.7421094794445,3,2,9265.666666666666,0.0,0
104,2026-06-02,3,7,0,0,,10,3,206.76053052694442,2,2,7399.0,0.0,0
105,2026-06-02,5,12,2,1,,20,5,345.0677837969444,3,2,11599.0,12999.0,0
106,2026-06-02,5,6,2,0,,13,4,42.62384912388889,1,1,6999.0,0.0,0
107,2026-06-02,3,8,0,0,,11,3,916.8976097052778,2,2,6635.363636363636,0.0,0
108,2026-06-02,4,9,0,0,,13,4,519.6397313886112,2,1,10845.153846153846,0.0,0
109,2026-06-02,4,10,1,0,,15,4,70.06582954333334,2,2,5265.666666666667,0.0,0
110,2026-06-02,3,4,1,0,,8,3,790.3021327941667,1,1,4999.0,0.0,0
111,2026-06-02,3,7,2,0,,12,3,209.9944217186111,4,3,9165.666666666666,0.0,0
112,2026-06-02,4,7,3,0,,14,4,67.77061912055555,2,2,5570.428571428572,0.0,0
113,2026-06-02,5,9,1,5,4.0,24,5,654.2716841363889,3,2,9499.0,9799.0,0
114,2026-06-02,7,14,1,0,,22,7,33.552026195277776,2,1,10999.0,0.0,0
115,2026-06-02,1,1,0,0,,2,1,624.4631359297222,1,1,6999.0,0.0,0
116,2026-06-02,3,6,0,0,,9,3,833.1445190758333,1,1,6999.0,0.0,0
117,2026-06-02,2,3,1,0,,6,2,196.0858701125,2,2,7665.666666666667,0.0,0
118,2026-06-02,4,7,3,1,,15,4,608.2479930094445,2,2,7132.333333333333,4999.0,0
119,2026-06-02,6,13,1,0,,20,6,184.250536315,3,2,10499.0,0.0,0
120,2026-06-02,2,4,0,0,,6,2,1190.0725245897222,3,2,8665.666666666666,0.0,0
121,2026-06-02,2,4,0,0,,6,1,1332.3366426869445,2,2,6332.333333333333,0.0,0
122,2026-06-02,3,5,2,1,,11,3,13.002036286944444,2,2,6271.727272727273,4999.0,0
123,2026-06-02,2,5,1,0,,8,2,1302.0172310980556,1,1,6999.0,0.0,0
124,2026-06-02,5,8,0,0,,13,5,106.70518078722222,1,1,6999.0,0.0,0
125,2026-06-02,3,6,2,1,,12,3,41.834422270000005,1,1,6999.0,6999.0,0
126,2026-06-02,3,6,1,0,,10,3,989.5031727363888,2,2,5599.0,0.0,0
127,2026-06-02,3,5,1,0,,9,3,325.1896006847222,1,1,4999.0,0.0,0
128,2026-06-02,5,9,3,1,,18,5,284.0896007936111,2,1,12110.111111111111,12999.0,0
129,2026-06-02,6,12,4,1,,23,6,160.5212691313889,3,2,8129.434782608696,8999.0,0
130,2026-06-02,3,6,2,0,,11,3,323.460196295,3,2,11908.09090909091,0.0,0
132,2026-06-02,2,3,2,1,1.0,9,2,6.712257082222222,1,1,4999.0,4999.0,0
133,2026-06-02,2,3,2,2,1.0,10,2,501.24054045611115,2,2,6199.0,5999.0,0
135,2026-06-02,3,4,1,0,,8,3,380.40306835583334,3,2,11249.0,0.0,0
136,2026-06-02,3,7,1,0,,11,3,21.193764306944445,1,1,4999.0,0.0,0
137,2026-06-02,4,5,0,4,2.0,15,4,467.3193620730556,1,1,4999.0,4999.0,0
138,2026-06-02,4,11,1,0,,16,4,14.487767585555556,2,2,6749.0,0.0,0
139,2026-06-02,3,7,0,0,,10,3,758.7240695005555,1,1,6999.0,0.0,0
140,2026-06-02,4,6,0,0,,10,4,485.5617159222222,1,1,4999.0,0.0,0
141,2026-06-02,3,5,0,0,,8,2,1277.4774789527778,2,2,6749.0,0.0,0
142,2026-06-02,5,12,3,5,4.0,29,5,240.34732131805555,3,3,6723.137931034483,6599.0,0
143,2026-06-02,2,5,2,0,,9,2,648.5837215397222,1,1,6999.0,0.0,0
144,2026-06-02,5,10,3,4,1.0,23,6,93.84333068361111,2,2,5433.782608695652,5499.0,0
145,2026-06-02,5,9,4,2,,20,5,640.0404528955555,3,2,11199.0,10999.0,0
146,2026-06-02,6,13,4,6,6.0,35,6,67.86476379777778,1,1,4999.0,4999.0,0
148,2026-06-02,3,7,1,0,,11,4,551.5100716733334,1,1,4999.0,0.0,0
149,2026-06-02,3,7,0,0,,10,3,654.6941204486111,3,2,8399.0,0.0,0
150,2026-06-02,2,6,0,0,,8,2,657.6655707263889,2,2,5249.0,0.0,0
151,2026-06-02,3,7,2,0,,12,3,25.968365931666668,2,1,11665.666666666666,0.0,0
152,2026-06-02,2,3,0,0,,5,2,425.4164709508333,2,2,5799.0,0.0,0
153,2026-06-02,3,8,0,0,,11,3,213.8016702316667,3,2,10271.727272727272,0.0,0
154,2026-06-02,1,2,1,0,,4,1,1789.978018893889,1,1,6999.0,0.0,0
155,2026-06-02,2,2,0,0,,4,2,1545.236621787222,2,2,5999.0,0.0,0
156,2026-06-02,2,2,2,1,,7,2,198.71383476888892,1,1,6999.0,6999.0,0
157,2026-06-02,6,9,2,6,5.0,28,6,620.265378023889,3,3,5570.428571428572,5332.333333333333,1
158,2026-06-02,2,5,1,0,,8,2,635.8558850555555,1,1,12999.0,0.0,0
159,2026-06-02,3,6,0,0,,9,3,265.6004670686111,2,2,5443.444444444444,0.0,0
160,2026-06-02,1,2,0,0,,3,1,697.6082633480555,1,1,6999.0,0.0,0
161,2026-06-02,4,9,0,0,,13,4,437.4694416486111,2,2,6229.7692307692305,0.0,0
162,2026-06-02,3,6,1,3,3.0,16,3,561.3204375936111,2,2,5999.0,6332.333333333333,0
163,2026-06-02,2,3,0,1,,6,2,934.1906148669444,1,1,8999.0,8999.0,0
164,2026-06-02,6,12,4,6,4.0,32,5,224.56340610138886,2,2,7561.5,7999.0,1
165,2026-06-02,3,7,2,3,3.0,18,3,57.245211437777776,3,2,9221.222222222223,8999.0,1
166,2026-06-02,8,17,6,8,6.0,45,8,564.1539943936111,3,3,7132.333333333333,6999.0,0
167,2026-06-02,4,6,4,1,1.0,16,4,101.77035853777778,3,2,9874.0,8999.0,0
168,2026-06-02,5,11,3,5,4.0,28,5,634.8438514997222,2,2,7284.714285714285,8199.0,0
169,2026-06-02,2,3,0,0,,5,2,1385.6580606883333,1,1,8999.0,0.0,0
170,2026-06-02,5,9,0,0,,14,5,447.42094685138886,2,1,12141.857142857143,0.0,0
171,2026-06-02,6,15,3,3,1.0,28,6,267.6510868213889,3,2,7784.714285714285,6999.0,0
172,2026-06-02,4,9,0,0,,13,4,277.788094545,3,2,7614.384615384615,0.0,0
173,2026-06-02,3,5,0,0,,8,3,214.65924390527778,3,3,7249.0,0.0,0
175,2026-06-02,5,10,1,0,,16,5,139.620034135,3,2,10249.0,0.0,0
176,2026-06-02,4,10,3,2,,19,4,321.23799866055555,1,1,4999.0,4999.0,0
177,2026-06-02,5,8,2,0,,15,5,674.8923124522222,1,1,4999.0,0.0,0
178,2026-06-02,4,8,1,0,,13,4,469.6363787461111,3,2,9614.384615384615,0.0,0
179,2026-06-02,2,5,0,0,,7,2,745.4097289283333,1,1,6999.0,0.0,0
180,2026-06-02,4,7,0,0,,11,5,241.22662521194442,1,1,4999.0,0.0,0
181,2026-06-02,3,6,0,0,,9,3,896.1176911613888,3,2,8110.111111111111,0.0,0
182,2026-06-02,3,5,0,0,,8,3,20.24956891472222,2,2,8499.0,0.0,0
183,2026-06-02,3,7,0,0,,10,3,409.68125151444445,3,3,5999.0,0.0,0
184,2026-06-02,4,6,1,0,,11,4,76.62104047972223,2,2,5726.272727272727,0.0,0
185,2026-06-02,5,9,2,0,,16,5,389.68798724944446,2,1,10249.0,0.0,0
186,2026-06-02,3,3,2,0,,8,3,31.221599991944448,2,2,8499.0,0.0,0
187,2026-06-02,4,7,2,0,,13,4,121.7812340525,2,2,5306.692307692308,0.0,0
188,2026-06-02,1,1,0,1,1.0,4,1,479.08887059,1,1,6999.0,6999.0,0
189,2026-06-02,2,4,1,0,,7,2,614.9450514677777,2,2,7570.428571428572,0.0,0
190,2026-06-02,3,8,1,0,,12,3,796.3662847627778,3,3,7332.333333333333,0.0,0
191,2026-06-02,2,6,0,0,,8,2,352.499328815,1,1,6999.0,0.0,0
193,2026-06-02,4,9,2,0,,15,3,627.7454464222221,3,2,6865.666666666667,0.0,0
194,2026-06-02,1,1,1,1,,4,1,788.47490021,1,1,4999.0,4999.0,0
195,2026-06-02,3,6,1,0,,10,2,1470.042623378889,1,1,4999.0,0.0,0
196,2026-06-02,3,6,3,1,,13,3,98.61718175194444,1,1,6999.0,6999.0,0
197,2026-06-02,5,8,2,2,,17,5,359.01010027611113,2,1,10881.35294117647,10999.0,0
198,2026-06-02,2,4,1,0,,7,2,345.6837192127778,2,1,10713.285714285714,0.0,0
199,2026-06-02,4,8,1,1,,14,4,538.3448099158333,3,2,7856.142857142857,6999.0,0
200,2026-06-02,4,11,2,4,3.0,24,5,677.33733746,3,2,7832.333333333333,8499.0,1
201,2026-06-02,4,7,1,0,,12,4,824.5282924716666,3,2,8832.333333333334,0.0,0
202,2026-06-02,5,13,1,0,,19,5,545.4235514180556,3,2,11209.526315789473,0.0,0
203,2026-06-02,5,10,1,0,,16,4,77.64418866083334,3,3,8624.0,0.0,0
204,2026-06-02,4,7,2,1,,14,4,78.13737691583333,1,1,6999.0,6999.0,0
205,2026-06-02,4,9,2,4,3.0,22,4,89.29888074333333,4,3,11362.636363636364,11499.0,0
206,2026-06-02,2,3,2,1,1.0,9,1,1796.4902646069443,1,1,6999.0,6999.0,0
207,2026-06-02,3,6,0,0,,9,3,190.20746589222222,2,1,9887.888888888889,0.0,0
208,2026-06-02,5,8,0,0,,13,5,443.97093687,4,3,9306.692307692309,0.0,0
209,2026-06-02,5,7,4,0,,16,5,123.73095844111111,1,1,4999.0,0.0,0
210,2026-06-02,5,12,1,0,,18,5,2.342439091666667,3,3,6110.111111111111,0.0,0
211,2026-06-02,1,3,1,0,,5,1,1364.8496123149998,2,1,9799.0,0.0,0
212,2026-06-02,4,8,1,0,,13,4,1071.5620177663889,2,1,10537.461538461539,0.0,0
213,2026-06-02,1,2,0,0,,3,1,1542.9092027797221,1,1,8999.0,0.0,0
214,2026-06-02,2,4,0,0,,6,2,686.5349617158333,3,3,8665.666666666666,0.0,0
215,2026-06-02,3,6,0,0,,9,3,184.7513608938889,2,1,11665.666666666666,0.0,0
216,2026-06-02,7,16,3,7,6.0,39,7,7.5565305205555555,2,2,7152.846153846154,7284.714285714285,0
217,2026-06-02,2,4,0,0,,6,2,1054.0799860933334,2,2,5665.666666666667,0.0,0
218,2026-06-02,4,4,0,0,,8,4,18.5527753125,1,1,4999.0,0.0,0
219,2026-06-02,4,8,2,0,,14,5,239.7389046825,2,1,10999.0,0.0,0
220,2026-06-02,3,7,2,0,,12,3,155.23689992055554,2,1,9665.666666666666,0.0,0
221,2026-06-02,5,11,2,2,1.0,21,5,786.2881568730555,3,2,9189.47619047619,10999.0,0
222,2026-06-02,3,7,0,0,,10,3,535.2180511008333,3,2,7799.0,0.0,0
223,2026-06-02,5,8,3,2,,18,5,258.8534568938889,3,3,6776.777777777777,6999.0,0
224,2026-06-02,4,8,1,4,3.0,20,4,914.4342478302779,2,2,7099.0,6999.0,0
225,2026-06-02,1,3,1,0,,5,1,936.9670999769445,1,1,6999.0,0.0,0
226,2026-06-02,1,1,0,0,,2,1,1417.9644752019444,1,1,8999.0,0.0,0
227,2026-06-02,4,7,4,0,,15,4,447.0946805411111,3,3,5932.333333333333,0.0,0
228,2026-06-02,5,8,3,2,1.0,19,5,777.5738801511111,2,2,7104.263157894737,6999.0,0
229,2026-06-02,2,2,0,0,,4,2,1045.6360360325,2,2,8999.0,0.0,0
230,2026-06-02,4,9,1,0,,14,4,738.6075474658332,2,2,6141.857142857143,0.0,0
231,2026-06-02,4,6,1,0,,11,4,517.5493746213889,3,3,6453.545454545455,0.0,0
232,2026-06-02,3,6,0,0,,9,3,226.00419738083335,1,1,6999.0,0.0,0
233,2026-06-02,1,1,0,0,,2,1,112.29252164222223,1,1,12999.0,0.0,0
234,2026-06-02,2,4,1,0,,7,2,1428.0470210922222,3,2,8141.857142857143,0.0,0
235,2026-06-02,3,7,2,1,,13,3,138.6462579263889,2,1,10845.153846153846,12999.0,0
236,2026-06-02,2,3,1,1,,7,2,635.8770426599999,2,2,7856.142857142857,6999.0,0
237,2026-06-02,4,6,2,0,,12,4,1098.6400378108333,2,2,5665.666666666667,0.0,0
238,2026-06-02,4,5,0,0,,9,4,70.32407451444445,1,1,4999.0,0.0,0
239,2026-06-02,4,7,1,0,,12,4,56.633988806111105,2,1,10999.0,0.0,0
240,2026-06-02,5,11,4,3,1.0,24,6,114.38174057833334,4,3,6999.0,7665.666666666667,0
241,2026-06-02,4,6,1,0,,11,4,626.4456999955555,1,1,4999.0,0.0,0
242,2026-06-02,3,9,2,2,,16,3,124.36463876527777,2,2,6749.0,6999.0,0
243,2026-06-02,5,5,1,0,,11,5,196.49621155861112,2,2,7180.818181818182,0.0,0
244,2026-06-02,4,7,1,0,,12,4,61.96917287944444,4,3,9832.333333333334,0.0,0
245,2026-06-02,3,6,3,1,,13,3,149.78762771750002,2,2,5614.384615384615,4999.0,0
246,2026-06-02,2,3,0,0,,5,2,116.49068469250001,3,2,8199.0,0.0,0
247,2026-06-02,1,1,0,0,,2,1,1569.5869152658333,1,1,12999.0,0.0,0
248,2026-06-02,3,9,2,1,1.0,16,4,317.4701976133333,2,1,10249.0,8999.0,0
250,2026-06-02,1,3,0,0,,4,1,907.7843647502777,2,1,11999.0,0.0,0
251,2026-06-02,2,3,0,0,,5,2,515.7529731175,1,1,4999.0,0.0,0
252,2026-06-02,3,7,0,0,,10,3,1091.5150230902777,3,2,8799.0,0.0,0
253,2026-06-02,3,5,0,0,,8,3,288.29355563083334,2,1,11499.0,0.0,0
254,2026-06-02,3,9,0,0,,12,3,321.217750665,2,2,6665.666666666667,0.0,0
255,2026-06-02,2,4,1,0,,7,2,344.4513569863889,1,1,6999.0,0.0,0
256,2026-06-02,4,8,2,0,,14,4,329.52854712333334,2,2,5570.428571428572,0.0,0
257,2026-06-02,1,3,1,0,,5,2,1343.6499920102779,1,1,12999.0,0.0,0
258,2026-06-02,6,9,0,0,,15,6,223.64007233194445,2,2,7799.0,0.0,0
259,2026-06-02,5,8,3,5,3.0,24,5,16.203922397499998,2,2,7332.333333333333,7399.0,1
260,2026-06-02,3,6,0,0,,9,3,79.15638574777778,2,1,10776.777777777777,0.0,0
261,2026-06-02,4,8,1,0,,13,4,886.3530906969445,2,1,10229.76923076923,0.0,0
262,2026-06-02,1,1,1,0,,3,1,166.31610118499998,1,1,8999.0,0.0,0
263,2026-06-02,3,8,1,0,,12,3,1450.3239676958333,1,1,6999.0,0.0,0
264,2026-06-02,1,1,0,0,,2,1,961.3978579938889,1,1,4999.0,0.0,0
265,2026-06-02,3,9,1,0,,13,3,19.87003673,2,2,7460.538461538462,0.0,0
266,2026-06-02,3,3,0,0,,6,3,285.53696898861114,2,2,7665.666666666667,0.0,0
267,2026-06-02,3,9,1,0,,13,3,1154.661449987222,2,2,5460.538461538462,0.0,0
268,2026-06-02,5,11,1,5,3.0,25,4,138.94891580472222,3,3,6759.0,6599.0,0
269,2026-06-02,4,8,1,0,,13,4,264.9939100727778,4,3,10999.0,0.0,0
270,2026-06-02,3,8,0,0,,11,3,328.7920481408333,2,2,6635.363636363636,0.0,0
271,2026-06-02,2,4,0,0,,6,2,1067.962153636111,3,2,9665.666666666666,0.0,0
272,2026-06-02,7,13,4,3,,27,7,98.72253435972223,1,1,4999.0,4999.0,0
273,2026-06-02,3,5,2,0,,10,3,124.89767306944444,3,3,5599.0,0.0,0
274,2026-06-02,3,6,0,0,,9,4,95.82847102416666,2,2,5665.666666666667,0.0,0
275,2026-06-02,5,9,1,0,,15,5,298.69305934277776,3,3,6732.333333333333,0.0,0
276,2026-06-02,5,9,1,0,,15,5,1035.3727040433334,3,2,7665.666666666667,0.0,0
277,2026-06-02,2,3,0,0,,5,2,13.670297061388888,1,1,4999.0,0.0,0
278,2026-06-02,4,7,0,0,,11,4,149.74668831333335,1,1,6999.0,0.0,0
279,2026-06-02,3,7,0,0,,10,4,81.30862758999999,2,1,9799.0,0.0,0
280,2026-06-02,6,15,4,0,,25,5,673.8118483944444,4,3,5879.0,0.0,0
281,2026-06-02,2,4,2,0,,8,2,945.761911911111,2,2,7499.0,0.0,0
282,2026-06-02,4,9,1,0,,14,4,46.423264978611115,3,2,10284.714285714286,0.0,0
283,2026-06-02,6,10,3,6,4.0,29,6,231.1504547025,3,3,7550.724137931034,7665.666666666667,0
284,2026-06-02,3,7,1,0,,11,3,88.70402337694445,2,2,5362.636363636364,0.0,0
285,2026-06-02,5,8,3,5,4.0,25,5,40.376423437777774,3,2,10119.0,9799.0,0
286,2026-06-02,4,10,0,0,,14,4,595.5394994711112,1,1,6999.0,0.0,0
287,2026-06-02,1,2,1,0,,4,1,364.97558071333333,1,1,4999.0,0.0,0
288,2026-06-02,8,16,2,8,5.0,39,7,140.6848421,2,1,11460.538461538461,11499.0,0
289,2026-06-02,2,3,1,0,,6,2,246.0893813988889,2,2,7332.333333333333,0.0,0
290,2026-06-02,3,7,0,0,,10,3,782.1565288766666,3,2,8399.0,0.0,0
291,2026-06-02,5,10,0,0,,15,5,349.7382982255555,4,3,8465.666666666666,0.0,0
292,2026-06-02,3,9,1,1,,14,3,512.6623044688889,2,2,6141.857142857143,4999.0,0
293,2026-06-02,5,11,5,1,1.0,23,5,136.10707354305555,2,1,11955.521739130434,12999.0,0
294,2026-06-02,4,6,2,0,,12,4,726.6970574361111,2,2,6832.333333333333,0.0,0
295,2026-06-02,4,8,0,0,,12,4,943.0812483125001,2,1,11665.666666666666,0.0,0
296,2026-06-02,3,8,0,0,,11,3,299.04636293805555,2,2,5362.636363636364,0.0,0
297,2026-06-02,3,7,1,0,,11,3,168.57277527138888,2,1,11544.454545454546,0.0,0
298,2026-06-02,4,11,0,0,,15,4,105.3321007038889,3,2,7532.333333333333,0.0,0
299,2026-06-02,4,7,1,4,3.0,19,4,514.8111780405555,3,2,8683.21052631579,8999.0,1
300,2026-06-02,4,9,0,0,,13,4,788.3732188800001,3,3,6999.0,0.0,0
301,2026-06-02,4,7,1,0,,12,4,199.37994032166665,4,3,11165.666666666666,0.0,0
302,2026-06-02,2,3,0,0,,5,2,576.6884345002778,1,1,6999.0,0.0,0
303,2026-06-02,2,3,0,0,,5,2,425.28336327722224,2,2,8199.0,0.0,0
304,2026-06-02,4,7,1,0,,12,4,195.33367290444446,3,3,5499.0,0.0,0
305,2026-06-02,3,8,0,0,,11,3,100.56656377388889,2,2,5726.272727272727,0.0,0
306,2026-06-02,2,2,0,0,,4,2,366.80729120527775,1,1,4999.0,0.0,0
307,2026-06-02,2,3,0,0,,5,2,43.08203126750001,1,1,8999.0,0.0,0
308,2026-06-02,6,12,0,0,,18,6,56.28772820416667,2,2,7665.666666666667,0.0,0
309,2026-06-02,1,3,1,0,,5,1,1312.4682408816668,2,2,8199.0,0.0,0
310,2026-06-02,3,4,1,3,3.0,14,3,600.4970805738889,4,3,7427.571428571428,6999.0,1
311,2026-06-02,2,4,1,0,,7,2,59.89613941416667,1,1,4999.0,0.0,0
312,2026-06-02,2,5,0,0,,7,2,648.1648961802778,2,2,6141.857142857143,0.0,0
313,2026-06-02,7,15,4,2,,28,7,583.0916951488889,3,2,5427.571428571428,4999.0,0
314,2026-06-02,3,6,0,0,,9,3,628.5284805477778,1,1,4999.0,0.0,0
315,2026-06-02,4,7,0,0,,11,5,68.10082860722221,2,2,7180.818181818182,0.0,0
316,2026-06-02,3,8,0,0,,11,3,583.1346393441667,3,2,10999.0,0.0,0
317,2026-06-02,8,15,3,8,6.0,40,8,132.40879980416665,3,2,10999.0,10999.0,0
318,2026-06-02,4,6,0,0,,10,4,5.634873993055556,2,2,7399.0,0.0,0
319,2026-06-02,4,11,3,0,,18,5,947.7320795436111,4,3,8221.222222222223,0.0,0
320,2026-06-02,3,5,0,3,2.0,13,3,401.00970927388886,1,1,4999.0,4999.0,0
321,2026-06-02,2,5,1,0,,8,2,670.6936740994445,3,2,6499.0,0.0,0
322,2026-06-02,1,3,1,0,,5,1,449.06672423388886,2,1,12199.0,0.0,0
323,2026-06-02,5,8,1,5,3.0,22,5,198.231160205,2,2,8089.909090909091,8199.0,0
324,2026-06-02,2,4,1,1,1.0,9,2,25.155601304166666,1,1,4999.0,4999.0,0
325,2026-06-02,3,7,0,0,,10,3,75.27787954444445,2,2,5199.0,0.0,0
326,2026-06-02,1,3,0,0,,4,1,661.8205698636111,1,1,4999.0,0.0,0
327,2026-06-02,6,13,2,2,,23,6,136.53042826277778,2,2,5346.826086956522,4999.0,0
328,2026-06-02,2,4,0,0,,6,2,296.75409597277775,3,2,8332.333333333334,0.0,0
329,2026-06-02,3,3,1,1,1.0,9,3,812.8139419513889,1,1,6999.0,6999.0,0
330,2026-06-02,3,8,0,0,,11,3,949.6831747533333,2,2,5726.272727272727,0.0,0
331,2026-06-02,1,2,0,0,,3,1,331.7499699194445,2,2,7665.666666666667,0.0,0
332,2026-06-02,3,5,3,0,,11,3,461.41212831722225,1,1,4999.0,0.0,0
333,2026-06-02,2,2,1,1,,6,2,847.8827942925,1,1,12999.0,12999.0,0
334,2026-06-02,3,6,0,0,,9,3,19.303695842222222,2,2,7221.222222222223,0.0,0
335,2026-06-02,5,10,2,1,,18,5,73.90165520416666,1,1,6999.0,6999.0,0
336,2026-06-02,3,7,0,0,,10,3,936.7282871038889,2,2,6599.0,0.0,0
337,2026-06-02,3,5,1,0,,9,3,1156.4333406536111,3,3,7221.222222222223,0.0,0
338,2026-06-02,4,10,1,0,,15,4,746.7236951158333,2,2,8199.0,0.0,0
339,2026-06-02,3,7,2,1,,13,3,166.58354243944444,2,2,5614.384615384615,4999.0,0
340,2026-06-02,8,16,2,3,,29,8,50.50096813555555,3,3,5274.862068965517,4999.0,0
341,2026-06-02,5,9,3,5,3.0,25,5,2.7319536175,2,2,5799.0,5799.0,0
342,2026-06-02,1,2,1,0,,4,1,520.1938739483334,1,1,4999.0,0.0,0
343,2026-06-02,3,5,3,1,,12,3,92.71056020527777,2,2,8332.333333333334,8999.0,0
344,2026-06-02,3,7,3,0,,13,3,269.62418846194447,3,2,11306.692307692309,0.0,0
345,2026-06-02,4,10,3,2,1.0,20,4,60.725773190000005,1,1,4999.0,4999.0,0
346,2026-06-02,2,4,1,1,,8,2,881.7705607119444,3,2,10249.0,12999.0,0
347,2026-06-02,4,9,0,1,,14,3,120.40936931222222,1,1,4999.0,4999.0,0
348,2026-06-02,2,4,1,0,,7,2,264.7830140247222,1,1,6999.0,0.0,0
349,2026-06-02,1,1,0,0,,2,1,1405.0347467602778,1,1,8999.0,0.0,0
351,2026-06-02,3,4,0,0,,7,3,831.8488189394445,1,1,4999.0,0.0,0
352,2026-06-02,3,7,0,0,,10,3,366.3827741266667,3,2,10599.0,0.0,0
353,2026-06-02,4,5,3,2,,14,3,532.1358984052778,1,1,6999.0,6999.0,0
354,2026-06-02,4,4,3,1,1.0,13,4,63.72262167388889,2,1,12075.923076923076,12999.0,0
355,2026-06-02,2,5,0,0,,7,2,177.04867106249998,2,1,12427.57142857143,0.0,0
356,2026-06-02,5,11,0,0,,16,5,352.42499456694446,3,3,7124.0,0.0,0
357,2026-06-02,4,10,0,0,,14,4,668.0295830013889,3,2,11284.714285714286,0.0,0
358,2026-06-02,6,12,5,2,,25,6,93.36234972305556,3,3,5239.0,4999.0,0
359,2026-06-02,10,23,7,10,6.0,56,9,105.9896850025,4,3,5641.857142857143,5399.0,0
360,2026-06-02,5,10,2,5,1.0,23,4,116.51040071249999,3,2,10129.434782608696,10199.0,0
361,2026-06-02,6,12,3,6,4.0,31,6,415.8941004233333,3,2,10805.451612903225,10999.0,0
362,2026-06-02,4,9,2,2,,17,4,184.66155740777776,3,3,7234.294117647059,6999.0,0
363,2026-06-02,4,7,1,4,2.0,18,4,439.36857865583335,1,1,4999.0,4999.0,1
364,2026-06-02,3,5,0,0,,8,3,1109.9295096036112,3,3,6499.0,0.0,0
365,2026-06-02,3,6,0,0,,9,3,1182.8782726591667,2,1,11665.666666666666,0.0,0
366,2026-06-02,3,6,2,0,,11,3,467.19074382527776,2,2,5544.454545454545,0.0,0
367,2026-06-02,3,6,3,1,,13,3,271.20341354416666,2,2,7460.538461538462,6999.0,0
368,2026-06-02,3,6,0,0,,9,3,838.2447681052777,2,1,10332.333333333334,0.0,0
369,2026-06-02,2,4,1,1,,8,2,737.3586625191666,2,2,7249.0,6999.0,0
370,2026-06-02,2,4,1,0,,7,2,788.9841388152778,1,1,4999.0,0.0,0
371,2026-06-02,2,5,1,0,,8,2,1509.5821731794445,3,2,8999.0,0.0,0
372,2026-06-02,5,8,2,5,5.0,25,5,212.42456860583334,2,2,5799.0,5799.0,0
373,2026-06-02,4,6,1,0,,11,4,969.8514908713889,2,2,7544.454545454545,0.0,0
374,2026-06-02,2,3,1,0,,6,2,321.3811942702778,2,1,11665.666666666666,0.0,0
375,2026-06-02,2,4,0,0,,6,2,614.0005492758334,2,1,9665.666666666666,0.0,0
376,2026-06-02,4,11,2,1,,18,4,629.9743780625,2,2,5887.888888888889,8999.0,0
377,2026-06-02,9,19,4,9,7.0,48,9,198.39453848361111,3,2,7165.666666666667,6999.0,0
378,2026-06-02,4,9,1,0,,14,4,569.3943958666666,2,2,5570.428571428572,0.0,0
379,2026-06-02,2,5,0,0,,7,2,194.04129132083332,3,2,10141.857142857143,0.0,0
380,2026-06-02,5,12,4,5,5.0,31,5,188.19047264361112,1,1,4999.0,4999.0,0
381,2026-06-02,3,5,0,0,,8,3,47.358030418333335,2,2,5749.0,0.0,0
382,2026-06-02,1,2,0,0,,3,1,375.82566475638885,1,1,12999.0,0.0,0
383,2026-06-02,4,5,1,0,,10,4,737.3641399002778,3,2,10999.0,0.0,0
384,2026-06-02,1,3,0,0,,4,1,180.236289475,2,1,11999.0,0.0,0
385,2026-06-02,4,7,0,0,,11,4,928.548927165,3,2,10453.545454545454,0.0,0
386,2026-06-02,6,10,0,0,,16,6,344.3373913819444,3,2,10999.0,0.0,0
387,2026-06-02,3,6,1,3,2.0,15,3,264.47220015694444,2,1,11132.333333333334,11665.666666666666,0
388,2026-06-02,4,8,3,0,,15,4,695.5251210977777,3,2,8332.333333333334,0.0,0
389,2026-06-02,5,11,2,1,,19,3,189.3339019138889,2,2,7104.263157894737,6999.0,0
390,2026-06-02,7,14,4,0,,25,7,189.9048452341667,2,1,12199.0,0.0,0
391,2026-06-02,1,1,0,0,,2,1,1788.9410936541667,1,1,8999.0,0.0,0
392,2026-06-02,3,8,1,0,,12,3,505.14806888444446,3,2,9332.333333333334,0.0,0
393,2026-06-02,4,8,1,0,,13,4,523.7106765088889,3,2,10999.0,0.0,0
394,2026-06-02,2,3,0,0,,5,2,1250.134384175,1,1,6999.0,0.0,0
395,2026-06-02,1,3,1,0,,5,1,633.9623766444445,2,1,10599.0,0.0,0
396,2026-06-02,4,6,1,0,,11,4,100.76788496638889,1,1,4999.0,0.0,0
397,2026-06-02,6,11,2,1,,20,6,742.4684482683333,2,2,6199.0,12999.0,0
398,2026-06-02,4,9,3,2,,18,4,578.5408031774999,3,2,11443.444444444445,12999.0,0
399,2026-06-02,3,7,0,0,,10,3,593.4299192588888,1,1,6999.0,0.0,0
400,2026-06-02,3,8,0,0,,11,3,633.9247873633333,1,1,4999.0,0.0,0
401,2026-06-02,3,8,0,0,,11,3,288.2383770611111,3,2,10817.181818181818,0.0,0
402,2026-06-02,2,5,1,1,,9,2,101.83461181722222,2,1,9443.444444444445,8999.0,0
403,2026-06-02,4,8,0,0,,12,4,38.976826411944444,2,2,7332.333333333333,0.0,0
404,2026-06-02,4,7,4,4,3.0,22,4,357.1682919111111,2,2,7271.727272727273,6999.0,0
405,2026-06-02,2,4,1,1,1.0,9,2,841.6066129388889,2,2,6776.777777777777,6999.0,0
406,2026-06-02,3,5,0,0,,8,4,479.9384443275,2,2,8499.0,0.0,0
407,2026-06-02,4,9,2,0,,15,4,289.3537283605555,4,3,6865.666666666667,0.0,0
408,2026-06-02,1,2,0,0,,3,1,871.8535232722222,1,1,6999.0,0.0,0
409,2026-06-02,5,11,2,1,,19,4,497.5056774633333,4,3,9946.368421052632,8999.0,0
410,2026-06-02,4,9,1,0,,14,4,123.71509424722221,2,2,5427.571428571428,0.0,0
411,2026-06-02,4,7,2,1,,14,4,299.80476850944444,2,2,6856.142857142857,6999.0,0
412,2026-06-02,4,7,1,0,,12,4,438.71499713805554,3,3,7499.0,0.0,0
413,2026-06-02,1,1,0,0,,2,1,56.6187375575,1,1,6999.0,0.0,0
414,2026-06-02,1,1,0,0,,2,1,265.31317862388886,1,1,4999.0,0.0,0
415,2026-06-02,4,6,1,0,,11,4,683.6584828727778,2,2,5726.272727272727,0.0,0
416,2026-06-02,3,8,0,0,,11,3,276.5382946530556,2,2,5726.272727272727,0.0,0
417,2026-06-02,5,10,2,0,,17,6,219.67144989944444,3,3,7351.941176470588,0.0,0
418,2026-06-02,3,7,0,0,,10,3,526.5110995947223,3,3,7999.0,0.0,0
419,2026-06-02,2,3,2,0,,7,2,1426.3249827130555,2,1,9570.42857142857,0.0,0
420,2026-06-02,3,5,0,0,,8,3,78.9904453925,2,1,11499.0,0.0,0
421,2026-06-02,3,5,1,0,,9,3,777.4648963255555,1,1,4999.0,0.0,0
423,2026-06-02,3,5,3,2,1.0,14,3,608.8086584144444,2,2,8284.714285714286,6999.0,0
424,2026-06-02,4,8,2,0,,14,4,446.40197889916664,3,3,5713.285714285715,0.0,0
425,2026-06-02,2,4,1,0,,7,2,991.4506158552778,2,2,5570.428571428572,0.0,0
426,2026-06-02,3,5,3,3,3.0,17,3,93.59614080222222,2,2,6410.764705882353,6332.333333333333,0
427,2026-06-02,5,8,1,0,,14,5,186.11039712027778,1,1,4999.0,0.0,0
428,2026-06-02,4,8,2,3,,17,4,100.36571016611111,2,1,11351.941176470587,11665.666666666666,0
429,2026-06-02,5,11,3,0,,19,4,701.6925627147223,2,1,11525.315789473685,0.0,0
430,2026-06-02,4,10,0,0,,14,4,1021.0620474516667,2,1,11284.714285714286,0.0,0
432,2026-06-02,1,2,1,0,,4,1,1734.8551995125,1,1,8999.0,0.0,0
433,2026-06-02,3,6,1,3,3.0,16,2,90.60505220666667,2,2,6249.0,6332.333333333333,0
434,2026-06-02,1,2,0,0,,3,1,966.4942063041666,2,2,10332.333333333334,0.0,0
435,2026-06-02,3,9,1,0,,13,3,264.70684712416664,3,2,6537.461538461538,0.0,0
436,2026-06-02,3,6,0,0,,9,3,486.75949761416666,1,1,6999.0,0.0,0
437,2026-06-02,4,8,3,3,1.0,19,4,999.0783022938889,1,1,4999.0,4999.0,0
438,2026-06-02,4,9,2,0,,15,4,247.66868495388889,1,1,6999.0,0.0,0
439,2026-06-02,3,6,1,0,,10,3,1147.7548565958332,2,2,5399.0,0.0,0
440,2026-06-02,5,11,3,5,4.0,28,6,174.1009665541667,1,1,6999.0,6999.0,0
441,2026-06-02,5,9,1,0,,15,5,821.061591213889,2,2,6065.666666666667,0.0,0
442,2026-06-02,5,11,0,0,,16,5,755.3731947491667,3,3,5374.0,0.0,0
443,2026-06-02,3,8,0,0,,11,4,119.76183669194445,4,3,9726.272727272728,0.0,0
444,2026-06-02,3,5,0,0,,8,3,145.47800454333333,1,1,4999.0,0.0,0
445,2026-06-02,3,6,1,3,3.0,16,4,1295.7055830708332,3,3,7124.0,7665.666666666667,0
446,2026-06-02,8,19,4,5,1.0,37,8,101.10683978805557,3,2,11269.27027027027,12199.0,0
447,2026-06-02,2,5,0,0,,7,2,758.161522565,2,2,5570.428571428572,0.0,0
448,2026-06-02,2,3,1,0,,6,2,658.049924103611,1,1,8999.0,0.0,0
449,2026-06-02,6,12,2,6,4.0,30,6,442.43148926833334,2,2,5199.0,5332.333333333333,0
450,2026-06-02,3,6,1,0,,10,3,587.2959985888889,1,1,4999.0,0.0,0
451,2026-06-02,4,5,0,0,,9,4,42.51853480055556,1,1,6999.0,0.0,0
452,2026-06-02,3,6,1,0,,10,3,158.38278715416666,2,1,11799.0,0.0,0
453,2026-06-02,3,4,1,0,,8,3,104.34541446638889,2,2,5499.0,0.0,0
454,2026-06-02,3,4,1,0,,8,3,183.8489080675,2,1,10499.0,0.0,0
455,2026-06-02,2,3,1,0,,6,2,536.4875182958333,1,1,6999.0,0.0,0
456,2026-06-02,4,6,2,1,,13,4,654.0418882586112,2,2,5306.692307692308,4999.0,0
457,2026-06-02,1,3,0,0,,4,1,1270.0504004697223,1,1,6999.0,0.0,0
458,2026-06-02,3,5,1,0,,9,3,449.00943994777776,2,1,11221.222222222223,0.0,0
459,2026-06-02,4,6,1,0,,11,4,431.1744177486111,3,2,10817.181818181818,0.0,0
460,2026-06-02,1,2,0,0,,3,1,1716.0818560291666,2,1,10332.333333333334,0.0,0
461,2026-06-02,2,2,0,0,,4,2,33.40486148944444,1,1,4999.0,0.0,0
462,2026-06-02,3,5,0,0,,8,3,354.22406404138894,2,2,7499.0,0.0,0
463,2026-06-02,3,3,0,0,,6,3,187.00497636194444,2,2,10999.0,0.0,0
464,2026-06-02,6,10,4,1,,21,6,385.8163592744445,2,2,8427.57142857143,6999.0,0
465,2026-06-02,2,4,1,0,,7,2,30.04891969138889,1,1,4999.0,0.0,0
466,2026-06-02,5,10,2,0,,17,5,127.30589105138888,3,3,5587.235294117647,0.0,0
467,2026-06-02,5,12,0,0,,17,7,151.1832278536111,2,2,6763.705882352941,0.0,0
468,2026-06-02,2,5,0,0,,7,2,322.71758402833336,2,1,11284.714285714286,0.0,0
469,2026-06-02,4,10,1,0,,15,4,882.2164896830556,2,1,9532.333333333334,0.0,0
470,2026-06-02,3,7,1,3,,14,3,232.51519379055554,2,2,9141.857142857143,8999.0,0
471,2026-06-02,4,11,2,4,3.0,24,4,10.12252649861111,1,1,6999.0,6999.0,0
472,2026-06-02,2,4,0,0,,6,2,1131.3726632088888,1,1,6999.0,0.0,0
473,2026-06-02,5,7,1,0,,13,5,351.7338037213889,4,3,7768.2307692307695,0.0,0
474,2026-06-02,2,6,0,0,,8,2,236.4348184011111,2,1,10499.0,0.0,0
475,2026-06-02,2,4,0,0,,6,2,321.5192274633333,1,1,12999.0,0.0,0
476,2026-06-02,2,5,1,0,,8,2,259.83311267805556,2,2,7749.0,0.0,0
477,2026-06-02,1,3,0,1,,5,1,696.0274279480556,3,3,6999.0,6999.0,0
478,2026-06-02,5,11,0,0,,16,5,285.75610555055556,3,3,8249.0,0.0,0
479,2026-06-02,6,12,0,0,,18,6,123.08124504027778,3,2,10554.555555555555,0.0,0
480,2026-06-02,4,9,1,0,,14,4,97.77047786527777,1,1,4999.0,0.0,0
481,2026-06-02,5,12,2,0,,19,5,80.65090502583332,1,1,4999.0,0.0,0
482,2026-06-02,4,7,0,0,,11,4,54.96088535611111,1,1,6999.0,0.0,0
483,2026-06-02,2,4,2,1,,9,2,916.9149792222222,1,1,4999.0,4999.0,0
484,2026-06-02,3,8,0,0,,11,3,139.3625378622222,3,2,8999.0,0.0,0
485,2026-06-02,6,14,1,0,,21,7,105.79983874277778,4,3,7475.190476190476,0.0,0
486,2026-06-02,2,5,1,0,,8,2,445.2429783572222,2,2,6249.0,0.0,0
487,2026-06-02,2,4,0,0,,6,2,403.1163568827778,2,1,9665.666666666666,0.0,0
488,2026-06-02,2,2,0,0,,4,2,1204.5405722391667,1,1,4999.0,0.0,0
489,2026-06-02,4,8,1,1,,14,4,302.38438011305556,2,2,7856.142857142857,6999.0,0
490,2026-06-02,3,6,0,0,,9,3,1077.7161128494445,2,1,11665.666666666666,0.0,0
491,2026-06-02,8,16,5,8,7.0,44,9,191.74184311888888,1,1,4999.0,4999.0,0
492,2026-06-02,5,9,1,0,,15,5,150.71320456222224,4,3,8732.333333333334,0.0,0
493,2026-06-02,4,10,4,1,,19,4,190.3461114638889,1,1,6999.0,6999.0,0
494,2026-06-02,5,7,2,0,,14,6,311.82715106916663,3,2,10141.857142857143,0.0,0
495,2026-06-02,1,3,0,0,,4,1,440.65916426194445,1,1,8999.0,0.0,0
496,2026-06-02,4,6,0,0,,10,4,251.1201071575,1,1,4999.0,0.0,0
497,2026-06-02,3,6,0,0,,9,3,833.1435859308334,2,1,12110.111111111111,0.0,0
498,2026-06-02,4,7,0,0,,11,4,374.70826003972223,1,1,4999.0,0.0,0
499,2026-06-02,1,2,0,0,,3,1,1042.3391954747224,1,1,6999.0,0.0,0
500,2026-06-02,2,4,1,0,,7,2,39.87298116083333,2,2,8427.57142857143,0.0,0
5,2026-06-09,3,6,1,0,,10,3,1024.3963348141667,4,3,7199.0,0.0,0
6,2026-06-09,4,9,1,0,,14,4,446.62509293361114,2,2,7427.571428571428,0.0,0
7,2026-06-09,3,4,0,3,2.0,12,3,583.8775698116666,2,2,5665.666666666667,5665.666666666667,0
8,2026-06-09,5,10,4,0,,19,5,16.609492465833334,4,3,10367.421052631578,0.0,0
9,2026-06-09,4,7,1,0,,12,5,287.91726059944443,2,1,10665.666666666666,0.0,0
10,2026-06-09,1,2,0,0,,3,1,687.3746304169445,1,1,6999.0,0.0,0
11,2026-06-09,2,4,0,0,,6,2,423.3669298041667,2,2,6332.333333333333,0.0,0
12,2026-06-09,2,6,0,0,,8,2,1632.6255626233333,2,2,5999.0,0.0,0
13,2026-06-09,3,5,3,0,,11,3,976.5807766136111,2,2,7544.454545454545,0.0,0
14,2026-06-09,2,6,0,0,,8,2,953.2974029494444,1,1,4999.0,0.0,0
15,2026-06-09,4,6,1,4,2.0,17,4,506.9759047547222,3,2,7587.235294117647,6999.0,0
16,2026-06-09,3,9,1,0,,13,3,199.74603389472222,3,3,5460.538461538462,0.0,0
17,2026-06-09,1,2,0,0,,3,1,264.72852136,1,1,6999.0,0.0,0
18,2026-06-09,3,6,0,0,,9,3,261.39932280277776,3,2,11443.444444444445,0.0,0
19,2026-06-09,3,5,2,0,,10,2,1114.430709901389,2,2,6199.0,0.0,0
20,2026-06-09,6,10,4,0,,20,6,566.2842104016667,4,3,10299.0,0.0,0
21,2026-06-09,2,5,0,0,,7,2,372.4232834088889,2,1,10141.857142857143,0.0,0
22,2026-06-09,3,5,2,3,3.0,16,3,947.0595843505555,3,2,10124.0,10332.333333333334,0
23,2026-06-09,5,8,2,0,,15,5,4.656641203055555,2,2,6199.0,0.0,0
24,2026-06-09,2,4,0,0,,6,2,784.3529337325,2,1,10332.333333333334,0.0,0
25,2026-06-09,5,6,1,0,,12,5,814.6713998377777,2,2,6665.666666666667,0.0,0
26,2026-06-09,4,8,4,2,,18,4,571.3187231983333,1,1,4999.0,4999.0,0
27,2026-06-09,3,4,0,0,,7,3,1344.1147641530556,3,3,8141.857142857143,0.0,0
28,2026-06-09,5,10,1,0,,16,4,188.6903473872222,3,3,7249.0,0.0,0
29,2026-06-09,2,3,2,1,,8,2,199.97516816694446,2,2,5999.0,4999.0,0
30,2026-06-09,4,6,1,0,,11,4,389.0783456497222,3,3,7726.272727272727,0.0,0
31,2026-06-09,4,7,2,3,,16,4,1620.3418727769445,3,2,10124.0,10332.333333333334,0
32,2026-06-09,2,3,2,0,,7,2,655.4303732711112,2,2,8141.857142857143,0.0,0
33,2026-06-09,4,8,4,2,,18,4,52.57059980222222,3,2,9887.888888888889,7999.0,0
34,2026-06-09,2,2,1,0,,5,2,1391.4881335263888,2,2,6199.0,0.0,0
35,2026-06-09,3,5,1,0,,9,3,462.6455476625,3,3,8110.111111111111,0.0,0
36,2026-06-09,5,11,3,2,,21,5,101.83226621000001,4,3,7570.428571428572,7999.0,0
37,2026-06-09,3,4,2,0,,9,2,722.9344885238888,1,1,4999.0,0.0,0
38,2026-06-09,3,6,2,1,,12,3,535.3449612763889,2,1,11332.333333333334,12999.0,0
39,2026-06-09,5,10,2,2,1.0,20,5,225.97449807083333,2,2,5399.0,4999.0,0
40,2026-06-09,3,8,2,1,,14,3,140.1388681288889,3,2,10713.285714285714,6999.0,0
41,2026-06-09,4,9,0,0,,13,4,352.41803770083334,3,2,9460.538461538461,0.0,0
42,2026-06-09,3,8,1,0,,12,3,104.26631142722223,2,2,6332.333333333333,0.0,0
43,2026-06-09,2,4,1,1,,8,2,1280.5121360072221,3,2,11249.0,12999.0,0
44,2026-06-09,5,12,1,0,,18,6,191.97823453111113,2,2,5221.222222222223,0.0,0
45,2026-06-09,4,8,0,0,,12,4,195.349637185,2,1,11665.666666666666,0.0,0
46,2026-06-09,3,9,0,0,,12,3,726.5963975366667,3,2,9665.666666666666,0.0,0
47,2026-06-09,3,7,0,0,,10,3,779.2595660461111,3,3,6799.0,0.0,0
48,2026-06-09,2,3,0,0,,5,2,1041.4638663605556,2,2,8199.0,0.0,0
49,2026-06-09,5,12,2,0,,19,5,31.391785277777778,2,2,5209.526315789473,0.0,0
50,2026-06-09,3,4,0,0,,7,3,348.27312133472225,1,1,6999.0,0.0,0
51,2026-06-09,6,13,1,0,,20,6,98.93440299277778,3,2,10999.0,0.0,0
52,2026-06-09,4,8,2,2,,16,4,491.6767418583333,3,2,8999.0,7999.0,0
53,2026-06-09,4,9,0,0,,13,4,1084.9625699625,2,2,5306.692307692308,0.0,0
54,2026-06-09,1,3,0,0,,4,1,1272.5936031877777,3,2,10499.0,0.0,0
55,2026-06-09,5,10,1,0,,16,5,80.72603637694444,1,1,4999.0,0.0,0
56,2026-06-09,3,5,0,0,,8,3,1812.8187709219444,2,2,5999.0,0.0,0
57,2026-06-09,4,5,3,0,,12,4,100.12788633833334,1,1,4999.0,0.0,0
58,2026-06-09,2,5,1,0,,8,2,436.2707554986111,1,1,4999.0,0.0,0
59,2026-06-09,2,4,0,0,,6,2,135.21565316194443,2,2,8999.0,0.0,0
60,2026-06-09,3,7,2,1,,13,3,768.4110094433333,1,1,4999.0,4999.0,0
61,2026-06-09,3,5,0,0,,8,3,572.4954059416667,2,2,8249.0,0.0,0
62,2026-06-09,3,6,0,0,,9,3,230.30662261055556,2,2,5443.444444444444,0.0,0
63,2026-06-09,2,5,1,0,,8,2,2.1350919244444446,1,1,6999.0,0.0,0
64,2026-06-09,5,12,2,3,,22,5,466.8046456422222,1,1,4999.0,4999.0,0
65,2026-06-09,2,5,0,0,,7,2,1121.9934022116665,3,2,8141.857142857143,0.0,0
66,2026-06-09,6,9,4,2,,21,6,27.095007792777775,3,3,7284.714285714285,6999.0,0
67,2026-06-09,3,8,1,0,,12,3,209.1951884727778,2,1,10999.0,0.0,0
68,2026-06-09,5,9,0,0,,14,5,25.325060745277778,2,1,11570.42857142857,0.0,0
70,2026-06-09,4,5,0,0,,9,4,345.19081290583335,1,1,6999.0,0.0,0
71,2026-06-09,4,7,2,4,3.0,20,3,334.6385763561111,1,1,6999.0,6999.0,0
72,2026-06-09,3,6,0,0,,9,3,243.54964935055557,2,2,7665.666666666667,0.0,0
73,2026-06-09,6,10,2,0,,18,6,370.5094032508333,2,2,5110.111111111111,0.0,0
74,2026-06-09,7,11,2,0,,20,6,117.56000788555555,3,3,6999.0,0.0,0
75,2026-06-09,6,13,5,1,,25,6,11.11861999361111,4,3,8919.0,8999.0,0
76,2026-06-09,3,6,0,0,,9,3,671.468993943611,2,2,7665.666666666667,0.0,0
77,2026-06-09,5,10,3,0,,18,5,384.20143390805555,2,2,7332.333333333333,0.0,0
78,2026-06-09,4,9,0,0,,13,4,277.9723972613889,3,3,5768.2307692307695,0.0,0
79,2026-06-09,5,9,3,0,,17,5,491.14811665194446,2,2,7351.941176470588,0.0,0
80,2026-06-09,5,13,2,0,,20,5,473.79879353944443,4,3,7899.0,0.0,0
81,2026-06-09,3,6,2,0,,11,3,31.262732995277776,2,2,6089.909090909091,0.0,0
82,2026-06-09,6,12,4,3,,25,6,175.452332045,3,2,12119.0,12999.0,0
83,2026-06-09,5,13,0,0,,18,5,222.92162955416669,3,2,10554.555555555555,0.0,0
84,2026-06-09,5,8,3,3,,19,4,475.33067759749997,2,2,5420.0526315789475,4999.0,0
85,2026-06-09,4,7,1,4,4.0,20,4,34.98304343777778,3,3,5899.0,5499.0,0
86,2026-06-09,6,14,2,0,,22,6,772.7209880238889,2,2,5726.272727272727,0.0,0
87,2026-06-09,4,10,0,0,,14,4,638.9662161911111,2,2,7427.571428571428,0.0,0
88,2026-06-09,1,1,1,1,,4,1,687.7653963088889,1,1,6999.0,6999.0,0
89,2026-06-09,3,4,0,0,,7,3,445.3614519236111,1,1,4999.0,0.0,0
90,2026-06-09,3,6,0,0,,9,3,437.00830591833335,2,1,9443.444444444445,0.0,0
91,2026-06-09,4,10,1,0,,15,4,183.68493304722222,3,2,10599.0,0.0,0
92,2026-06-09,1,2,0,0,,3,1,1641.136727543889,1,1,8999.0,0.0,0
93,2026-06-09,5,10,0,5,4.0,24,5,3.7937371380555556,2,2,7999.0,8199.0,0
94,2026-06-09,4,7,1,0,,12,4,8.9375775,2,2,5665.666666666667,0.0,0
95,2026-06-09,4,5,2,0,,11,4,902.8482617508333,4,3,7362.636363636364,0.0,0
96,2026-06-09,4,8,3,4,3.0,22,4,129.2456504502778,2,2,7362.636363636364,7499.0,0
97,2026-06-09,4,8,1,0,,13,4,864.4616164783333,3,2,9922.076923076924,0.0,0
98,2026-06-09,3,4,0,0,,7,3,263.45428164555557,2,2,7570.428571428572,0.0,0
99,2026-06-09,6,15,1,0,,22,5,126.99928950944445,2,2,6817.181818181818,0.0,0
100,2026-06-09,5,6,1,0,,12,5,315.08601114972225,4,3,7665.666666666667,0.0,0
101,2026-06-09,8,17,6,4,,35,8,85.37068144638889,3,2,10713.285714285714,9499.0,0
102,2026-06-09,4,7,4,4,3.0,22,4,560.5824387291667,2,2,5180.818181818182,4999.0,0
103,2026-06-09,5,9,1,0,,15,5,514.7421094794445,3,2,9265.666666666666,0.0,0
104,2026-06-09,3,7,0,0,,10,3,374.7605305269445,2,2,7399.0,0.0,0
105,2026-06-09,5,12,2,1,,20,5,513.0677837969445,3,2,11599.0,12999.0,0
106,2026-06-09,5,6,2,0,,13,4,210.62384912388887,1,1,6999.0,0.0,0
107,2026-06-09,3,8,0,0,,11,3,1084.8976097052778,2,2,6635.363636363636,0.0,0
108,2026-06-09,4,9,0,0,,13,4,687.6397313886112,2,1,10845.153846153846,0.0,0
109,2026-06-09,4,10,1,0,,15,4,238.0658295433333,2,2,5265.666666666667,0.0,0
110,2026-06-09,3,4,1,0,,8,3,958.3021327941667,1,1,4999.0,0.0,0
111,2026-06-09,3,7,2,0,,12,3,377.99442171861114,4,3,9165.666666666666,0.0,0
112,2026-06-09,5,9,4,0,,18,5,139.11931123305556,2,2,5443.444444444444,0.0,0
113,2026-06-09,5,9,1,5,4.0,24,5,822.2716841363889,3,2,9499.0,9799.0,0
114,2026-06-09,7,14,1,0,,22,7,201.55202619527776,2,1,10999.0,0.0,0
115,2026-06-09,1,1,0,0,,2,1,792.4631359297222,1,1,6999.0,0.0,0
116,2026-06-09,3,6,0,0,,9,3,1001.1445190758333,1,1,6999.0,0.0,0
117,2026-06-09,2,3,1,0,,6,2,364.0858701125,2,2,7665.666666666667,0.0,0
118,2026-06-09,4,7,3,1,,15,4,776.2479930094445,2,2,7132.333333333333,4999.0,0
119,2026-06-09,7,15,1,0,,23,7,124.3365330075,3,2,10477.260869565218,0.0,0
120,2026-06-09,2,4,0,0,,6,2,1358.0725245897222,3,2,8665.666666666666,0.0,0
121,2026-06-09,2,4,0,0,,6,1,1500.3366426869445,2,2,6332.333333333333,0.0,0
122,2026-06-09,3,5,2,1,,11,3,181.00203628694445,2,2,6271.727272727273,4999.0,0
123,2026-06-09,3,7,1,0,,11,3,122.79328220916666,1,1,6999.0,0.0,0
124,2026-06-09,5,8,0,0,,13,5,274.7051807872222,1,1,6999.0,0.0,0
125,2026-06-09,3,6,2,1,,12,3,209.83442226999998,1,1,6999.0,6999.0,0
126,2026-06-09,4,7,2,0,,13,4,4.1828396125000005,2,2,5460.538461538462,0.0,0
127,2026-06-09,4,8,1,0,,13,4,39.74783196361111,1,1,4999.0,0.0,0
128,2026-06-09,5,9,3,1,,18,5,452.0896007936111,2,1,12110.111111111111,12999.0,0
129,2026-06-09,6,12,4,1,,23,6,328.5212691313889,3,2,8129.434782608696,8999.0,0
130,2026-06-09,3,6,2,0,,11,3,491.460196295,3,2,11908.09090909091,0.0,0
132,2026-06-09,2,3,2,1,1.0,9,2,174.71225708222224,1,1,4999.0,4999.0,0
133,2026-06-09,3,4,3,2,1.0,13,3,35.161617828611114,2,2,6383.615384615385,5999.0,0
135,2026-06-09,3,4,1,0,,8,3,548.4030683558333,3,2,11249.0,0.0,0
136,2026-06-09,3,7,1,0,,11,3,189.19376430694444,1,1,4999.0,0.0,0
137,2026-06-09,5,7,1,5,2.0,20,5,34.53844745777778,2,2,5799.0,5799.0,0
138,2026-06-09,4,11,1,0,,16,4,182.48776758555556,2,2,6749.0,0.0,0
139,2026-06-09,3,7,0,0,,10,3,926.7240695005555,1,1,6999.0,0.0,0
140,2026-06-09,4,6,0,0,,10,4,653.5617159222221,1,1,4999.0,0.0,0
141,2026-06-09,3,5,0,0,,8,2,1445.4774789527778,2,2,6749.0,0.0,0
142,2026-06-09,5,12,3,5,4.0,29,5,408.34732131805555,3,3,6723.137931034483,6599.0,0
143,2026-06-09,2,5,2,0,,9,2,816.5837215397222,1,1,6999.0,0.0,0
144,2026-06-09,5,10,3,4,1.0,23,6,261.8433306836111,2,2,5433.782608695652,5499.0,0
145,2026-06-09,6,12,4,2,,24,6,50.03315541166667,3,2,11332.333333333334,10999.0,0
146,2026-06-09,7,15,4,7,6.0,39,7,107.78749996694445,1,1,4999.0,4999.0,0
147,2026-06-09,1,1,0,0,,2,1,11.773656025277779,1,1,12999.0,0.0,0
148,2026-06-09,3,7,1,0,,11,4,719.5100716733334,1,1,4999.0,0.0,0
149,2026-06-09,3,7,0,0,,10,3,822.6941204486111,3,2,8399.0,0.0,0
150,2026-06-09,2,6,0,0,,8,2,825.6655707263889,2,2,5249.0,0.0,0
151,2026-06-09,4,8,2,0,,14,4,80.9956328525,2,1,11284.714285714286,0.0,0
152,2026-06-09,2,3,0,0,,5,2,593.4164709508334,2,2,5799.0,0.0,0
153,2026-06-09,3,8,0,0,,11,3,381.80167023166666,3,2,10271.727272727272,0.0,0
154,2026-06-09,1,2,1,0,,4,1,1957.978018893889,1,1,6999.0,0.0,0
155,2026-06-09,2,2,0,0,,4,2,1713.236621787222,2,2,5999.0,0.0,0
156,2026-06-09,2,2,2,1,,7,2,366.7138347688889,1,1,6999.0,6999.0,0
157,2026-06-09,8,14,3,8,6.0,39,8,32.267385410833334,4,3,5922.076923076923,5749.0,0
158,2026-06-09,2,5,1,0,,8,2,803.8558850555555,1,1,12999.0,0.0,0
159,2026-06-09,4,7,0,0,,11,4,15.87618181,3,3,5726.272727272727,0.0,0
160,2026-06-09,1,2,0,0,,3,1,865.6082633480555,1,1,6999.0,0.0,0
161,2026-06-09,5,10,0,0,,15,5,111.1096308288889,2,2,7132.333333333333,0.0,0
162,2026-06-09,3,6,1,3,3.0,16,3,729.3204375936111,2,2,5999.0,6332.333333333333,0
163,2026-06-09,2,3,0,1,,6,2,1102.1906148669445,1,1,8999.0,8999.0,0
164,2026-06-09,7,13,4,7,5.0,36,6,99.4849896513889,3,2,7721.222222222223,8141.857142857143,1
165,2026-06-09,4,9,2,4,4.0,23,4,130.07131232999998,3,2,9172.91304347826,8999.0,1
166,2026-06-09,8,17,6,8,6.0,45,8,732.1539943936111,3,3,7132.333333333333,6999.0,0
167,2026-06-09,4,6,4,1,1.0,16,4,269.7703585377778,3,2,9874.0,8999.0,0
168,2026-06-09,5,11,3,5,4.0,28,5,802.8438514997222,2,2,7284.714285714285,8199.0,0
169,2026-06-09,2,3,0,0,,5,2,1553.6580606883333,1,1,8999.0,0.0,0
170,2026-06-09,5,9,0,0,,14,5,615.4209468513889,2,1,12141.857142857143,0.0,0
171,2026-06-09,6,15,3,3,1.0,28,6,435.6510868213889,3,2,7784.714285714285,6999.0,0
172,2026-06-09,4,9,0,0,,13,4,445.78809454500004,3,2,7614.384615384615,0.0,0
173,2026-06-09,3,5,0,0,,8,3,382.6592439052778,3,3,7249.0,0.0,0
174,2026-06-09,1,3,1,0,,5,1,39.63789274277777,1,1,4999.0,0.0,0
175,2026-06-09,5,10,1,0,,16,5,307.62003413499997,3,2,10249.0,0.0,0
176,2026-06-09,4,10,3,2,,19,4,489.23799866055555,1,1,4999.0,4999.0,0
177,2026-06-09,6,9,3,0,,18,6,106.72538805,1,1,4999.0,0.0,0
178,2026-06-09,4,8,1,0,,13,4,637.6363787461111,3,2,9614.384615384615,0.0,0
179,2026-06-09,3,7,0,0,,10,3,106.00418422583334,1,1,6999.0,0.0,0
180,2026-06-09,4,7,0,0,,11,5,409.22662521194445,1,1,4999.0,0.0,0
181,2026-06-09,3,6,0,0,,9,3,1064.1176911613888,3,2,8110.111111111111,0.0,0
182,2026-06-09,3,5,0,0,,8,3,188.2495689147222,2,2,8499.0,0.0,0
183,2026-06-09,3,7,0,0,,10,3,577.6812515144445,3,3,5999.0,0.0,0
184,2026-06-09,4,6,1,0,,11,4,244.6210404797222,2,2,5726.272727272727,0.0,0
185,2026-06-09,5,9,2,0,,16,5,557.6879872494444,2,1,10249.0,0.0,0
186,2026-06-09,3,3,2,0,,8,3,199.22159999194446,2,2,8499.0,0.0,0
187,2026-06-09,4,7,2,0,,13,4,289.7812340525,2,2,5306.692307692308,0.0,0
188,2026-06-09,1,1,0,1,1.0,4,1,647.0888705899999,1,1,6999.0,6999.0,1
189,2026-06-09,2,4,1,0,,7,2,782.9450514677777,2,2,7570.428571428572,0.0,0
190,2026-06-09,3,8,1,0,,12,3,964.3662847627778,3,3,7332.333333333333,0.0,0
191,2026-06-09,3,9,1,0,,13,3,102.4913641886111,2,2,7460.538461538462,0.0,0
193,2026-06-09,4,9,2,0,,15,3,795.7454464222221,3,2,6865.666666666667,0.0,0
194,2026-06-09,2,4,2,1,,9,2,72.31929312722222,1,1,4999.0,4999.0,0
195,2026-06-09,4,7,1,0,,12,3,147.7345734747222,2,2,6332.333333333333,0.0,0
196,2026-06-09,4,9,4,2,,19,4,7.60199476,1,1,6999.0,6999.0,0
197,2026-06-09,5,8,2,2,,17,5,527.0101002761111,2,1,10881.35294117647,10999.0,0
198,2026-06-09,2,4,1,0,,7,2,513.6837192127778,2,1,10713.285714285714,0.0,0
199,2026-06-09,4,8,1,1,,14,4,706.3448099158333,3,2,7856.142857142857,6999.0,0
200,2026-06-09,5,14,2,5,4.0,30,6,19.67869189388889,3,2,7665.666666666667,8199.0,0
201,2026-06-09,4,7,1,0,,12,4,992.5282924716666,3,2,8832.333333333334,0.0,0
202,2026-06-09,5,13,1,0,,19,5,713.4235514180555,3,2,11209.526315789473,0.0,0
203,2026-06-09,5,10,1,0,,16,4,245.64418866083332,3,3,8624.0,0.0,0
204,2026-06-09,5,8,2,1,,16,5,88.63952650722223,1,1,6999.0,6999.0,0
205,2026-06-09,4,9,2,4,3.0,22,4,257.2988807433333,4,3,11362.636363636364,11499.0,0
206,2026-06-09,2,3,2,1,1.0,9,1,1964.4902646069443,1,1,6999.0,6999.0,0
207,2026-06-09,3,6,0,0,,9,3,358.2074658922222,2,1,9887.888888888889,0.0,0
208,2026-06-09,5,8,0,0,,13,5,611.97093687,4,3,9306.692307692309,0.0,0
209,2026-06-09,5,7,4,0,,16,5,291.73095844111117,1,1,4999.0,0.0,0
210,2026-06-09,5,12,1,0,,18,5,170.34243909166668,3,3,6110.111111111111,0.0,0
211,2026-06-09,2,5,1,0,,8,2,132.29454336,2,1,9499.0,0.0,0
212,2026-06-09,4,8,1,0,,13,4,1239.5620177663889,2,1,10537.461538461539,0.0,0
213,2026-06-09,3,7,0,0,,10,3,65.15257707027777,2,1,10599.0,0.0,0
214,2026-06-09,3,5,1,0,,9,3,5.066653040277778,3,3,10110.111111111111,0.0,0
215,2026-06-09,5,10,1,0,,16,5,45.721203392499994,3,2,10499.0,0.0,0
216,2026-06-09,7,16,3,7,6.0,39,7,175.55653052055555,2,2,7152.846153846154,7284.714285714285,0
217,2026-06-09,2,4,0,0,,6,2,1222.0799860933332,2,2,5665.666666666667,0.0,0
218,2026-06-09,5,7,0,0,,12,5,43.24498034722222,1,1,4999.0,0.0,0
219,2026-06-09,4,8,2,0,,14,5,407.73890468250005,2,1,10999.0,0.0,0
220,2026-06-09,3,7,2,0,,12,3,323.2368999205556,2,1,9665.666666666666,0.0,0
221,2026-06-09,5,11,2,2,1.0,21,5,954.2881568730555,3,2,9189.47619047619,10999.0,0
222,2026-06-09,4,8,0,0,,12,4,21.022333205555555,3,2,7665.666666666667,0.0,0
223,2026-06-09,5,8,3,2,,18,5,426.8534568938889,3,3,6776.777777777777,6999.0,0
224,2026-06-09,4,8,1,4,3.0,20,4,1082.4342478302779,2,2,7099.0,6999.0,0
225,2026-06-09,2,5,1,0,,8,2,75.97561075444445,1,1,6999.0,0.0,0
226,2026-06-09,1,1,0,0,,2,1,1585.9644752019444,1,1,8999.0,0.0,0
227,2026-06-09,4,7,4,0,,15,4,615.0946805411112,3,3,5932.333333333333,0.0,0
228,2026-06-09,6,9,4,2,1.0,22,6,144.51765645666669,2,2,7362.636363636364,6999.0,0
229,2026-06-09,2,2,0,0,,4,2,1213.6360360325002,2,2,8999.0,0.0,0
230,2026-06-09,4,9,1,0,,14,4,906.6075474658332,2,2,6141.857142857143,0.0,0
231,2026-06-09,5,9,1,0,,15,5,21.299953854166667,3,3,6065.666666666667,0.0,0
232,2026-06-09,3,6,0,0,,9,3,394.0041973808333,1,1,6999.0,0.0,0
233,2026-06-09,2,2,0,0,,4,2,37.57533322888889,1,1,12999.0,0.0,0
234,2026-06-09,2,4,1,0,,7,2,1596.0470210922222,3,2,8141.857142857143,0.0,0
235,2026-06-09,3,7,2,1,,13,3,306.6462579263889,2,1,10845.153846153846,12999.0,0
236,2026-06-09,3,6,2,1,,12,3,145.2159317136111,3,2,8665.666666666666,6999.0,0
237,2026-06-09,6,10,3,0,,19,6,103.76827254083332,2,2,5420.0526315789475,0.0,0
238,2026-06-09,4,5,0,0,,9,4,238.32407451444445,1,1,4999.0,0.0,0
239,2026-06-09,4,7,1,0,,12,4,224.63398880611112,2,1,10999.0,0.0,0
240,2026-06-09,5,11,4,3,1.0,24,6,282.38174057833334,4,3,6999.0,7665.666666666667,0
241,2026-06-09,5,9,1,0,,15,5,90.24039531916667,1,1,4999.0,0.0,0
242,2026-06-09,3,9,2,2,,16,3,292.3646387652778,2,2,6749.0,6999.0,0
243,2026-06-09,6,7,1,0,,14,6,82.26914450527778,3,2,7284.714285714285,0.0,0
244,2026-06-09,4,7,1,0,,12,4,229.96917287944444,4,3,9832.333333333334,0.0,0
245,2026-06-09,4,7,4,1,,16,4,111.59271882583334,2,2,5499.0,4999.0,0
246,2026-06-09,3,6,0,0,,9,3,129.0891102075,3,2,8554.555555555555,0.0,0
247,2026-06-09,1,1,0,0,,2,1,1737.5869152658333,1,1,12999.0,0.0,0
248,2026-06-09,3,9,2,1,1.0,16,4,485.4701976133333,2,1,10249.0,8999.0,0
250,2026-06-09,1,3,0,0,,4,1,1075.7843647502777,2,1,11999.0,0.0,0
251,2026-06-09,2,3,0,0,,5,2,683.7529731175,1,1,4999.0,0.0,0
252,2026-06-09,3,7,0,0,,10,3,1259.5150230902777,3,2,8799.0,0.0,0
253,2026-06-09,4,8,0,0,,12,4,150.11198166,2,1,11332.333333333334,0.0,0
254,2026-06-09,3,9,0,0,,12,3,489.217750665,2,2,6665.666666666667,0.0,0
255,2026-06-09,2,4,1,0,,7,2,512.4513569863889,1,1,6999.0,0.0,0
256,2026-06-09,5,10,2,0,,17,5,0.4782929358333334,3,2,6410.764705882353,0.0,0
257,2026-06-09,1,3,1,0,,5,2,1511.6499920102779,1,1,12999.0,0.0,0
258,2026-06-09,6,9,0,0,,15,6,391.64007233194445,2,2,7799.0,0.0,0
259,2026-06-09,6,9,3,6,4.0,28,6,30.633353674722223,2,2,7284.714285714285,7332.333333333333,0
260,2026-06-09,4,8,0,0,,12,4,24.826525703333335,2,1,10332.333333333334,0.0,0
261,2026-06-09,4,8,1,0,,13,4,1054.3530906969445,2,1,10229.76923076923,0.0,0
262,2026-06-09,2,4,1,0,,7,2,21.891725723333334,3,2,8427.57142857143,0.0,0
263,2026-06-09,4,9,2,0,,15,4,153.2179873227778,1,1,6999.0,0.0,0
264,2026-06-09,1,1,0,0,,2,1,1129.397857993889,1,1,4999.0,0.0,0
265,2026-06-09,3,9,1,0,,13,3,187.87003672999998,2,2,7460.538461538462,0.0,0
266,2026-06-09,3,3,0,0,,6,3,453.5369689886111,2,2,7665.666666666667,0.0,0
267,2026-06-09,3,9,1,0,,13,3,1322.661449987222,2,2,5460.538461538462,0.0,0
268,2026-06-09,5,11,1,5,3.0,25,4,306.9489158047222,3,3,6759.0,6599.0,0
269,2026-06-09,4,8,1,0,,13,4,432.9939100727778,4,3,10999.0,0.0,0
270,2026-06-09,3,8,0,0,,11,3,496.7920481408333,2,2,6635.363636363636,0.0,0
271,2026-06-09,2,4,0,0,,6,2,1235.962153636111,3,2,9665.666666666666,0.0,0
272,2026-06-09,7,13,4,3,,27,7,266.7225343597222,1,1,4999.0,4999.0,0
273,2026-06-09,3,5,2,0,,10,3,292.89767306944447,3,3,5599.0,0.0,0
274,2026-06-09,4,8,0,0,,12,5,76.10299901666666,3,3,6165.666666666667,0.0,0
275,2026-06-09,5,9,1,0,,15,5,466.69305934277776,3,3,6732.333333333333,0.0,0
276,2026-06-09,5,9,1,0,,15,5,1203.3727040433332,3,2,7665.666666666667,0.0,0
277,2026-06-09,2,3,0,0,,5,2,181.67029706138888,1,1,4999.0,0.0,0
278,2026-06-09,4,7,0,0,,11,4,317.7466883133333,1,1,6999.0,0.0,0
279,2026-06-09,3,7,0,0,,10,4,249.30862759000001,2,1,9799.0,0.0,0
280,2026-06-09,6,15,4,0,,25,5,841.8118483944444,4,3,5879.0,0.0,0
281,2026-06-09,2,4,2,0,,8,2,1113.7619119111112,2,2,7499.0,0.0,0
282,2026-06-09,4,9,1,0,,14,4,214.4232649786111,3,2,10284.714285714286,0.0,0
283,2026-06-09,6,10,3,6,4.0,29,6,399.1504547025,3,3,7550.724137931034,7665.666666666667,0
284,2026-06-09,3,7,1,0,,11,3,256.70402337694446,2,2,5362.636363636364,0.0,0
285,2026-06-09,5,8,3,5,4.0,25,5,208.3764234377778,3,2,10119.0,9799.0,0
286,2026-06-09,4,10,0,0,,14,4,763.5394994711112,1,1,6999.0,0.0,0
287,2026-06-09,1,2,1,0,,4,1,532.9755807133333,1,1,4999.0,0.0,0
288,2026-06-09,8,16,2,8,5.0,39,7,308.68484209999997,2,1,11460.538461538461,11499.0,1
289,2026-06-09,3,5,1,0,,9,3,84.36341288194446,2,2,7221.222222222223,0.0,0
290,2026-06-09,3,7,0,0,,10,3,950.1565288766666,3,2,8399.0,0.0,0
291,2026-06-09,5,10,0,0,,15,5,517.7382982255556,4,3,8465.666666666666,0.0,0
292,2026-06-09,3,9,1,1,,14,3,680.6623044688888,2,2,6141.857142857143,4999.0,0
293,2026-06-09,5,11,5,1,1.0,23,5,304.1070735430556,2,1,11955.521739130434,12999.0,0
294,2026-06-09,4,6,2,0,,12,4,894.6970574361111,2,2,6832.333333333333,0.0,0
295,2026-06-09,4,8,0,0,,12,4,1111.0812483125,2,1,11665.666666666666,0.0,0
296,2026-06-09,3,8,0,0,,11,3,467.04636293805555,2,2,5362.636363636364,0.0,0
297,2026-06-09,4,9,1,0,,14,4,59.88081176194445,3,2,11427.57142857143,0.0,0
298,2026-06-09,4,11,0,0,,15,4,273.3321007038889,3,2,7532.333333333333,0.0,0
299,2026-06-09,6,9,2,6,5.0,28,6,94.287935835,3,2,8141.857142857143,8332.333333333334,0
300,2026-06-09,5,11,1,0,,17,5,9.287728861666666,3,3,6999.0,0.0,0
301,2026-06-09,5,9,2,0,,16,5,104.2507344175,4,3,10624.0,0.0,0
302,2026-06-09,4,7,2,0,,13,4,16.809777730277776,1,1,6999.0,0.0,0
303,2026-06-09,2,3,0,0,,5,2,593.2833632772222,2,2,8199.0,0.0,0
304,2026-06-09,4,7,1,0,,12,4,363.3336729044445,3,3,5499.0,0.0,0
305,2026-06-09,3,8,0,0,,11,3,268.5665637738889,2,2,5726.272727272727,0.0,0
306,2026-06-09,2,2,0,0,,4,2,534.8072912052778,1,1,4999.0,0.0,0
307,2026-06-09,2,3,0,0,,5,2,211.0820312675,1,1,8999.0,0.0,0
308,2026-06-09,7,13,0,0,,20,7,8.129856325277778,2,2,7599.0,0.0,0
309,2026-06-09,1,3,1,0,,5,1,1480.4682408816668,2,2,8199.0,0.0,0
310,2026-06-09,5,6,3,5,5.0,24,5,58.78740304027778,4,3,9749.0,9399.0,0
311,2026-06-09,2,4,1,0,,7,2,227.89613941416667,1,1,4999.0,0.0,0
312,2026-06-09,2,5,0,0,,7,2,816.1648961802778,2,2,6141.857142857143,0.0,0
313,2026-06-09,7,15,4,2,,28,7,751.0916951488889,3,2,5427.571428571428,4999.0,0
314,2026-06-09,3,6,0,0,,9,3,796.5284805477778,1,1,4999.0,0.0,0
315,2026-06-09,4,7,0,0,,11,5,236.10082860722224,2,2,7180.818181818182,0.0,0
316,2026-06-09,3,8,0,0,,11,3,751.1346393441667,3,2,10999.0,0.0,0
317,2026-06-09,8,15,3,8,6.0,40,8,300.4087998041666,3,2,10999.0,10999.0,0
318,2026-06-09,4,6,0,0,,10,4,173.63487399305558,2,2,7399.0,0.0,0
319,2026-06-09,5,12,3,0,,20,6,39.35894937944444,4,3,8099.0,0.0,0
320,2026-06-09,3,5,0,3,2.0,13,3,569.0097092738888,1,1,4999.0,4999.0,0
321,2026-06-09,2,5,1,0,,8,2,838.6936740994445,3,2,6499.0,0.0,0
322,2026-06-09,1,3,1,0,,5,1,617.0667242338889,2,1,12199.0,0.0,0
323,2026-06-09,5,8,1,5,3.0,22,5,366.231160205,2,2,8089.909090909091,8199.0,0
324,2026-06-09,3,6,1,1,1.0,12,3,141.50602519361112,2,2,5165.666666666667,4999.0,0
325,2026-06-09,3,7,0,0,,10,3,243.27787954444443,2,2,5199.0,0.0,0
326,2026-06-09,2,4,1,0,,7,2,144.2032436225,1,1,4999.0,0.0,0
327,2026-06-09,6,13,2,2,,23,6,304.5304282627778,2,2,5346.826086956522,4999.0,0
328,2026-06-09,4,10,1,1,,16,5,17.170480837777777,3,2,6249.0,4999.0,0
329,2026-06-09,3,3,1,1,1.0,9,3,980.8139419513889,1,1,6999.0,6999.0,0
330,2026-06-09,3,8,0,0,,11,3,1117.6831747533333,2,2,5726.272727272727,0.0,0
331,2026-06-09,2,4,0,0,,6,2,115.5126791886111,2,2,7332.333333333333,0.0,0
332,2026-06-09,3,5,3,0,,11,3,629.4121283172223,1,1,4999.0,0.0,1
333,2026-06-09,2,2,1,1,,6,2,1015.8827942925,1,1,12999.0,12999.0,0
334,2026-06-09,3,6,0,0,,9,3,187.3036958422222,2,2,7221.222222222223,0.0,0
335,2026-06-09,6,13,3,2,,24,6,154.53835543694444,1,1,6999.0,6999.0,0
336,2026-06-09,4,10,0,0,,14,4,143.22478521805556,2,2,6713.285714285715,0.0,0
337,2026-06-09,3,5,1,0,,9,3,1324.4333406536111,3,3,7221.222222222223,0.0,0
338,2026-06-09,4,10,1,0,,15,4,914.7236951158333,2,2,8199.0,0.0,0
339,2026-06-09,3,7,2,1,,13,3,334.58354243944444,2,2,5614.384615384615,4999.0,0
340,2026-06-09,9,17,3,3,,32,9,1.4887500925,3,3,5249.0,4999.0,0
341,2026-06-09,5,9,3,5,3.0,25,5,170.7319536175,2,2,5799.0,5799.0,0
342,2026-06-09,1,2,1,0,,4,1,688.1938739483334,1,1,4999.0,0.0,0
343,2026-06-09,3,5,3,1,,12,3,260.7105602052778,2,2,8332.333333333334,8999.0,0
344,2026-06-09,3,7,3,0,,13,3,437.62418846194447,3,2,11306.692307692309,0.0,1
345,2026-06-09,4,10,3,2,1.0,20,4,228.72577319,1,1,4999.0,4999.0,0
346,2026-06-09,2,4,1,1,,8,2,1049.7705607119444,3,2,10249.0,12999.0,0
347,2026-06-09,4,9,0,1,,14,3,288.4093693122222,1,1,4999.0,4999.0,0
348,2026-06-09,2,4,1,0,,7,2,432.78301402472226,1,1,6999.0,0.0,0
349,2026-06-09,1,1,0,0,,2,1,1573.0347467602778,1,1,8999.0,0.0,0
350,2026-06-09,1,2,0,0,,3,1,101.77681090083334,1,1,4999.0,0.0,0
351,2026-06-09,3,4,0,0,,7,3,999.8488189394445,1,1,4999.0,0.0,0
352,2026-06-09,4,9,0,0,,13,4,44.74855464416667,3,2,11152.846153846154,0.0,0
353,2026-06-09,5,7,4,2,,18,4,113.83921202388889,2,2,7999.0,6999.0,0
354,2026-06-09,5,7,4,2,1.0,19,5,165.70948358249998,2,1,11525.315789473685,10999.0,0
355,2026-06-09,2,5,0,0,,7,2,345.04867106250003,2,1,12427.57142857143,0.0,0
356,2026-06-09,5,11,0,0,,16,5,520.4249945669445,3,3,7124.0,0.0,0
357,2026-06-09,4,10,0,0,,14,4,836.0295830013889,3,2,11284.714285714286,0.0,0
358,2026-06-09,6,12,5,2,,25,6,261.36234972305556,3,3,5239.0,4999.0,0
359,2026-06-09,10,23,7,10,6.0,56,9,273.9896850025,4,3,5641.857142857143,5399.0,0
360,2026-06-09,5,10,2,5,1.0,23,4,284.51040071250003,3,2,10129.434782608696,10199.0,1
361,2026-06-09,6,12,3,6,4.0,31,6,583.8941004233334,3,2,10805.451612903225,10999.0,0
362,2026-06-09,4,9,2,2,,17,4,352.6615574077778,3,3,7234.294117647059,6999.0,0
363,2026-06-09,5,9,1,5,3.0,23,5,159.16132978722223,1,1,4999.0,4999.0,1
364,2026-06-09,4,6,0,0,,10,4,44.53712547888889,3,3,6999.0,0.0,0
365,2026-06-09,4,8,0,0,,12,4,1.6204307583333333,2,1,11665.666666666666,0.0,0
366,2026-06-09,3,6,2,0,,11,3,635.1907438252779,2,2,5544.454545454545,0.0,0
367,2026-06-09,4,8,3,2,,17,4,167.20620395305556,2,2,7351.941176470588,6999.0,0
368,2026-06-09,3,6,0,0,,9,3,1006.2447681052777,2,1,10332.333333333334,0.0,0
369,2026-06-09,2,4,1,1,,8,2,905.3586625191666,2,2,7249.0,6999.0,0
370,2026-06-09,2,4,1,0,,7,2,956.9841388152778,1,1,4999.0,0.0,0
371,2026-06-09,2,5,1,0,,8,2,1677.5821731794445,3,2,8999.0,0.0,0
372,2026-06-09,5,8,2,5,5.0,25,5,380.4245686058333,2,2,5799.0,5799.0,1
373,2026-06-09,4,6,1,0,,11,4,1137.851490871389,2,2,7544.454545454545,0.0,0
374,2026-06-09,2,3,1,0,,6,2,489.3811942702778,2,1,11665.666666666666,0.0,0
375,2026-06-09,2,4,0,0,,6,2,782.0005492758334,2,1,9665.666666666666,0.0,0
376,2026-06-09,4,11,2,1,,18,4,797.9743780625,2,2,5887.888888888889,8999.0,0
377,2026-06-09,9,19,4,9,7.0,48,9,366.3945384836111,3,2,7165.666666666667,6999.0,0
378,2026-06-09,4,9,1,0,,14,4,737.3943958666667,2,2,5570.428571428572,0.0,0
379,2026-06-09,4,10,2,0,,16,4,3.3133783097222222,3,2,10999.0,0.0,0
380,2026-06-09,6,14,4,6,5.0,35,6,94.6950538411111,2,2,5341.857142857143,5665.666666666667,1
381,2026-06-09,3,5,0,0,,8,3,215.35803041833333,2,2,5749.0,0.0,0
382,2026-06-09,2,3,0,0,,5,2,43.193014596944444,2,1,11399.0,0.0,0
383,2026-06-09,5,6,1,0,,12,5,94.6260070175,3,2,11332.333333333334,0.0,0
384,2026-06-09,1,3,0,0,,4,1,348.236289475,2,1,11999.0,0.0,0
385,2026-06-09,4,7,0,0,,11,4,1096.5489271650001,3,2,10453.545454545454,0.0,0
386,2026-06-09,6,10,0,0,,16,6,512.3373913819445,3,2,10999.0,0.0,0
387,2026-06-09,3,6,1,3,2.0,15,3,432.47220015694444,2,1,11132.333333333334,11665.666666666666,0
388,2026-06-09,4,8,3,0,,15,4,863.5251210977777,3,2,8332.333333333334,0.0,0
389,2026-06-09,5,11,2,1,,19,3,357.3339019138889,2,2,7104.263157894737,6999.0,0
390,2026-06-09,7,14,4,0,,25,7,357.90484523416666,2,1,12199.0,0.0,0
391,2026-06-09,1,1,0,0,,2,1,1956.9410936541667,1,1,8999.0,0.0,0
392,2026-06-09,3,8,1,0,,12,3,673.1480688844443,3,2,9332.333333333334,0.0,0
393,2026-06-09,5,9,1,0,,15,5,57.984417990555556,3,2,11265.666666666666,0.0,0
394,2026-06-09,2,3,0,0,,5,2,1418.134384175,1,1,6999.0,0.0,0
395,2026-06-09,2,6,1,0,,9,2,64.34668816527778,3,2,8999.0,0.0,0
396,2026-06-09,4,6,1,0,,11,4,268.76788496638886,1,1,4999.0,0.0,0
397,2026-06-09,7,14,3,1,,25,7,94.777237285,2,2,5959.0,12999.0,0
398,2026-06-09,4,9,3,2,,18,4,746.5408031775,3,2,11443.444444444445,12999.0,0
399,2026-06-09,3,7,0,0,,10,3,761.4299192588888,1,1,6999.0,0.0,0
400,2026-06-09,3,8,0,0,,11,3,801.9247873633333,1,1,4999.0,0.0,0
401,2026-06-09,3,8,0,0,,11,3,456.2383770611111,3,2,10817.181818181818,0.0,0
402,2026-06-09,2,5,1,1,,9,2,269.8346118172222,2,1,9443.444444444445,8999.0,0
403,2026-06-09,5,11,0,0,,16,5,33.46922329916667,3,2,7624.0,0.0,0
404,2026-06-09,4,7,4,4,3.0,22,4,525.1682919111112,2,2,7271.727272727273,6999.0,0
405,2026-06-09,2,4,1,1,1.0,9,2,1009.6066129388889,2,2,6776.777777777777,6999.0,0
406,2026-06-09,3,5,0,0,,8,4,647.9384443275001,2,2,8499.0,0.0,0
407,2026-06-09,4,9,2,0,,15,4,457.3537283605556,4,3,6865.666666666667,0.0,0
408,2026-06-09,1,2,0,0,,3,1,1039.8535232722222,1,1,6999.0,0.0,0
409,2026-06-09,5,11,2,1,,19,4,665.5056774633334,4,3,9946.368421052632,8999.0,0
410,2026-06-09,5,10,1,0,,16,5,0.4892162666666667,2,2,5374.0,0.0,0
411,2026-06-09,4,7,2,1,,14,4,467.80476850944444,2,2,6856.142857142857,6999.0,0
412,2026-06-09,4,7,1,0,,12,4,606.7149971380555,3,3,7499.0,0.0,0
413,2026-06-09,2,3,0,0,,5,2,68.93389439138889,1,1,6999.0,0.0,0
414,2026-06-09,1,1,0,0,,2,1,433.3131786238889,1,1,4999.0,0.0,0
415,2026-06-09,4,6,1,0,,11,4,851.6584828727778,2,2,5726.272727272727,0.0,0
416,2026-06-09,3,8,0,0,,11,3,444.5382946530556,2,2,5726.272727272727,0.0,0
417,2026-06-09,5,10,2,0,,17,6,387.67144989944444,3,3,7351.941176470588,0.0,0
418,2026-06-09,3,7,0,0,,10,3,694.5110995947222,3,3,7999.0,0.0,0
419,2026-06-09,2,3,2,0,,7,2,1594.3249827130555,2,1,9570.42857142857,0.0,0
420,2026-06-09,3,5,0,0,,8,3,246.9904453925,2,1,11499.0,0.0,0
421,2026-06-09,5,9,1,0,,15,5,78.76148433444445,2,2,5265.666666666667,0.0,0
422,2026-06-09,1,2,0,0,,3,1,132.18404332777777,1,1,6999.0,0.0,0
423,2026-06-09,3,5,3,2,1.0,14,3,776.8086584144444,2,2,8284.714285714286,6999.0,0
424,2026-06-09,4,8,2,0,,14,4,614.4019788991666,3,3,5713.285714285715,0.0,0
425,2026-06-09,2,4,1,0,,7,2,1159.4506158552779,2,2,5570.428571428572,0.0,1
426,2026-06-09,3,5,3,3,3.0,17,3,261.59614080222224,2,2,6410.764705882353,6332.333333333333,0
427,2026-06-09,5,8,1,0,,14,5,354.11039712027775,1,1,4999.0,0.0,0
428,2026-06-09,4,8,2,3,,17,4,268.3657101661111,2,1,11351.941176470587,11665.666666666666,0
429,2026-06-09,5,11,3,0,,19,4,869.6925627147223,2,1,11525.315789473685,0.0,0
430,2026-06-09,4,10,0,0,,14,4,1189.0620474516668,2,1,11284.714285714286,0.0,0
432,2026-06-09,1,2,1,0,,4,1,1902.8551995125,1,1,8999.0,0.0,0
433,2026-06-09,3,6,1,3,3.0,16,2,258.60505220666664,2,2,6249.0,6332.333333333333,1
434,2026-06-09,1,2,0,0,,3,1,1134.4942063041667,2,2,10332.333333333334,0.0,0
435,2026-06-09,3,9,1,0,,13,3,432.70684712416664,3,2,6537.461538461538,0.0,0
436,2026-06-09,3,6,0,0,,9,3,654.7594976141668,1,1,6999.0,0.0,0
437,2026-06-09,4,8,3,3,1.0,19,4,1167.0783022938888,1,1,4999.0,4999.0,0
438,2026-06-09,4,9,2,0,,15,4,415.6686849538889,1,1,6999.0,0.0,0
439,2026-06-09,4,8,1,0,,13,4,150.2015634422222,3,3,5922.076923076923,0.0,0
440,2026-06-09,6,13,3,6,4.0,32,7,57.10358493166667,1,1,6999.0,6999.0,1
441,2026-06-09,5,9,1,0,,15,5,989.061591213889,2,2,6065.666666666667,0.0,0
442,2026-06-09,5,11,0,0,,16,5,923.3731947491667,3,3,5374.0,0.0,0
443,2026-06-09,3,8,0,0,,11,4,287.76183669194444,4,3,9726.272727272728,0.0,0
444,2026-06-09,4,8,0,0,,12,4,92.70087574027778,1,1,4999.0,0.0,0
445,2026-06-09,4,7,1,4,3.0,19,5,78.3602966513889,3,3,6788.473684210527,6999.0,1
446,2026-06-09,8,19,4,5,1.0,37,8,269.10683978805554,3,2,11269.27027027027,12199.0,0
447,2026-06-09,3,6,0,0,,9,3,120.34848994277779,2,2,5443.444444444444,0.0,0
448,2026-06-09,2,3,1,0,,6,2,826.049924103611,1,1,8999.0,0.0,0
449,2026-06-09,6,12,2,6,4.0,30,6,610.4314892683334,2,2,5199.0,5332.333333333333,1
450,2026-06-09,3,6,1,0,,10,3,755.2959985888889,1,1,4999.0,0.0,0
451,2026-06-09,4,5,0,0,,9,4,210.51853480055556,1,1,6999.0,0.0,0
452,2026-06-09,3,6,1,0,,10,3,326.38278715416664,2,1,11799.0,0.0,0
453,2026-06-09,3,4,1,0,,8,3,272.3454144663889,2,2,5499.0,0.0,0
454,2026-06-09,3,4,1,0,,8,3,351.8489080675,2,1,10499.0,0.0,0
455,2026-06-09,3,4,1,0,,8,3,127.84341064472223,1,1,6999.0,0.0,0
456,2026-06-09,4,6,2,1,,13,4,822.0418882586112,2,2,5306.692307692308,4999.0,0
457,2026-06-09,1,3,0,0,,4,1,1438.0504004697223,1,1,6999.0,0.0,0
458,2026-06-09,3,5,1,0,,9,3,617.0094399477778,2,1,11221.222222222223,0.0,0
459,2026-06-09,4,6,1,0,,11,4,599.1744177486111,3,2,10817.181818181818,0.0,0
460,2026-06-09,1,2,0,0,,3,1,1884.0818560291666,2,1,10332.333333333334,0.0,0
461,2026-06-09,2,2,0,0,,4,2,201.40486148944444,1,1,4999.0,0.0,0
462,2026-06-09,4,8,0,0,,12,4,108.14391007777778,3,3,6999.0,0.0,0
463,2026-06-09,3,3,0,0,,6,3,355.00497636194444,2,2,10999.0,0.0,0
464,2026-06-09,6,10,4,1,,21,6,553.8163592744445,2,2,8427.57142857143,6999.0,0
465,2026-06-09,3,6,1,1,,11,3,107.0748237988889,1,1,4999.0,4999.0,0
466,2026-06-09,5,10,2,0,,17,5,295.3058910513889,3,3,5587.235294117647,0.0,0
467,2026-06-09,5,12,0,0,,17,7,319.18322785361113,2,2,6763.705882352941,0.0,0
468,2026-06-09,2,5,0,0,,7,2,490.71758402833336,2,1,11284.714285714286,0.0,0
469,2026-06-09,4,10,1,0,,15,4,1050.2164896830554,2,1,9532.333333333334,0.0,0
470,2026-06-09,4,8,1,4,,17,4,44.4506188875,2,2,8763.70588235294,8499.0,1
471,2026-06-09,4,11,2,4,3.0,24,4,178.1225264986111,1,1,6999.0,6999.0,1
472,2026-06-09,2,4,0,0,,6,2,1299.3726632088888,1,1,6999.0,0.0,0
473,2026-06-09,5,7,1,0,,13,5,519.7338037213889,4,3,7768.2307692307695,0.0,0
474,2026-06-09,2,6,0,0,,8,2,404.4348184011111,2,1,10499.0,0.0,0
475,2026-06-09,2,4,0,0,,6,2,489.5192274633333,1,1,12999.0,0.0,0
476,2026-06-09,2,5,1,0,,8,2,427.83311267805556,2,2,7749.0,0.0,0
477,2026-06-09,1,3,0,1,,5,1,864.0274279480556,3,3,6999.0,6999.0,1
478,2026-06-09,5,11,0,0,,16,5,453.75610555055556,3,3,8249.0,0.0,0
479,2026-06-09,6,12,0,0,,18,6,291.0812450402778,3,2,10554.555555555555,0.0,0
480,2026-06-09,4,9,1,0,,14,4,265.77047786527777,1,1,4999.0,0.0,0
481,2026-06-09,6,15,3,0,,24,6,24.10305174222222,1,1,4999.0,0.0,0
482,2026-06-09,4,7,0,0,,11,4,222.9608853561111,1,1,6999.0,0.0,0
483,2026-06-09,3,5,3,2,,13,3,60.33750484916667,1,1,4999.0,4999.0,0
484,2026-06-09,3,8,0,0,,11,3,307.3625378622222,3,2,8999.0,0.0,0
485,2026-06-09,6,14,1,0,,21,7,273.79983874277775,4,3,7475.190476190476,0.0,0
486,2026-06-09,2,5,1,0,,8,2,613.2429783572221,2,2,6249.0,0.0,0
487,2026-06-09,2,4,0,0,,6,2,571.1163568827777,2,1,9665.666666666666,0.0,0
488,2026-06-09,3,4,0,0,,7,3,125.98984962777777,1,1,4999.0,0.0,0
489,2026-06-09,5,10,1,1,,17,5,113.60517635,2,2,7704.882352941177,6999.0,0
490,2026-06-09,3,6,0,0,,9,3,1245.7161128494445,2,1,11665.666666666666,0.0,0
491,2026-06-09,8,16,5,8,7.0,44,9,359.74184311888894,1,1,4999.0,4999.0,0
492,2026-06-09,6,12,1,0,,19,6,166.79832194388888,4,3,8788.473684210527,0.0,0
493,2026-06-09,4,10,4,1,,19,4,358.34611146388886,1,1,6999.0,6999.0,0
494,2026-06-09,5,7,2,0,,14,6,479.82715106916663,3,2,10141.857142857143,0.0,0
495,2026-06-09,1,3,0,0,,4,1,608.6591642619444,1,1,8999.0,0.0,0
496,2026-06-09,4,6,0,0,,10,4,419.1201071575,1,1,4999.0,0.0,0
497,2026-06-09,3,6,0,0,,9,3,1001.1435859308334,2,1,12110.111111111111,0.0,0
498,2026-06-09,4,7,0,0,,11,4,542.7082600397222,1,1,4999.0,0.0,0
499,2026-06-09,1,2,0,0,,3,1,1210.3391954747224,1,1,6999.0,0.0,0
500,2026-06-09,3,7,1,0,,11,3,154.41900337694446,2,2,7180.818181818182,0.0,0
5,2026-06-16,3,6,1,0,,10,3,1192.3963348141667,4,3,7199.0,0.0,0
6,2026-06-16,6,12,1,0,,19,6,13.383803396666666,2,2,7314.789473684211,0.0,0
7,2026-06-16,3,4,0,3,2.0,12,3,751.8775698116666,2,2,5665.666666666667,5665.666666666667,1
8,2026-06-16,5,10,4,0,,19,5,184.6094924658333,4,3,10367.421052631578,0.0,0
9,2026-06-16,4,7,1,0,,12,5,455.9172605994445,2,1,10665.666666666666,0.0,0
10,2026-06-16,2,5,0,0,,7,2,159.01222055805556,1,1,6999.0,0.0,0
11,2026-06-16,2,4,0,0,,6,2,591.3669298041666,2,2,6332.333333333333,0.0,0
12,2026-06-16,2,6,0,0,,8,2,1800.6255626233333,2,2,5999.0,0.0,0
13,2026-06-16,3,5,3,0,,11,3,1144.580776613611,2,2,7544.454545454545,0.0,0
14,2026-06-16,3,7,0,0,,10,3,20.040996306666667,1,1,4999.0,0.0,0
15,2026-06-16,4,6,1,4,2.0,17,4,674.9759047547223,3,2,7587.235294117647,6999.0,1
16,2026-06-16,3,9,1,0,,13,3,367.74603389472225,3,3,5460.538461538462,0.0,0
17,2026-06-16,3,4,2,0,,9,2,146.73293226694446,2,2,6332.333333333333,0.0,0
18,2026-06-16,3,6,0,0,,9,3,429.39932280277776,3,2,11443.444444444445,0.0,0
19,2026-06-16,3,5,2,0,,10,2,1282.430709901389,2,2,6199.0,0.0,0
20,2026-06-16,6,10,4,0,,20,6,734.2842104016667,4,3,10299.0,0.0,0
21,2026-06-16,2,5,0,0,,7,2,540.4232834088889,2,1,10141.857142857143,0.0,0
22,2026-06-16,3,5,2,3,3.0,16,3,1115.0595843505555,3,2,10124.0,10332.333333333334,1
23,2026-06-16,6,10,2,0,,18,6,6.2914135725,2,2,6332.333333333333,0.0,0
24,2026-06-16,2,4,0,0,,6,2,952.3529337325,2,1,10332.333333333334,0.0,0
25,2026-06-16,5,6,1,0,,12,5,982.6713998377777,2,2,6665.666666666667,0.0,0
26,2026-06-16,5,10,5,2,,22,5,42.2014119625,1,1,4999.0,4999.0,0
27,2026-06-16,3,4,0,0,,7,3,1512.1147641530556,3,3,8141.857142857143,0.0,0
28,2026-06-16,5,10,1,0,,16,4,356.69034738722223,3,3,7249.0,0.0,0
29,2026-06-16,2,3,2,1,,8,2,367.97516816694446,2,2,5999.0,4999.0,0
30,2026-06-16,4,6,1,0,,11,4,557.0783456497222,3,3,7726.272727272727,0.0,0
31,2026-06-16,4,7,2,3,,16,4,1788.3418727769445,3,2,10124.0,10332.333333333334,0
32,2026-06-16,2,3,2,0,,7,2,823.4303732711112,2,2,8141.857142857143,0.0,0
33,2026-06-16,4,8,4,2,,18,4,220.5705998022222,3,2,9887.888888888889,7999.0,0
34,2026-06-16,2,2,1,0,,5,2,1559.4881335263888,2,2,6199.0,0.0,0
35,2026-06-16,3,5,1,0,,9,3,630.6455476625,3,3,8110.111111111111,0.0,0
36,2026-06-16,6,14,4,3,,27,6,77.29261742972223,4,3,7665.666666666667,7665.666666666667,0
37,2026-06-16,3,4,2,0,,9,2,890.9344885238888,1,1,4999.0,0.0,0
38,2026-06-16,3,6,2,1,,12,3,703.3449612763889,2,1,11332.333333333334,12999.0,0
39,2026-06-16,6,11,2,3,1.0,23,6,113.44930239861111,2,2,5346.826086956522,4999.0,0
40,2026-06-16,3,8,2,1,,14,3,308.1388681288889,3,2,10713.285714285714,6999.0,0
41,2026-06-16,4,9,0,0,,13,4,520.4180377008333,3,2,9460.538461538461,0.0,0
42,2026-06-16,3,8,1,0,,12,3,272.2663114272222,2,2,6332.333333333333,0.0,0
43,2026-06-16,3,6,1,2,,12,3,76.14492432916666,3,2,11832.333333333334,12999.0,0
44,2026-06-16,5,12,1,0,,18,6,359.97823453111107,2,2,5221.222222222223,0.0,0
45,2026-06-16,4,8,0,0,,12,4,363.349637185,2,1,11665.666666666666,0.0,0
46,2026-06-16,4,10,0,0,,14,4,44.356043019999994,3,2,10141.857142857143,0.0,0
47,2026-06-16,3,7,0,0,,10,3,947.2595660461111,3,3,6799.0,0.0,0
48,2026-06-16,3,5,0,0,,8,3,90.02965783055555,2,2,6999.0,0.0,0
49,2026-06-16,6,13,3,1,,23,6,56.57057343333333,2,2,5172.913043478261,4999.0,0
50,2026-06-16,3,4,0,0,,7,3,516.2731213347223,1,1,6999.0,0.0,0
51,2026-06-16,6,13,1,0,,20,6,266.9344029927778,3,2,10999.0,0.0,0
52,2026-06-16,5,10,2,2,,19,5,7.746515965833333,3,2,8999.0,7999.0,0
53,2026-06-16,5,10,0,0,,15,5,127.38119701222222,2,2,5265.666666666667,0.0,0
54,2026-06-16,1,3,0,0,,4,1,1440.5936031877777,3,2,10499.0,0.0,0
55,2026-06-16,5,10,1,0,,16,5,248.72603637694445,1,1,4999.0,0.0,0
56,2026-06-16,3,5,0,0,,8,3,1980.8187709219444,2,2,5999.0,0.0,0
57,2026-06-16,4,5,3,0,,12,4,268.1278863383333,1,1,4999.0,0.0,0
58,2026-06-16,2,5,1,0,,8,2,604.270755498611,1,1,4999.0,0.0,0
59,2026-06-16,2,4,0,0,,6,2,303.21565316194443,2,2,8999.0,0.0,0
60,2026-06-16,3,7,2,1,,13,3,936.4110094433333,1,1,4999.0,4999.0,0
61,2026-06-16,3,5,0,0,,8,3,740.4954059416666,2,2,8249.0,0.0,0
62,2026-06-16,4,9,0,0,,13,4,104.6575438525,2,2,5306.692307692308,0.0,0
63,2026-06-16,2,5,1,0,,8,2,170.13509192444445,1,1,6999.0,0.0,0
64,2026-06-16,6,15,3,3,,27,6,13.371716498888889,2,2,5295.2962962962965,4999.0,0
65,2026-06-16,2,5,0,0,,7,2,1289.9934022116665,3,2,8141.857142857143,0.0,0
66,2026-06-16,6,9,4,2,,21,6,195.09500779277778,3,3,7284.714285714285,6999.0,0
67,2026-06-16,3,8,1,0,,12,3,377.1951884727778,2,1,10999.0,0.0,0
68,2026-06-16,5,9,0,0,,14,5,193.32506074527777,2,1,11570.42857142857,0.0,0
70,2026-06-16,6,8,0,0,,14,6,20.908923667777778,3,3,7141.857142857143,0.0,0
71,2026-06-16,4,7,2,4,3.0,20,3,502.6385763561111,1,1,6999.0,6999.0,0
72,2026-06-16,3,6,0,0,,9,3,411.54964935055557,2,2,7665.666666666667,0.0,0
73,2026-06-16,6,10,2,0,,18,6,538.5094032508333,2,2,5110.111111111111,0.0,0
74,2026-06-16,7,11,2,0,,20,6,285.56000788555554,3,3,6999.0,0.0,0
75,2026-06-16,7,16,6,1,,30,7,117.42179591055556,4,3,9065.666666666666,8999.0,0
76,2026-06-16,4,8,0,0,,12,4,19.198862575277776,3,2,7665.666666666667,0.0,0
77,2026-06-16,5,10,3,0,,18,5,552.2014339080556,2,2,7332.333333333333,0.0,0
78,2026-06-16,4,9,0,0,,13,4,445.9723972613889,3,3,5768.2307692307695,0.0,0
79,2026-06-16,5,9,3,0,,17,5,659.1481166519444,2,2,7351.941176470588,0.0,0
80,2026-06-16,6,15,2,0,,23,6,112.67388133416667,4,3,7781.608695652174,0.0,0
81,2026-06-16,5,11,2,0,,18,4,7.134703775277778,2,2,6443.444444444444,0.0,0
82,2026-06-16,7,14,4,3,,28,7,107.64303029305556,3,2,11927.57142857143,12999.0,0
83,2026-06-16,6,15,0,0,,21,6,158.45300525,3,2,10713.285714285714,0.0,0
84,2026-06-16,5,8,3,3,,19,4,643.3306775975,2,2,5420.0526315789475,4999.0,0
85,2026-06-16,4,7,1,4,4.0,20,4,202.98304343777775,3,3,5899.0,5499.0,0
86,2026-06-16,6,14,2,0,,22,6,940.7209880238889,2,2,5726.272727272727,0.0,0
87,2026-06-16,4,10,0,0,,14,4,806.9662161911111,2,2,7427.571428571428,0.0,0
88,2026-06-16,2,4,2,1,,9,2,135.8067655836111,2,2,6776.777777777777,6999.0,0
89,2026-06-16,3,4,0,0,,7,3,613.3614519236112,1,1,4999.0,0.0,0
90,2026-06-16,3,6,0,0,,9,3,605.0083059183333,2,1,9443.444444444445,0.0,0
91,2026-06-16,4,10,1,0,,15,4,351.6849330472223,3,2,10599.0,0.0,0
92,2026-06-16,1,2,0,0,,3,1,1809.136727543889,1,1,8999.0,0.0,0
93,2026-06-16,7,14,2,7,4.0,34,6,64.01879431944445,2,2,7881.35294117647,7856.142857142857,1
94,2026-06-16,4,7,1,0,,12,4,176.9375775,2,2,5665.666666666667,0.0,0
95,2026-06-16,4,5,2,0,,11,4,1070.8482617508332,4,3,7362.636363636364,0.0,0
96,2026-06-16,4,8,3,4,3.0,22,4,297.2456504502778,2,2,7362.636363636364,7499.0,0
97,2026-06-16,4,8,1,0,,13,4,1032.4616164783333,3,2,9922.076923076924,0.0,0
98,2026-06-16,3,4,0,0,,7,3,431.45428164555557,2,2,7570.428571428572,0.0,0
99,2026-06-16,6,15,1,0,,22,5,294.99928950944445,2,2,6817.181818181818,0.0,0
100,2026-06-16,5,6,1,0,,12,5,483.08601114972225,4,3,7665.666666666667,0.0,0
101,2026-06-16,8,17,6,4,,35,8,253.37068144638891,3,2,10713.285714285714,9499.0,0
102,2026-06-16,4,7,4,4,3.0,22,4,728.5824387291666,2,2,5180.818181818182,4999.0,0
103,2026-06-16,7,11,1,0,,19,7,129.94393662277778,3,2,9630.578947368422,0.0,0
104,2026-06-16,4,9,0,0,,13,4,48.64146156888889,2,2,7460.538461538462,0.0,0
105,2026-06-16,5,12,2,1,,20,5,681.0677837969445,3,2,11599.0,12999.0,0
106,2026-06-16,6,7,2,0,,15,5,4.08030342,1,1,6999.0,0.0,0
107,2026-06-16,3,8,0,0,,11,3,1252.8976097052778,2,2,6635.363636363636,0.0,0
108,2026-06-16,4,9,0,0,,13,4,855.6397313886112,2,1,10845.153846153846,0.0,0
109,2026-06-16,4,10,1,0,,15,4,406.06582954333334,2,2,5265.666666666667,0.0,0
110,2026-06-16,4,7,1,0,,12,4,33.9562885525,1,1,4999.0,0.0,0
111,2026-06-16,3,7,2,0,,12,3,545.9944217186112,4,3,9165.666666666666,0.0,0
112,2026-06-16,5,9,4,0,,18,5,307.1193112330556,2,2,5443.444444444444,0.0,0
113,2026-06-16,5,9,1,5,4.0,24,5,990.2716841363889,3,2,9499.0,9799.0,1
114,2026-06-16,7,14,1,0,,22,7,369.5520261952778,2,1,10999.0,0.0,0
115,2026-06-16,1,1,0,0,,2,1,960.4631359297222,1,1,6999.0,0.0,0
116,2026-06-16,3,6,0,0,,9,3,1169.1445190758334,1,1,6999.0,0.0,0
117,2026-06-16,2,3,1,0,,6,2,532.0858701125001,2,2,7665.666666666667,0.0,0
118,2026-06-16,5,10,3,2,,20,5,162.30350292277777,3,2,7599.0,6999.0,0
119,2026-06-16,7,15,1,0,,23,7,292.3365330075,3,2,10477.260869565218,0.0,0
120,2026-06-16,3,7,1,0,,11,3,108.95443105888889,3,2,8453.545454545454,0.0,0
121,2026-06-16,3,7,0,0,,10,2,18.703075479166667,2,2,5799.0,0.0,0
122,2026-06-16,3,5,2,1,,11,3,349.0020362869445,2,2,6271.727272727273,4999.0,0
123,2026-06-16,4,8,1,0,,13,4,72.95396701638889,1,1,6999.0,0.0,0
124,2026-06-16,5,8,0,0,,13,5,442.7051807872222,1,1,6999.0,0.0,0
125,2026-06-16,3,6,2,1,,12,3,377.83442227,1,1,6999.0,6999.0,0
126,2026-06-16,4,7,2,0,,13,4,172.1828396125,2,2,5460.538461538462,0.0,0
127,2026-06-16,4,8,1,0,,13,4,207.7478319636111,1,1,4999.0,0.0,0
128,2026-06-16,6,12,4,1,,23,6,148.74917768833333,2,1,12129.434782608696,12999.0,0
129,2026-06-16,6,12,4,1,,23,6,496.5212691313889,3,2,8129.434782608696,8999.0,0
130,2026-06-16,3,6,2,0,,11,3,659.4601962950001,3,2,11908.09090909091,0.0,0
131,2026-06-16,1,1,0,0,,2,1,41.87134233166667,1,1,4999.0,0.0,0
132,2026-06-16,2,3,2,1,1.0,9,2,342.7122570822222,1,1,4999.0,4999.0,0
133,2026-06-16,3,4,3,2,1.0,13,3,203.16161782861113,2,2,6383.615384615385,5999.0,0
135,2026-06-16,3,4,1,0,,8,3,716.4030683558333,3,2,11249.0,0.0,0
136,2026-06-16,3,7,1,0,,11,3,357.19376430694444,1,1,4999.0,0.0,0
137,2026-06-16,5,7,1,5,2.0,20,5,202.53844745777778,2,2,5799.0,5799.0,0
138,2026-06-16,5,12,1,0,,18,5,43.750402700833334,2,2,6776.777777777777,0.0,0
139,2026-06-16,3,7,0,0,,10,3,1094.7240695005555,1,1,6999.0,0.0,0
140,2026-06-16,5,8,0,0,,13,5,75.24591888444445,2,2,6229.7692307692305,0.0,0
141,2026-06-16,3,5,0,0,,8,2,1613.4774789527778,2,2,6749.0,0.0,0
142,2026-06-16,6,14,4,6,4.0,34,6,1.4705666697222222,3,3,6763.705882352941,6665.666666666667,0
143,2026-06-16,2,5,2,0,,9,2,984.5837215397222,1,1,6999.0,0.0,0
144,2026-06-16,6,13,3,4,1.0,27,7,101.03637231555555,2,2,5369.37037037037,5499.0,0
145,2026-06-16,6,12,4,2,,24,6,218.03315541166666,3,2,11332.333333333334,10999.0,0
146,2026-06-16,7,15,4,7,6.0,39,7,275.78749996694444,1,1,4999.0,4999.0,0
147,2026-06-16,2,3,0,0,,5,2,123.6406370088889,2,1,10599.0,0.0,0
148,2026-06-16,3,7,1,0,,11,4,887.5100716733334,1,1,4999.0,0.0,0
149,2026-06-16,3,7,0,0,,10,3,990.6941204486111,3,2,8399.0,0.0,0
150,2026-06-16,2,6,0,0,,8,2,993.6655707263889,2,2,5249.0,0.0,0
151,2026-06-16,4,8,2,0,,14,4,248.9956328525,2,1,11284.714285714286,0.0,0
152,2026-06-16,2,3,0,0,,5,2,761.4164709508334,2,2,5799.0,0.0,0
153,2026-06-16,3,8,0,0,,11,3,549.8016702316667,3,2,10271.727272727272,0.0,0
154,2026-06-16,1,2,1,0,,4,1,2125.978018893889,1,1,6999.0,0.0,0
155,2026-06-16,2,2,0,0,,4,2,1881.236621787222,2,2,5999.0,0.0,0
156,2026-06-16,3,4,2,1,,10,3,135.2918194138889,2,2,8199.0,6999.0,0
157,2026-06-16,8,14,3,8,6.0,39,8,200.26738541083333,4,3,5922.076923076923,5749.0,1
158,2026-06-16,2,5,1,0,,8,2,971.8558850555555,1,1,12999.0,0.0,0
159,2026-06-16,4,7,0,0,,11,4,183.87618181000002,3,3,5726.272727272727,0.0,0
160,2026-06-16,1,2,0,0,,3,1,1033.6082633480555,1,1,6999.0,0.0,0
161,2026-06-16,5,10,0,0,,15,5,279.1096308288889,2,2,7132.333333333333,0.0,0
162,2026-06-16,3,6,1,3,3.0,16,3,897.3204375936111,2,2,5999.0,6332.333333333333,1
163,2026-06-16,2,3,0,1,,6,2,1270.1906148669445,1,1,8999.0,8999.0,0
164,2026-06-16,8,15,4,8,6.0,41,7,167.04547522333334,3,2,7828.268292682927,8249.0,0
165,2026-06-16,6,14,3,6,6.0,35,6,93.24275994416668,3,2,9341.857142857143,8999.0,1
166,2026-06-16,8,17,6,8,6.0,45,8,900.1539943936111,3,3,7132.333333333333,6999.0,0
167,2026-06-16,5,8,4,1,1.0,19,5,157.13043459000002,3,2,10367.421052631578,8999.0,0
168,2026-06-16,6,13,3,6,4.0,32,6,154.73474584638888,2,2,7749.0,8999.0,1
169,2026-06-16,2,3,0,0,,5,2,1721.6580606883333,1,1,8999.0,0.0,0
170,2026-06-16,6,10,0,0,,16,6,95.62541660305556,2,1,11749.0,0.0,0
171,2026-06-16,7,16,3,3,1.0,30,7,14.720301575833334,4,3,7599.0,6999.0,0
172,2026-06-16,4,9,0,0,,13,4,613.788094545,3,2,7614.384615384615,0.0,0
173,2026-06-16,3,5,0,0,,8,3,550.6592439052778,3,3,7249.0,0.0,0
174,2026-06-16,1,3,1,0,,5,1,207.63789274277778,1,1,4999.0,0.0,0
175,2026-06-16,6,12,2,0,,20,6,97.14675096027779,3,2,9999.0,0.0,0
176,2026-06-16,4,10,3,2,,19,4,657.2379986605555,1,1,4999.0,4999.0,0
177,2026-06-16,6,9,3,0,,18,6,274.72538805,1,1,4999.0,0.0,0
178,2026-06-16,4,8,1,0,,13,4,805.6363787461111,3,2,9614.384615384615,0.0,0
179,2026-06-16,3,7,0,0,,10,3,274.00418422583334,1,1,6999.0,0.0,0
180,2026-06-16,4,7,0,0,,11,5,577.2266252119445,1,1,4999.0,0.0,0
181,2026-06-16,4,7,0,0,,11,4,161.88615110833334,3,2,8271.727272727272,0.0,0
182,2026-06-16,3,5,0,0,,8,3,356.24956891472226,2,2,8499.0,0.0,0
183,2026-06-16,3,7,0,0,,10,3,745.6812515144445,3,3,5999.0,0.0,0
184,2026-06-16,4,6,1,0,,11,4,412.62104047972224,2,2,5726.272727272727,0.0,0
185,2026-06-16,5,9,2,0,,16,5,725.6879872494444,2,1,10249.0,0.0,0
186,2026-06-16,3,3,2,0,,8,3,367.22159999194446,2,2,8499.0,0.0,0
187,2026-06-16,4,7,2,0,,13,4,457.78123405250005,2,2,5306.692307692308,0.0,0
188,2026-06-16,3,3,1,3,3.0,13,3,27.632508708888892,1,1,6999.0,6999.0,1
189,2026-06-16,3,6,1,0,,10,3,102.62163559416666,2,2,7399.0,0.0,0
190,2026-06-16,3,8,1,0,,12,3,1132.366284762778,3,3,7332.333333333333,0.0,0
191,2026-06-16,3,9,1,0,,13,3,270.4913641886111,2,2,7460.538461538462,0.0,0
193,2026-06-16,5,10,2,0,,17,4,145.69301686277777,3,2,6646.058823529412,0.0,0
194,2026-06-16,2,4,2,1,,9,2,240.3192931272222,1,1,4999.0,4999.0,1
195,2026-06-16,4,7,1,0,,12,3,315.73457347472225,2,2,6332.333333333333,0.0,0
196,2026-06-16,4,9,4,2,,19,4,175.60199476,1,1,6999.0,6999.0,0
197,2026-06-16,5,8,2,2,,17,5,695.0101002761111,2,1,10881.35294117647,10999.0,0
198,2026-06-16,2,4,1,0,,7,2,681.6837192127778,2,1,10713.285714285714,0.0,0
199,2026-06-16,4,8,1,1,,14,4,874.3448099158333,3,2,7856.142857142857,6999.0,0
200,2026-06-16,5,14,2,5,4.0,30,6,187.6786918938889,3,2,7665.666666666667,8199.0,0
201,2026-06-16,6,9,1,0,,16,6,115.07922469638889,4,3,8374.0,0.0,0
202,2026-06-16,5,13,1,0,,19,5,881.4235514180555,3,2,11209.526315789473,0.0,0
203,2026-06-16,5,10,1,0,,16,4,413.6441886608334,3,3,8624.0,0.0,0
204,2026-06-16,5,8,2,1,,16,5,256.63952650722223,1,1,6999.0,6999.0,0
205,2026-06-16,4,9,2,4,3.0,22,4,425.2988807433333,4,3,11362.636363636364,11499.0,0
206,2026-06-16,2,3,2,1,1.0,9,1,2132.4902646069445,1,1,6999.0,6999.0,0
207,2026-06-16,3,6,0,0,,9,3,526.2074658922222,2,1,9887.888888888889,0.0,0
208,2026-06-16,5,8,0,0,,13,5,779.97093687,4,3,9306.692307692309,0.0,0
209,2026-06-16,6,8,4,0,,18,6,148.19928448333334,1,1,4999.0,0.0,0
210,2026-06-16,5,12,1,0,,18,5,338.3424390916667,3,3,6110.111111111111,0.0,0
211,2026-06-16,2,5,1,0,,8,2,300.29454336,2,1,9499.0,0.0,0
212,2026-06-16,4,8,1,0,,13,4,1407.5620177663889,2,1,10537.461538461539,0.0,0
213,2026-06-16,3,7,0,0,,10,3,233.15257707027777,2,1,10599.0,0.0,0
214,2026-06-16,4,6,1,0,,11,4,90.48119899555556,3,3,9544.454545454546,0.0,0
215,2026-06-16,6,13,2,1,,22,6,161.39469268222223,3,2,11180.818181818182,12999.0,0
216,2026-06-16,7,16,3,7,6.0,39,7,343.55653052055555,2,2,7152.846153846154,7284.714285714285,0
217,2026-06-16,2,4,0,0,,6,2,1390.0799860933332,2,2,5665.666666666667,0.0,0
218,2026-06-16,5,7,0,0,,12,5,211.24498034722222,1,1,4999.0,0.0,0
219,2026-06-16,5,9,2,0,,16,6,84.77922197777778,2,1,10749.0,0.0,0
220,2026-06-16,3,7,2,0,,12,3,491.2368999205556,2,1,9665.666666666666,0.0,0
221,2026-06-16,6,14,2,2,1.0,25,6,3.7239725380555555,3,2,9159.0,10999.0,0
222,2026-06-16,4,8,0,0,,12,4,189.02233320555555,3,2,7665.666666666667,0.0,0
223,2026-06-16,5,8,3,2,,18,5,594.8534568938888,3,3,6776.777777777777,6999.0,0
224,2026-06-16,4,8,1,4,3.0,20,4,1250.4342478302779,2,2,7099.0,6999.0,0
225,2026-06-16,2,5,1,0,,8,2,243.97561075444443,1,1,6999.0,0.0,0
226,2026-06-16,1,1,0,0,,2,1,1753.9644752019444,1,1,8999.0,0.0,0
227,2026-06-16,4,7,4,0,,15,4,783.0946805411112,3,3,5932.333333333333,0.0,0
228,2026-06-16,6,9,4,2,1.0,22,6,312.5176564566667,2,2,7362.636363636364,6999.0,0
229,2026-06-16,2,2,0,0,,4,2,1381.6360360325002,2,2,8999.0,0.0,0
230,2026-06-16,4,9,1,0,,14,4,1074.6075474658332,2,2,6141.857142857143,0.0,0
231,2026-06-16,5,9,1,0,,15,5,189.29995385416666,3,3,6065.666666666667,0.0,0
232,2026-06-16,3,6,0,0,,9,3,562.0041973808334,1,1,6999.0,0.0,0
233,2026-06-16,2,2,0,0,,4,2,205.5753332288889,1,1,12999.0,0.0,0
234,2026-06-16,2,4,1,0,,7,2,1764.0470210922222,3,2,8141.857142857143,0.0,0
235,2026-06-16,3,7,2,1,,13,3,474.6462579263889,2,1,10845.153846153846,12999.0,0
236,2026-06-16,3,6,2,1,,12,3,313.2159317136111,3,2,8665.666666666666,6999.0,0
237,2026-06-16,6,10,3,0,,19,6,271.7682725408333,2,2,5420.0526315789475,0.0,0
238,2026-06-16,4,5,0,0,,9,4,406.3240745144444,1,1,4999.0,0.0,0
239,2026-06-16,5,10,2,0,,17,5,0.8293557333333333,3,2,10999.0,0.0,0
240,2026-06-16,5,11,4,3,1.0,24,6,450.38174057833334,4,3,6999.0,7665.666666666667,0
241,2026-06-16,5,9,1,0,,15,5,258.2403953191667,1,1,4999.0,0.0,0
242,2026-06-16,3,9,2,2,,16,3,460.3646387652778,2,2,6749.0,6999.0,0
243,2026-06-16,6,7,1,0,,14,6,250.26914450527778,3,2,7284.714285714285,0.0,0
244,2026-06-16,5,9,1,0,,15,5,16.844535619444443,4,3,9665.666666666666,0.0,0
245,2026-06-16,4,7,4,1,,16,4,279.59271882583334,2,2,5499.0,4999.0,0
246,2026-06-16,3,6,0,0,,9,3,297.08911020749997,3,2,8554.555555555555,0.0,0
247,2026-06-16,2,4,0,0,,6,2,74.05522040055556,3,2,9665.666666666666,0.0,0
248,2026-06-16,3,9,2,1,1.0,16,4,653.4701976133333,2,1,10249.0,8999.0,0
250,2026-06-16,1,3,0,0,,4,1,1243.7843647502777,2,1,11999.0,0.0,0
251,2026-06-16,3,6,0,0,,9,3,72.72760039083333,2,2,5221.222222222223,0.0,0
252,2026-06-16,4,9,0,0,,13,4,125.84583602055555,3,2,8383.615384615385,0.0,0
253,2026-06-16,4,8,0,0,,12,4,318.11198165999997,2,1,11332.333333333334,0.0,0
254,2026-06-16,3,9,0,0,,12,3,657.217750665,2,2,6665.666666666667,0.0,0
255,2026-06-16,2,4,1,0,,7,2,680.451356986389,1,1,6999.0,0.0,0
256,2026-06-16,5,10,2,0,,17,5,168.4782929358333,3,2,6410.764705882353,0.0,0
257,2026-06-16,1,3,1,0,,5,2,1679.6499920102779,1,1,12999.0,0.0,0
258,2026-06-16,6,9,0,0,,15,6,559.6400723319445,2,2,7799.0,0.0,0
259,2026-06-16,6,9,3,6,4.0,28,6,198.6333536747222,2,2,7284.714285714285,7332.333333333333,0
260,2026-06-16,4,8,0,0,,12,4,192.82652570333332,2,1,10332.333333333334,0.0,0
261,2026-06-16,4,8,1,0,,13,4,1222.3530906969443,2,1,10229.76923076923,0.0,0
262,2026-06-16,2,4,1,0,,7,2,189.89172572333334,3,2,8427.57142857143,0.0,0
263,2026-06-16,4,9,2,0,,15,4,321.21798732277773,1,1,6999.0,0.0,0
264,2026-06-16,1,1,0,0,,2,1,1297.3978579938887,1,1,4999.0,0.0,0
265,2026-06-16,3,9,1,0,,13,3,355.87003673000004,2,2,7460.538461538462,0.0,0
266,2026-06-16,3,3,0,0,,6,3,621.5369689886112,2,2,7665.666666666667,0.0,0
267,2026-06-16,3,9,1,0,,13,3,1490.661449987222,2,2,5460.538461538462,0.0,0
268,2026-06-16,6,13,2,6,3.0,30,5,44.29814635777778,3,3,6799.0,6665.666666666667,0
269,2026-06-16,4,8,1,0,,13,4,600.9939100727778,4,3,10999.0,0.0,0
270,2026-06-16,3,8,0,0,,11,3,664.7920481408333,2,2,6635.363636363636,0.0,0
271,2026-06-16,2,4,0,0,,6,2,1403.962153636111,3,2,9665.666666666666,0.0,0
272,2026-06-16,7,13,4,3,,27,7,434.72253435972226,1,1,4999.0,4999.0,0
273,2026-06-16,3,5,2,0,,10,3,460.89767306944447,3,3,5599.0,0.0,0
274,2026-06-16,4,8,0,0,,12,5,244.10299901666667,3,3,6165.666666666667,0.0,0
275,2026-06-16,5,9,1,0,,15,5,634.6930593427778,3,3,6732.333333333333,0.0,0
276,2026-06-16,5,9,1,0,,15,5,1371.3727040433332,3,2,7665.666666666667,0.0,0
277,2026-06-16,2,3,0,0,,5,2,349.6702970613889,1,1,4999.0,0.0,0
278,2026-06-16,4,7,0,0,,11,4,485.7466883133333,1,1,6999.0,0.0,0
279,2026-06-16,3,7,0,0,,10,4,417.30862759,2,1,9799.0,0.0,0
280,2026-06-16,6,15,4,0,,25,5,1009.8118483944444,4,3,5879.0,0.0,0
281,2026-06-16,2,4,2,0,,8,2,1281.7619119111112,2,2,7499.0,0.0,0
282,2026-06-16,4,9,1,0,,14,4,382.42326497861114,3,2,10284.714285714286,0.0,0
283,2026-06-16,6,10,3,6,4.0,29,6,567.1504547025,3,3,7550.724137931034,7665.666666666667,0
284,2026-06-16,3,7,1,0,,11,3,424.70402337694446,2,2,5362.636363636364,0.0,0
285,2026-06-16,5,8,3,5,4.0,25,5,376.37642343777776,3,2,10119.0,9799.0,0
286,2026-06-16,4,10,0,0,,14,4,931.5394994711112,1,1,6999.0,0.0,0
287,2026-06-16,2,3,1,0,,6,2,77.12753502416668,2,2,7665.666666666667,0.0,0
288,2026-06-16,9,18,3,9,6.0,45,8,24.658795489166668,2,1,11665.666666666666,11665.666666666666,0
289,2026-06-16,3,5,1,0,,9,3,252.36341288194444,2,2,7221.222222222223,0.0,0
290,2026-06-16,3,7,0,0,,10,3,1118.1565288766667,3,2,8399.0,0.0,0
291,2026-06-16,5,10,0,0,,15,5,685.7382982255556,4,3,8465.666666666666,0.0,0
292,2026-06-16,4,11,2,1,,18,4,118.53508466,2,2,5887.888888888889,4999.0,0
293,2026-06-16,5,11,5,1,1.0,23,5,472.1070735430556,2,1,11955.521739130434,12999.0,0
294,2026-06-16,5,8,2,0,,15,5,6.794249926388889,2,2,6599.0,0.0,0
295,2026-06-16,4,8,0,0,,12,4,1279.0812483124998,2,1,11665.666666666666,0.0,0
296,2026-06-16,3,8,0,0,,11,3,635.0463629380555,2,2,5362.636363636364,0.0,0
297,2026-06-16,4,9,1,0,,14,4,227.88081176194444,3,2,11427.57142857143,0.0,0
298,2026-06-16,4,11,0,0,,15,4,441.3321007038889,3,2,7532.333333333333,0.0,0
299,2026-06-16,6,9,2,6,5.0,28,6,262.287935835,3,2,8141.857142857143,8332.333333333334,0
300,2026-06-16,5,11,1,0,,17,5,177.28772886166666,3,3,6999.0,0.0,0
301,2026-06-16,5,9,2,0,,16,5,272.25073441750004,4,3,10624.0,0.0,0
302,2026-06-16,4,7,2,0,,13,4,184.8097777302778,1,1,6999.0,0.0,0
303,2026-06-16,2,3,0,0,,5,2,761.2833632772222,2,2,8199.0,0.0,0
304,2026-06-16,4,7,1,0,,12,4,531.3336729044445,3,3,5499.0,0.0,0
305,2026-06-16,3,8,0,0,,11,3,436.5665637738889,2,2,5726.272727272727,0.0,0
306,2026-06-16,3,4,0,0,,7,3,55.63087952111111,2,2,7284.714285714285,0.0,0
307,2026-06-16,2,3,0,0,,5,2,379.0820312675,1,1,8999.0,0.0,0
308,2026-06-16,8,16,0,0,,24,8,105.6639463963889,2,2,7499.0,0.0,0
309,2026-06-16,3,7,2,1,,13,3,87.06131854083334,2,2,8383.615384615385,8999.0,0
310,2026-06-16,5,6,3,5,5.0,24,5,226.78740304027778,4,3,9749.0,9399.0,0
311,2026-06-16,2,4,1,0,,7,2,395.89613941416667,1,1,4999.0,0.0,0
312,2026-06-16,2,5,0,0,,7,2,984.1648961802778,2,2,6141.857142857143,0.0,0
313,2026-06-16,7,15,4,2,,28,7,919.0916951488889,3,2,5427.571428571428,4999.0,0
314,2026-06-16,3,6,0,0,,9,3,964.5284805477778,1,1,4999.0,0.0,0
315,2026-06-16,4,7,0,0,,11,5,404.1008286072222,2,2,7180.818181818182,0.0,0
316,2026-06-16,3,8,0,0,,11,3,919.1346393441667,3,2,10999.0,0.0,0
317,2026-06-16,8,15,3,8,6.0,40,8,468.4087998041666,3,2,10999.0,10999.0,0
318,2026-06-16,4,6,0,0,,10,4,341.6348739930555,2,2,7399.0,0.0,0
319,2026-06-16,5,12,3,0,,20,6,207.35894937944443,4,3,8099.0,0.0,0
320,2026-06-16,3,5,0,3,2.0,13,3,737.0097092738888,1,1,4999.0,4999.0,0
321,2026-06-16,2,5,1,0,,8,2,1006.6936740994445,3,2,6499.0,0.0,0
322,2026-06-16,3,7,1,0,,11,3,51.39417849833333,2,1,11908.09090909091,0.0,0
323,2026-06-16,5,8,1,5,3.0,22,5,534.231160205,2,2,8089.909090909091,8199.0,1
324,2026-06-16,3,6,1,1,1.0,12,3,309.5060251936111,2,2,5165.666666666667,4999.0,0
325,2026-06-16,3,7,0,0,,10,3,411.2778795444445,2,2,5199.0,0.0,0
326,2026-06-16,2,4,1,0,,7,2,312.2032436225,1,1,4999.0,0.0,0
327,2026-06-16,6,13,2,2,,23,6,472.5304282627778,2,2,5346.826086956522,4999.0,0
328,2026-06-16,4,10,1,1,,16,5,185.17048083777777,3,2,6249.0,4999.0,0
329,2026-06-16,3,3,1,1,1.0,9,3,1148.8139419513889,1,1,6999.0,6999.0,0
330,2026-06-16,3,8,0,0,,11,3,1285.6831747533333,2,2,5726.272727272727,0.0,0
331,2026-06-16,2,4,0,0,,6,2,283.5126791886111,2,2,7332.333333333333,0.0,0
332,2026-06-16,4,8,4,1,1.0,18,4,94.18422871333334,1,1,4999.0,4999.0,0
333,2026-06-16,2,2,1,1,,6,2,1183.8827942925002,1,1,12999.0,12999.0,0
334,2026-06-16,3,6,0,0,,9,3,355.3036958422222,2,2,7221.222222222223,0.0,0
335,2026-06-16,6,13,3,2,,24,6,322.53835543694447,1,1,6999.0,6999.0,0
336,2026-06-16,5,13,0,0,,18,5,97.40697005111112,3,3,7110.111111111111,0.0,0
337,2026-06-16,3,5,1,0,,9,3,1492.4333406536111,3,3,7221.222222222223,0.0,0
338,2026-06-16,4,10,1,0,,15,4,1082.7236951158334,2,2,8199.0,0.0,0
339,2026-06-16,3,7,2,1,,13,3,502.58354243944444,2,2,5614.384615384615,4999.0,0
340,2026-06-16,9,17,3,3,,32,9,169.4887500925,3,3,5249.0,4999.0,0
341,2026-06-16,5,9,3,5,3.0,25,5,338.7319536175,2,2,5799.0,5799.0,0
342,2026-06-16,1,2,1,0,,4,1,856.1938739483334,1,1,4999.0,0.0,0
343,2026-06-16,3,5,3,1,,12,3,428.71056020527783,2,2,8332.333333333334,8999.0,0
344,2026-06-16,4,8,3,1,1.0,17,4,36.401984649444444,3,2,11704.882352941177,12999.0,0
345,2026-06-16,4,10,3,2,1.0,20,4,396.72577319,1,1,4999.0,4999.0,0
346,2026-06-16,3,6,1,2,,12,3,33.30860232916667,3,2,10165.666666666666,10999.0,0
347,2026-06-16,4,9,0,1,,14,3,456.4093693122222,1,1,4999.0,4999.0,0
348,2026-06-16,2,4,1,0,,7,2,600.7830140247222,1,1,6999.0,0.0,0
349,2026-06-16,1,1,0,0,,2,1,1741.0347467602778,1,1,8999.0,0.0,0
350,2026-06-16,2,3,1,0,,6,2,6.505223616666667,1,1,4999.0,0.0,0
351,2026-06-16,3,4,0,0,,7,3,1167.8488189394443,1,1,4999.0,0.0,0
352,2026-06-16,4,9,0,0,,13,4,212.74855464416666,3,2,11152.846153846154,0.0,0
353,2026-06-16,5,7,4,2,,18,4,281.8392120238889,2,2,7999.0,6999.0,0
354,2026-06-16,5,7,4,2,1.0,19,5,333.7094835825,2,1,11525.315789473685,10999.0,0
355,2026-06-16,2,5,0,0,,7,2,513.0486710625,2,1,12427.57142857143,0.0,0
356,2026-06-16,5,11,0,0,,16,5,688.4249945669444,3,3,7124.0,0.0,0
357,2026-06-16,4,10,0,0,,14,4,1004.0295830013889,3,2,11284.714285714286,0.0,0
358,2026-06-16,7,14,6,3,,30,7,116.10866764611112,3,3,5199.0,4999.0,0
359,2026-06-16,10,23,7,10,6.0,56,9,441.9896850025,4,3,5641.857142857143,5399.0,0
360,2026-06-16,6,12,3,6,2.0,29,5,98.61176949027777,3,2,9895.551724137931,9999.0,1
361,2026-06-16,6,12,3,6,4.0,31,6,751.8941004233334,3,2,10805.451612903225,10999.0,0
362,2026-06-16,4,9,2,2,,17,4,520.6615574077778,3,3,7234.294117647059,6999.0,0
363,2026-06-16,6,12,2,6,4.0,30,6,149.21194707722222,1,1,4999.0,4999.0,1
364,2026-06-16,4,6,0,0,,10,4,212.5371254788889,3,3,6999.0,0.0,0
365,2026-06-16,4,8,0,0,,12,4,169.62043075833333,2,1,11665.666666666666,0.0,0
366,2026-06-16,3,6,2,0,,11,3,803.1907438252779,2,2,5544.454545454545,0.0,0
367,2026-06-16,5,11,4,3,,23,5,87.36088103138889,2,2,7346.826086956522,6999.0,0
368,2026-06-16,3,6,0,0,,9,3,1174.244768105278,2,1,10332.333333333334,0.0,0
369,2026-06-16,2,4,1,1,,8,2,1073.3586625191667,2,2,7249.0,6999.0,0
370,2026-06-16,2,4,1,0,,7,2,1124.9841388152777,1,1,4999.0,0.0,0
371,2026-06-16,2,5,1,0,,8,2,1845.5821731794445,3,2,8999.0,0.0,0
372,2026-06-16,6,9,3,6,6.0,30,6,125.13549900166666,2,2,5665.666666666667,5665.666666666667,0
373,2026-06-16,4,6,1,0,,11,4,1305.851490871389,2,2,7544.454545454545,0.0,0
374,2026-06-16,3,5,2,0,,10,3,142.70565802888888,3,2,9399.0,0.0,0
375,2026-06-16,2,4,0,0,,6,2,950.0005492758334,2,1,9665.666666666666,0.0,0
376,2026-06-16,5,14,3,1,,23,5,131.4356270336111,2,2,5694.652173913043,8999.0,0
377,2026-06-16,9,19,4,9,7.0,48,9,534.3945384836111,3,2,7165.666666666667,6999.0,0
378,2026-06-16,4,9,1,0,,14,4,905.3943958666667,2,2,5570.428571428572,0.0,0
379,2026-06-16,4,10,2,0,,16,4,171.3133783097222,3,2,10999.0,0.0,0
380,2026-06-16,7,16,5,7,6.0,41,8,143.9521376275,2,2,5389.243902439024,5570.428571428572,0
381,2026-06-16,3,5,0,0,,8,3,383.3580304183334,2,2,5749.0,0.0,0
382,2026-06-16,2,3,0,0,,5,2,211.19301459694444,2,1,11399.0,0.0,0
383,2026-06-16,5,6,1,0,,12,5,262.6260070175,3,2,11332.333333333334,0.0,0
384,2026-06-16,2,6,1,0,,9,2,39.52200759,3,2,8554.555555555555,0.0,0
385,2026-06-16,5,8,0,0,,13,5,4.895076209722222,3,2,10229.76923076923,0.0,0
386,2026-06-16,6,10,0,0,,16,6,680.3373913819445,3,2,10999.0,0.0,0
387,2026-06-16,3,6,1,3,2.0,15,3,600.4722001569444,2,1,11132.333333333334,11665.666666666666,0
388,2026-06-16,4,8,3,0,,15,4,1031.5251210977776,3,2,8332.333333333334,0.0,0
389,2026-06-16,5,11,2,1,,19,3,525.3339019138889,2,2,7104.263157894737,6999.0,0
390,2026-06-16,7,14,4,0,,25,7,525.9048452341666,2,1,12199.0,0.0,0
391,2026-06-16,2,2,0,0,,4,2,4.050420978888889,2,2,7999.0,0.0,0
392,2026-06-16,4,10,1,0,,15,4,1.3920288827777778,3,2,9265.666666666666,0.0,0
393,2026-06-16,5,9,1,0,,15,5,225.98441799055556,3,2,11265.666666666666,0.0,0
394,2026-06-16,2,3,0,0,,5,2,1586.134384175,1,1,6999.0,0.0,0
395,2026-06-16,5,13,2,0,,20,5,8.660874900555555,3,2,10799.0,0.0,0
396,2026-06-16,5,7,1,0,,13,5,80.39772352583333,1,1,4999.0,0.0,0
397,2026-06-16,7,14,3,1,,25,7,262.777237285,2,2,5959.0,12999.0,0
398,2026-06-16,5,12,4,2,,23,5,137.86240637777777,3,2,11607.695652173914,12999.0,0
399,2026-06-16,3,7,0,0,,10,3,929.4299192588888,1,1,6999.0,0.0,0
400,2026-06-16,3,8,0,0,,11,3,969.9247873633333,1,1,4999.0,0.0,0
401,2026-06-16,3,8,0,0,,11,3,624.2383770611111,3,2,10817.181818181818,0.0,0
402,2026-06-16,3,7,2,1,,13,3,98.451078365,2,1,10537.461538461539,8999.0,0
403,2026-06-16,5,11,0,0,,16,5,201.46922329916669,3,2,7624.0,0.0,0
404,2026-06-16,5,10,5,5,3.0,28,5,135.277092745,2,2,7213.285714285715,6999.0,0
405,2026-06-16,2,4,1,1,1.0,9,2,1177.6066129388887,2,2,6776.777777777777,6999.0,0
406,2026-06-16,4,7,0,0,,11,5,86.42777267638888,2,2,8089.909090909091,0.0,0
407,2026-06-16,4,9,2,0,,15,4,625.3537283605556,4,3,6865.666666666667,0.0,0
408,2026-06-16,1,2,0,0,,3,1,1207.8535232722222,1,1,6999.0,0.0,0
409,2026-06-16,5,11,2,1,,19,4,833.5056774633334,4,3,9946.368421052632,8999.0,0
410,2026-06-16,5,10,1,0,,16,5,168.4892162666667,2,2,5374.0,0.0,0
411,2026-06-16,4,7,2,1,,14,4,635.8047685094444,2,2,6856.142857142857,6999.0,0
412,2026-06-16,7,15,1,0,,23,7,65.00908932083333,3,3,6651.173913043478,0.0,0
413,2026-06-16,3,4,0,0,,7,3,131.35581481944445,1,1,6999.0,0.0,0
414,2026-06-16,1,1,0,0,,2,1,601.3131786238888,1,1,4999.0,0.0,0
415,2026-06-16,4,6,1,0,,11,4,1019.6584828727778,2,2,5726.272727272727,0.0,0
416,2026-06-16,3,8,0,0,,11,3,612.5382946530555,2,2,5726.272727272727,0.0,0
417,2026-06-16,5,10,2,0,,17,6,555.6714498994445,3,3,7351.941176470588,0.0,0
418,2026-06-16,3,7,0,0,,10,3,862.5110995947222,3,3,7999.0,0.0,0
419,2026-06-16,2,3,2,0,,7,2,1762.3249827130555,2,1,9570.42857142857,0.0,0
420,2026-06-16,3,5,0,0,,8,3,414.9904453925,2,1,11499.0,0.0,0
421,2026-06-16,5,9,1,0,,15,5,246.76148433444445,2,2,5265.666666666667,0.0,0
422,2026-06-16,1,2,0,0,,3,1,300.1840433277778,1,1,6999.0,0.0,0
423,2026-06-16,3,5,3,2,1.0,14,3,944.8086584144444,2,2,8284.714285714286,6999.0,0
424,2026-06-16,4,8,2,0,,14,4,782.4019788991666,3,3,5713.285714285715,0.0,0
425,2026-06-16,4,7,2,1,1.0,15,4,30.869037878055558,2,2,5265.666666666667,4999.0,0
426,2026-06-16,4,8,3,4,3.0,22,4,4.943936032777778,2,2,6544.454545454545,6499.0,0
427,2026-06-16,5,8,1,0,,14,5,522.1103971202778,1,1,4999.0,0.0,0
428,2026-06-16,4,8,2,3,,17,4,436.3657101661111,2,1,11351.941176470587,11665.666666666666,0
429,2026-06-16,5,11,3,0,,19,4,1037.6925627147223,2,1,11525.315789473685,0.0,0
430,2026-06-16,4,10,0,0,,14,4,1357.0620474516668,2,1,11284.714285714286,0.0,0
431,2026-06-16,1,2,0,0,,3,1,60.73044354527778,1,1,8999.0,0.0,0
432,2026-06-16,1,2,1,0,,4,1,2070.8551995125,1,1,8999.0,0.0,0
433,2026-06-16,4,9,1,4,4.0,22,3,91.71740609138888,2,2,5908.090909090909,5999.0,0
434,2026-06-16,2,5,0,0,,7,2,122.57239546000001,3,2,11284.714285714286,0.0,0
435,2026-06-16,4,10,1,0,,15,4,3.0376239394444444,3,2,6332.333333333333,0.0,0
436,2026-06-16,4,8,1,0,,13,4,74.63559498666666,1,1,6999.0,0.0,0
437,2026-06-16,4,8,3,3,1.0,19,4,1335.0783022938888,1,1,4999.0,4999.0,0
438,2026-06-16,4,9,2,0,,15,4,583.6686849538888,1,1,6999.0,0.0,0
439,2026-06-16,4,8,1,0,,13,4,318.2015634422222,3,3,5922.076923076923,0.0,0
440,2026-06-16,7,15,3,7,5.0,37,9,47.274457061666666,1,1,6999.0,6999.0,0
441,2026-06-16,5,9,1,0,,15,5,1157.061591213889,2,2,6065.666666666667,0.0,0
442,2026-06-16,5,11,0,0,,16,5,1091.3731947491667,3,3,5374.0,0.0,0
443,2026-06-16,3,8,0,0,,11,4,455.76183669194444,4,3,9726.272727272728,0.0,0
444,2026-06-16,4,8,0,0,,12,4,260.70087574027775,1,1,4999.0,0.0,0
445,2026-06-16,6,12,2,6,4.0,30,6,0.16255483916666666,4,3,6665.666666666667,6999.0,0
446,2026-06-16,8,19,4,5,1.0,37,8,437.1068397880556,3,2,11269.27027027027,12199.0,0
447,2026-06-16,3,6,0,0,,9,3,288.34848994277775,2,2,5443.444444444444,0.0,0
448,2026-06-16,2,3,1,0,,6,2,994.049924103611,1,1,8999.0,0.0,0
449,2026-06-16,7,14,3,7,5.0,36,7,112.42554637055557,2,2,5165.666666666667,5284.714285714285,0
450,2026-06-16,4,9,1,0,,14,4,24.291279222777778,1,1,4999.0,0.0,0
451,2026-06-16,6,8,2,0,,16,6,60.90097460166667,1,1,6999.0,0.0,0
452,2026-06-16,3,6,1,0,,10,3,494.38278715416664,2,1,11799.0,0.0,0
453,2026-06-16,3,4,1,0,,8,3,440.3454144663889,2,2,5499.0,0.0,0
454,2026-06-16,4,5,1,0,,10,4,144.49150793194445,2,1,10999.0,0.0,0
455,2026-06-16,4,5,1,0,,10,4,37.55296851138889,1,1,6999.0,0.0,0
456,2026-06-16,4,6,2,1,,13,4,990.0418882586112,2,2,5306.692307692308,4999.0,0
457,2026-06-16,1,3,0,0,,4,1,1606.0504004697223,1,1,6999.0,0.0,0
458,2026-06-16,3,5,1,0,,9,3,785.0094399477778,2,1,11221.222222222223,0.0,0
459,2026-06-16,5,8,1,0,,14,5,155.80931565777777,4,3,10141.857142857143,0.0,0
460,2026-06-16,1,2,0,0,,3,1,2052.081856029167,2,1,10332.333333333334,0.0,0
461,2026-06-16,2,2,0,0,,4,2,369.40486148944444,1,1,4999.0,0.0,0
462,2026-06-16,4,8,0,0,,12,4,276.1439100777778,3,3,6999.0,0.0,0
463,2026-06-16,3,3,0,0,,6,3,523.0049763619445,2,2,10999.0,0.0,0
464,2026-06-16,6,10,4,1,,21,6,721.8163592744444,2,2,8427.57142857143,6999.0,0
465,2026-06-16,3,6,1,1,,11,3,275.0748237988889,1,1,4999.0,4999.0,0
466,2026-06-16,5,10,2,0,,17,5,463.3058910513889,3,3,5587.235294117647,0.0,0
467,2026-06-16,5,12,0,0,,17,7,487.18322785361113,2,2,6763.705882352941,0.0,0
468,2026-06-16,2,5,0,0,,7,2,658.7175840283332,2,1,11284.714285714286,0.0,0
469,2026-06-16,4,10,1,0,,15,4,1218.2164896830557,2,1,9532.333333333334,0.0,0
470,2026-06-16,6,13,1,6,2.0,28,6,88.5499538713889,3,3,7784.714285714285,7665.666666666667,0
471,2026-06-16,5,13,3,5,4.0,30,5,96.72066108611112,1,1,6999.0,6999.0,0
472,2026-06-16,2,4,0,0,,6,2,1467.3726632088888,1,1,6999.0,0.0,0
473,2026-06-16,6,9,1,0,,16,6,51.888274825,4,3,7624.0,0.0,0
474,2026-06-16,3,9,0,0,,12,3,105.61260372888889,2,1,10332.333333333334,0.0,0
475,2026-06-16,2,4,0,0,,6,2,657.5192274633333,1,1,12999.0,0.0,0
476,2026-06-16,3,8,2,1,,14,3,136.3588591213889,3,3,7284.714285714285,6999.0,0
477,2026-06-16,2,5,0,2,1.0,10,2,39.39665166222222,4,3,7599.0,6999.0,0
478,2026-06-16,5,11,0,0,,16,5,621.7561055505555,3,3,8249.0,0.0,0
479,2026-06-16,6,12,0,0,,18,6,459.0812450402778,3,2,10554.555555555555,0.0,0
480,2026-06-16,5,12,1,0,,18,5,76.15260236361111,1,1,4999.0,0.0,0
481,2026-06-16,7,17,4,0,,28,7,33.37863546944445,1,1,4999.0,0.0,0
482,2026-06-16,4,7,0,0,,11,4,390.9608853561111,1,1,6999.0,0.0,0
483,2026-06-16,5,9,4,2,,20,5,79.03236922555556,2,2,5599.0,4999.0,0
484,2026-06-16,3,8,0,0,,11,3,475.3625378622222,3,2,8999.0,0.0,0
485,2026-06-16,6,14,1,0,,21,7,441.7998387427778,4,3,7475.190476190476,0.0,0
486,2026-06-16,3,6,1,0,,10,3,57.25641608194445,3,3,7599.0,0.0,0
487,2026-06-16,2,4,0,0,,6,2,739.1163568827777,2,1,9665.666666666666,0.0,0
488,2026-06-16,3,4,0,0,,7,3,293.9898496277778,1,1,4999.0,0.0,0
489,2026-06-16,6,11,2,2,,21,6,46.5036978175,2,2,7570.428571428572,6999.0,0
490,2026-06-16,3,6,0,0,,9,3,1413.7161128494445,2,1,11665.666666666666,0.0,0
491,2026-06-16,8,16,5,8,7.0,44,9,527.7418431188889,1,1,4999.0,4999.0,0
492,2026-06-16,6,12,1,0,,19,6,334.7983219438889,4,3,8788.473684210527,0.0,0
493,2026-06-16,5,13,4,1,,23,5,6.7138086,1,1,6999.0,6999.0,0
494,2026-06-16,6,8,3,0,,17,7,128.67381085805556,3,2,9940.176470588236,0.0,0
495,2026-06-16,2,5,0,0,,7,2,5.175394785833333,2,1,9570.42857142857,0.0,0
496,2026-06-16,4,6,0,0,,10,4,587.1201071574999,1,1,4999.0,0.0,0
497,2026-06-16,3,6,0,0,,9,3,1169.1435859308333,2,1,12110.111111111111,0.0,0
498,2026-06-16,4,7,0,0,,11,4,710.7082600397222,1,1,4999.0,0.0,0
499,2026-06-16,1,2,0,0,,3,1,1378.3391954747224,1,1,6999.0,0.0,0
500,2026-06-16,3,7,1,0,,11,3,322.41900337694443,2,2,7180.818181818182,0.0,0
5,2026-06-23,3,6,1,0,,10,3,1360.3963348141667,4,3,7199.0,0.0,0
6,2026-06-23,6,12,1,0,,19,6,181.38380339666668,2,2,7314.789473684211,0.0,0
7,2026-06-23,4,7,0,4,3.0,18,4,8.85826922388889,2,2,5443.444444444444,5499.0,1
8,2026-06-23,5,10,4,0,,19,5,352.60949246583334,4,3,10367.421052631578,0.0,0
9,2026-06-23,5,9,1,0,,15,6,118.29429875888889,2,1,10599.0,0.0,0
10,2026-06-23,3,8,0,0,,11,3,67.88462884222221,1,1,6999.0,0.0,0
11,2026-06-23,2,4,0,0,,6,2,759.3669298041666,2,2,6332.333333333333,0.0,0
12,2026-06-23,2,6,0,0,,8,2,1968.6255626233333,2,2,5999.0,0.0,0
13,2026-06-23,4,8,3,0,,15,4,15.523178655277778,2,2,7399.0,0.0,0
14,2026-06-23,3,7,0,0,,10,3,188.04099630666667,1,1,4999.0,0.0,0
15,2026-06-23,5,7,1,5,3.0,21,5,60.19845229388889,3,2,7094.238095238095,6599.0,1
16,2026-06-23,3,9,1,0,,13,3,535.7460338947222,3,3,5460.538461538462,0.0,0
17,2026-06-23,3,4,2,0,,9,2,314.73293226694443,2,2,6332.333333333333,0.0,0
18,2026-06-23,4,8,0,0,,12,4,87.68319104944445,3,2,10665.666666666666,0.0,0
19,2026-06-23,3,5,2,0,,10,2,1450.430709901389,2,2,6199.0,0.0,0
20,2026-06-23,7,11,4,1,,23,7,61.148165123611115,4,3,10651.173913043478,12999.0,0
21,2026-06-23,2,5,0,0,,7,2,708.4232834088889,2,1,10141.857142857143,0.0,0
22,2026-06-23,4,6,3,4,4.0,21,4,41.591192746944444,3,2,10808.52380952381,10999.0,0
23,2026-06-23,6,10,2,0,,18,6,174.2914135725,2,2,6332.333333333333,0.0,0
24,2026-06-23,2,4,0,0,,6,2,1120.3529337325,2,1,10332.333333333334,0.0,0
25,2026-06-23,5,6,1,0,,12,5,1150.6713998377777,2,2,6665.666666666667,0.0,0
26,2026-06-23,5,10,5,2,,22,5,210.2014119625,1,1,4999.0,4999.0,0
27,2026-06-23,3,4,0,0,,7,3,1680.1147641530556,3,3,8141.857142857143,0.0,0
28,2026-06-23,6,13,1,0,,20,5,51.24247271777777,3,3,7199.0,0.0,0
29,2026-06-23,4,8,4,3,,19,4,8.407073664166667,2,2,6577.9473684210525,6332.333333333333,0
30,2026-06-23,4,6,1,0,,11,4,725.0783456497221,3,3,7726.272727272727,0.0,0
31,2026-06-23,5,8,2,3,,18,5,167.1264934922222,3,2,10443.444444444445,10332.333333333334,0
32,2026-06-23,4,6,3,0,,13,3,124.91850515277778,2,2,8537.461538461539,0.0,0
33,2026-06-23,4,8,4,2,,18,4,388.57059980222226,3,2,9887.888888888889,7999.0,0
34,2026-06-23,2,2,1,0,,5,2,1727.4881335263888,2,2,6199.0,0.0,0
35,2026-06-23,3,5,1,0,,9,3,798.6455476625,3,3,8110.111111111111,0.0,0
36,2026-06-23,6,14,4,3,,27,6,245.2926174297222,4,3,7665.666666666667,7665.666666666667,0
37,2026-06-23,3,4,2,0,,9,2,1058.9344885238888,1,1,4999.0,0.0,0
38,2026-06-23,3,6,2,1,,12,3,871.3449612763889,2,1,11332.333333333334,12999.0,0
39,2026-06-23,6,11,2,3,1.0,23,6,281.4493023986111,2,2,5346.826086956522,4999.0,0
40,2026-06-23,3,8,2,1,,14,3,476.1388681288889,3,2,10713.285714285714,6999.0,0
41,2026-06-23,4,9,0,0,,13,4,688.4180377008333,3,2,9460.538461538461,0.0,0
42,2026-06-23,3,8,1,0,,12,3,440.2663114272222,2,2,6332.333333333333,0.0,0
43,2026-06-23,3,6,1,2,,12,3,244.14492432916666,3,2,11832.333333333334,12999.0,0
44,2026-06-23,5,12,1,0,,18,6,527.9782345311111,2,2,5221.222222222223,0.0,0
45,2026-06-23,4,8,0,0,,12,4,531.349637185,2,1,11665.666666666666,0.0,0
46,2026-06-23,4,10,0,0,,14,4,212.35604302,3,2,10141.857142857143,0.0,0
47,2026-06-23,3,7,0,0,,10,3,1115.259566046111,3,3,6799.0,0.0,0
48,2026-06-23,3,5,0,0,,8,3,258.02965783055555,2,2,6999.0,0.0,0
49,2026-06-23,6,13,3,1,,23,6,224.57057343333332,2,2,5172.913043478261,4999.0,0
50,2026-06-23,3,4,0,0,,7,3,684.2731213347222,1,1,6999.0,0.0,0
51,2026-06-23,6,13,1,0,,20,6,434.93440299277773,3,2,10999.0,0.0,0
52,2026-06-23,5,10,2,2,,19,5,175.7465159658333,3,2,8999.0,7999.0,0
53,2026-06-23,5,10,0,0,,15,5,295.3811970122222,2,2,5265.666666666667,0.0,0
54,2026-06-23,1,3,0,0,,4,1,1608.5936031877777,3,2,10499.0,0.0,0
55,2026-06-23,6,12,1,0,,19,6,70.1395417575,1,1,4999.0,0.0,0
56,2026-06-23,4,7,0,0,,11,4,80.04707091249999,2,2,5726.272727272727,0.0,0
57,2026-06-23,4,5,3,0,,12,4,436.1278863383333,1,1,4999.0,0.0,0
58,2026-06-23,2,5,1,0,,8,2,772.270755498611,1,1,4999.0,0.0,0
59,2026-06-23,3,6,0,0,,9,3,24.841056349444443,2,2,8332.333333333334,0.0,0
60,2026-06-23,3,7,2,1,,13,3,1104.4110094433333,1,1,4999.0,4999.0,0
61,2026-06-23,3,5,0,0,,8,3,908.4954059416666,2,2,8249.0,0.0,0
62,2026-06-23,4,9,0,0,,13,4,272.6575438525,2,2,5306.692307692308,0.0,0
63,2026-06-23,2,5,1,0,,8,2,338.1350919244444,1,1,6999.0,0.0,0
64,2026-06-23,6,15,3,3,,27,6,181.37171649888887,2,2,5295.2962962962965,4999.0,0
65,2026-06-23,2,5,0,0,,7,2,1457.9934022116665,3,2,8141.857142857143,0.0,0
66,2026-06-23,7,12,5,2,,26,7,74.58882013277778,4,3,7306.692307692308,6999.0,0
67,2026-06-23,3,8,1,0,,12,3,545.1951884727778,2,1,10999.0,0.0,0
68,2026-06-23,5,9,0,0,,14,5,361.32506074527777,2,1,11570.42857142857,0.0,0
70,2026-06-23,6,8,0,0,,14,6,188.9089236677778,3,3,7141.857142857143,0.0,0
71,2026-06-23,4,7,2,4,3.0,20,3,670.6385763561111,1,1,6999.0,6999.0,0
72,2026-06-23,3,6,0,0,,9,3,579.5496493505556,2,2,7665.666666666667,0.0,0
73,2026-06-23,6,10,2,0,,18,6,706.5094032508333,2,2,5110.111111111111,0.0,0
74,2026-06-23,7,11,2,0,,20,6,453.5600078855556,3,3,6999.0,0.0,0
75,2026-06-23,7,16,6,1,,30,7,285.42179591055555,4,3,9065.666666666666,8999.0,1
76,2026-06-23,4,8,0,0,,12,4,187.1988625752778,3,2,7665.666666666667,0.0,0
77,2026-06-23,5,10,3,0,,18,5,720.2014339080555,2,2,7332.333333333333,0.0,0
78,2026-06-23,4,9,0,0,,13,4,613.9723972613888,3,3,5768.2307692307695,0.0,0
79,2026-06-23,5,9,3,0,,17,5,827.1481166519444,2,2,7351.941176470588,0.0,0
80,2026-06-23,6,15,2,0,,23,6,280.67388133416665,4,3,7781.608695652174,0.0,0
81,2026-06-23,5,11,2,0,,18,4,175.13470377527779,2,2,6443.444444444444,0.0,0
82,2026-06-23,7,14,4,3,,28,7,275.6430302930556,3,2,11927.57142857143,12999.0,0
83,2026-06-23,6,15,0,0,,21,6,326.45300525000005,3,2,10713.285714285714,0.0,0
84,2026-06-23,6,10,3,3,,22,5,26.50062980083333,2,2,5362.636363636364,4999.0,0
85,2026-06-23,5,9,1,5,4.0,24,5,39.74189204444444,3,3,5749.0,5399.0,0
86,2026-06-23,6,14,2,0,,22,6,1108.7209880238888,2,2,5726.272727272727,0.0,0
87,2026-06-23,4,10,0,0,,14,4,974.9662161911111,2,2,7427.571428571428,0.0,0
88,2026-06-23,2,4,2,1,,9,2,303.8067655836111,2,2,6776.777777777777,6999.0,0
89,2026-06-23,4,6,0,0,,10,4,104.77477441805556,1,1,4999.0,0.0,0
90,2026-06-23,4,8,0,0,,12,4,101.79137620472221,2,1,9332.333333333334,0.0,0
91,2026-06-23,4,10,1,0,,15,4,519.6849330472222,3,2,10599.0,0.0,0
92,2026-06-23,3,5,0,0,,8,3,45.532490079999995,2,1,10999.0,0.0,0
93,2026-06-23,8,16,3,8,5.0,40,7,26.198100155833334,3,2,7799.0,7749.0,0
94,2026-06-23,4,7,1,0,,12,4,344.93757750000003,2,2,5665.666666666667,0.0,0
95,2026-06-23,4,5,2,0,,11,4,1238.8482617508332,4,3,7362.636363636364,0.0,0
96,2026-06-23,4,8,3,4,3.0,22,4,465.2456504502778,2,2,7362.636363636364,7499.0,0
97,2026-06-23,4,8,1,0,,13,4,1200.4616164783333,3,2,9922.076923076924,0.0,0
98,2026-06-23,3,4,0,0,,7,3,599.4542816455556,2,2,7570.428571428572,0.0,0
99,2026-06-23,6,15,1,0,,22,5,462.99928950944445,2,2,6817.181818181818,0.0,0
100,2026-06-23,5,6,1,0,,12,5,651.0860111497223,4,3,7665.666666666667,0.0,0
101,2026-06-23,8,17,6,4,,35,8,421.37068144638886,3,2,10713.285714285714,9499.0,0
102,2026-06-23,4,7,4,4,3.0,22,4,896.5824387291666,2,2,5180.818181818182,4999.0,0
103,2026-06-23,7,11,1,0,,19,7,297.94393662277776,3,2,9630.578947368422,0.0,0
104,2026-06-23,4,9,0,0,,13,4,216.64146156888887,2,2,7460.538461538462,0.0,0
105,2026-06-23,5,12,2,1,,20,5,849.0677837969445,3,2,11599.0,12999.0,0
106,2026-06-23,7,9,3,0,,19,6,151.26297159555557,2,2,6893.736842105263,0.0,1
107,2026-06-23,4,11,1,0,,16,4,160.71908701277778,2,2,6749.0,0.0,0
108,2026-06-23,4,9,0,0,,13,4,1023.6397313886112,2,1,10845.153846153846,0.0,0
109,2026-06-23,4,10,1,0,,15,4,574.0658295433333,2,2,5265.666666666667,0.0,0
110,2026-06-23,4,7,1,0,,12,4,201.95628855249998,1,1,4999.0,0.0,0
111,2026-06-23,3,7,2,0,,12,3,713.9944217186111,4,3,9165.666666666666,0.0,0
112,2026-06-23,6,11,4,0,,21,6,122.69036379583333,2,2,5760.9047619047615,0.0,0
113,2026-06-23,6,10,2,6,5.0,29,6,30.770637531111113,3,2,9412.793103448275,9665.666666666666,0
114,2026-06-23,7,14,1,0,,22,7,537.5520261952778,2,1,10999.0,0.0,0
115,2026-06-23,2,2,0,0,,4,2,39.863039416944446,1,1,6999.0,0.0,0
116,2026-06-23,3,6,0,0,,9,3,1337.1445190758334,1,1,6999.0,0.0,0
117,2026-06-23,3,4,1,0,,8,3,163.51950625222221,2,2,6999.0,0.0,0
118,2026-06-23,5,10,3,2,,20,5,330.30350292277774,3,2,7599.0,6999.0,0
119,2026-06-23,7,15,1,0,,23,7,460.3365330075,3,2,10477.260869565218,0.0,0
120,2026-06-23,3,7,1,0,,11,3,276.9544310588889,3,2,8453.545454545454,0.0,0
121,2026-06-23,3,7,0,0,,10,2,186.70307547916667,2,2,5799.0,0.0,0
122,2026-06-23,3,5,2,1,,11,3,517.0020362869444,2,2,6271.727272727273,4999.0,0
123,2026-06-23,4,8,1,0,,13,4,240.95396701638887,1,1,6999.0,0.0,0
124,2026-06-23,5,8,0,0,,13,5,610.7051807872223,1,1,6999.0,0.0,0
125,2026-06-23,3,6,2,1,,12,3,545.83442227,1,1,6999.0,6999.0,0
126,2026-06-23,5,9,3,0,,17,5,161.64610197555555,2,2,5351.941176470588,0.0,0
127,2026-06-23,4,8,1,0,,13,4,375.7478319636111,1,1,4999.0,0.0,0
128,2026-06-23,7,14,5,1,,27,7,84.44839912805556,2,1,11813.814814814816,12999.0,0
129,2026-06-23,6,12,4,1,,23,6,664.5212691313889,3,2,8129.434782608696,8999.0,0
130,2026-06-23,3,6,2,0,,11,3,827.4601962950001,3,2,11908.09090909091,0.0,0
131,2026-06-23,3,6,0,0,,9,4,22.513852445833336,1,1,4999.0,0.0,0
132,2026-06-23,2,3,2,1,1.0,9,2,510.7122570822222,1,1,4999.0,4999.0,0
133,2026-06-23,4,7,3,2,1.0,17,4,156.40841695194442,2,2,6410.764705882353,5999.0,0
134,2026-06-23,1,1,0,0,,2,1,142.68397666388887,1,1,6999.0,0.0,0
135,2026-06-23,4,5,1,0,,10,4,124.97356252750001,3,2,11599.0,0.0,0
136,2026-06-23,3,7,1,0,,11,3,525.1937643069444,1,1,4999.0,0.0,0
137,2026-06-23,5,7,1,5,2.0,20,5,370.5384474577778,2,2,5799.0,5799.0,1
138,2026-06-23,5,12,1,0,,18,5,211.75040270083335,2,2,6776.777777777777,0.0,0
139,2026-06-23,4,10,0,0,,14,4,18.133333315,2,2,6713.285714285715,0.0,0
140,2026-06-23,6,9,0,0,,15,6,70.49004584555556,2,2,7132.333333333333,0.0,0
141,2026-06-23,3,5,0,0,,8,2,1781.4774789527778,2,2,6749.0,0.0,0
142,2026-06-23,6,14,4,6,4.0,34,6,169.47056666972222,3,3,6763.705882352941,6665.666666666667,0
143,2026-06-23,3,6,2,0,,11,3,72.05774236305555,2,2,8089.909090909091,0.0,0
144,2026-06-23,7,14,3,5,1.0,30,8,24.080341588055553,2,2,5332.333333333333,5399.0,0
145,2026-06-23,6,12,4,2,,24,6,386.0331554116667,3,2,11332.333333333334,10999.0,0
146,2026-06-23,7,15,4,7,6.0,39,7,443.78749996694444,1,1,4999.0,4999.0,0
147,2026-06-23,2,3,0,0,,5,2,291.64063700888886,2,1,10599.0,0.0,0
148,2026-06-23,3,7,1,0,,11,4,1055.5100716733334,1,1,4999.0,0.0,0
149,2026-06-23,3,7,0,0,,10,3,1158.694120448611,3,2,8399.0,0.0,0
150,2026-06-23,2,6,0,0,,8,2,1161.6655707263888,2,2,5249.0,0.0,0
151,2026-06-23,5,9,2,0,,16,5,163.87021410277777,2,1,11499.0,0.0,0
152,2026-06-23,2,3,0,0,,5,2,929.4164709508334,2,2,5799.0,0.0,0
153,2026-06-23,3,8,0,0,,11,3,717.8016702316667,3,2,10271.727272727272,0.0,0
154,2026-06-23,2,3,1,1,,7,2,142.3691265961111,1,1,6999.0,6999.0,0
155,2026-06-23,3,3,1,0,,7,3,90.83635318861111,2,2,6427.571428571428,0.0,0
156,2026-06-23,3,4,2,1,,10,3,303.29181941388885,2,2,8199.0,6999.0,0
157,2026-06-23,10,17,4,10,8.0,49,9,76.91457378999999,4,3,5733.693877551021,5599.0,1
158,2026-06-23,2,5,1,0,,8,2,1139.8558850555555,1,1,12999.0,0.0,0
159,2026-06-23,4,7,0,0,,11,4,351.87618181,3,3,5726.272727272727,0.0,0
160,2026-06-23,1,2,0,0,,3,1,1201.6082633480557,1,1,6999.0,0.0,0
161,2026-06-23,6,11,0,0,,17,6,5.540604665555556,2,2,6881.35294117647,0.0,0
162,2026-06-23,4,8,2,4,4.0,22,4,8.738154981666666,2,2,6817.181818181818,6999.0,0
163,2026-06-23,3,6,0,1,,10,3,67.75671769333333,2,1,9799.0,8999.0,0
164,2026-06-23,8,15,4,8,6.0,41,7,335.04547522333337,3,2,7828.268292682927,8249.0,0
165,2026-06-23,7,15,3,7,7.0,39,8,95.67920947444443,3,2,9716.948717948719,9570.42857142857,0
166,2026-06-23,8,17,6,8,6.0,45,8,1068.1539943936111,3,3,7132.333333333333,6999.0,0
167,2026-06-23,5,8,4,1,1.0,19,5,325.13043459,3,2,10367.421052631578,8999.0,0
168,2026-06-23,7,16,3,7,5.0,38,7,13.999064337222222,2,2,8156.894736842105,9570.42857142857,0
169,2026-06-23,2,3,0,0,,5,2,1889.6580606883333,1,1,8999.0,0.0,0
170,2026-06-23,6,10,0,0,,16,6,263.62541660305556,2,1,11749.0,0.0,0
171,2026-06-23,7,16,3,3,1.0,30,7,182.72030157583333,4,3,7599.0,6999.0,0
172,2026-06-23,4,9,0,0,,13,4,781.788094545,3,2,7614.384615384615,0.0,0
173,2026-06-23,3,5,0,0,,8,3,718.6592439052778,3,3,7249.0,0.0,0
174,2026-06-23,1,3,1,0,,5,1,375.6378927427778,1,1,4999.0,0.0,0
175,2026-06-23,7,14,2,0,,23,7,39.57938678111111,4,3,9694.652173913044,0.0,0
176,2026-06-23,4,10,3,2,,19,4,825.2379986605555,1,1,4999.0,4999.0,0
177,2026-06-23,6,9,3,0,,18,6,442.72538805,1,1,4999.0,0.0,0
178,2026-06-23,4,8,1,0,,13,4,973.6363787461111,3,2,9614.384615384615,0.0,0
179,2026-06-23,3,7,0,0,,10,3,442.00418422583334,1,1,6999.0,0.0,0
180,2026-06-23,4,7,0,0,,11,5,745.2266252119445,1,1,4999.0,0.0,0
181,2026-06-23,5,8,1,0,,14,5,157.75673468083335,3,2,8427.57142857143,0.0,0
182,2026-06-23,3,5,0,0,,8,3,524.2495689147222,2,2,8499.0,0.0,0
183,2026-06-23,3,7,0,0,,10,3,913.6812515144445,3,3,5999.0,0.0,0
184,2026-06-23,4,6,1,0,,11,4,580.6210404797222,2,2,5726.272727272727,0.0,0
185,2026-06-23,5,9,2,0,,16,5,893.6879872494444,2,1,10249.0,0.0,0
186,2026-06-23,4,5,2,0,,11,4,3.8443652541666666,2,2,8089.909090909091,0.0,0
187,2026-06-23,4,7,2,0,,13,4,625.7812340524999,2,2,5306.692307692308,0.0,0
188,2026-06-23,4,6,2,4,4.0,20,4,21.354511255277778,2,2,6299.0,6499.0,0
189,2026-06-23,3,6,1,0,,10,3,270.62163559416666,2,2,7399.0,0.0,0
190,2026-06-23,3,8,1,0,,12,3,1300.3662847627777,3,3,7332.333333333333,0.0,0
191,2026-06-23,4,11,2,0,,17,4,66.18808640416667,2,2,7351.941176470588,0.0,0
193,2026-06-23,5,10,2,0,,17,4,313.69301686277777,3,2,6646.058823529412,0.0,0
194,2026-06-23,3,5,3,2,1.0,14,3,28.58587547861111,1,1,4999.0,4999.0,0
195,2026-06-23,4,7,1,0,,12,3,483.73457347472225,2,2,6332.333333333333,0.0,0
196,2026-06-23,5,11,5,2,,23,5,102.73426791055554,1,1,6999.0,6999.0,0
197,2026-06-23,5,8,2,2,,17,5,863.0101002761111,2,1,10881.35294117647,10999.0,0
198,2026-06-23,2,4,1,0,,7,2,849.6837192127778,2,1,10713.285714285714,0.0,0
199,2026-06-23,5,10,2,1,,18,5,86.13202259555555,3,2,7665.666666666667,6999.0,0
200,2026-06-23,5,14,2,5,4.0,30,6,355.67869189388887,3,2,7665.666666666667,8199.0,0
201,2026-06-23,6,9,1,0,,16,6,283.0792246963889,4,3,8374.0,0.0,0
202,2026-06-23,5,13,1,0,,19,5,1049.4235514180555,3,2,11209.526315789473,0.0,0
203,2026-06-23,5,10,1,0,,16,4,581.6441886608334,3,3,8624.0,0.0,0
204,2026-06-23,6,10,2,1,,19,6,118.66859439777778,1,1,6999.0,6999.0,0
205,2026-06-23,4,9,2,4,3.0,22,4,593.2988807433334,4,3,11362.636363636364,11499.0,1
206,2026-06-23,2,3,2,1,1.0,9,1,2300.4902646069445,1,1,6999.0,6999.0,0
207,2026-06-23,3,6,0,0,,9,3,694.2074658922222,2,1,9887.888888888889,0.0,0
208,2026-06-23,5,8,0,0,,13,5,947.97093687,4,3,9306.692307692309,0.0,0
209,2026-06-23,7,10,4,0,,21,7,156.44230059333333,1,1,4999.0,0.0,0
210,2026-06-23,5,12,1,0,,18,5,506.3424390916667,3,3,6110.111111111111,0.0,0
211,2026-06-23,2,5,1,0,,8,2,468.29454336,2,1,9499.0,0.0,0
212,2026-06-23,4,8,1,0,,13,4,1575.5620177663889,2,1,10537.461538461539,0.0,0
213,2026-06-23,3,7,0,0,,10,3,401.15257707027774,2,1,10599.0,0.0,0
214,2026-06-23,4,6,1,0,,11,4,258.48119899555553,3,3,9544.454545454546,0.0,0
215,2026-06-23,10,19,4,2,,35,9,9.451740271666667,4,3,10827.57142857143,8999.0,0
216,2026-06-23,7,16,3,7,6.0,39,7,511.55653052055555,2,2,7152.846153846154,7284.714285714285,0
217,2026-06-23,2,4,0,0,,6,2,1558.0799860933332,2,2,5665.666666666667,0.0,0
218,2026-06-23,5,7,0,0,,12,5,379.2449803472222,1,1,4999.0,0.0,0
219,2026-06-23,5,9,2,0,,16,6,252.77922197777778,2,1,10749.0,0.0,0
220,2026-06-23,3,7,2,0,,12,3,659.2368999205555,2,1,9665.666666666666,0.0,0
221,2026-06-23,6,14,2,2,1.0,25,6,171.72397253805553,3,2,9159.0,10999.0,0
222,2026-06-23,4,8,0,0,,12,4,357.0223332055555,3,2,7665.666666666667,0.0,0
223,2026-06-23,5,8,3,2,,18,5,762.8534568938888,3,3,6776.777777777777,6999.0,0
224,2026-06-23,4,8,1,4,3.0,20,4,1418.4342478302779,2,2,7099.0,6999.0,0
225,2026-06-23,3,8,1,0,,12,3,41.79971138138889,1,1,6999.0,0.0,0
226,2026-06-23,1,1,0,0,,2,1,1921.9644752019444,1,1,8999.0,0.0,0
227,2026-06-23,4,7,4,0,,15,4,951.0946805411112,3,3,5932.333333333333,0.0,0
228,2026-06-23,6,9,4,2,1.0,22,6,480.5176564566667,2,2,7362.636363636364,6999.0,0
229,2026-06-23,3,4,0,0,,7,3,157.7416464238889,2,2,7284.714285714285,0.0,0
230,2026-06-23,4,9,1,0,,14,4,1242.6075474658335,2,2,6141.857142857143,0.0,0
231,2026-06-23,6,12,1,0,,19,6,25.204327959166665,3,3,5841.105263157895,0.0,0
232,2026-06-23,3,6,0,0,,9,3,730.0041973808333,1,1,6999.0,0.0,0
233,2026-06-23,3,4,0,0,,7,3,136.65466161833334,1,1,12999.0,0.0,0
234,2026-06-23,2,4,1,0,,7,2,1932.0470210922222,3,2,8141.857142857143,0.0,0
235,2026-06-23,3,7,2,1,,13,3,642.6462579263889,2,1,10845.153846153846,12999.0,0
236,2026-06-23,3,6,2,1,,12,3,481.2159317136111,3,2,8665.666666666666,6999.0,0
237,2026-06-23,6,10,3,0,,19,6,439.7682725408333,2,2,5420.0526315789475,0.0,0
238,2026-06-23,6,10,0,0,,16,6,45.955366383055555,2,2,5249.0,0.0,0
239,2026-06-23,5,10,2,0,,17,5,168.82935573333333,3,2,10999.0,0.0,0
240,2026-06-23,6,12,5,3,1.0,27,7,13.496692377222221,4,3,6776.777777777777,7665.666666666667,0
241,2026-06-23,5,9,1,0,,15,5,426.2403953191666,1,1,4999.0,0.0,0
242,2026-06-23,3,9,2,2,,16,3,628.3646387652777,2,2,6749.0,6999.0,0
243,2026-06-23,6,7,1,0,,14,6,418.2691445052778,3,2,7284.714285714285,0.0,0
244,2026-06-23,5,9,1,0,,15,5,184.84453561944443,4,3,9665.666666666666,0.0,0
245,2026-06-23,5,10,5,1,,21,5,122.1135485075,2,2,5951.380952380952,4999.0,0
246,2026-06-23,4,8,0,0,,12,4,43.921000480277776,3,2,8665.666666666666,0.0,0
247,2026-06-23,2,4,0,0,,6,2,242.05522040055558,3,2,9665.666666666666,0.0,0
248,2026-06-23,3,9,2,1,1.0,16,4,821.4701976133333,2,1,10249.0,8999.0,0
250,2026-06-23,1,3,0,0,,4,1,1411.7843647502777,2,1,11999.0,0.0,0
251,2026-06-23,3,6,0,0,,9,3,240.72760039083332,2,2,5221.222222222223,0.0,0
252,2026-06-23,4,9,0,0,,13,4,293.84583602055557,3,2,8383.615384615385,0.0,0
253,2026-06-23,4,8,0,0,,12,4,486.11198165999997,2,1,11332.333333333334,0.0,0
254,2026-06-23,3,9,0,0,,12,3,825.217750665,2,2,6665.666666666667,0.0,0
255,2026-06-23,3,6,2,0,,11,3,161.43904090777778,1,1,6999.0,0.0,0
256,2026-06-23,5,10,2,0,,17,5,336.47829293583334,3,2,6410.764705882353,0.0,0
257,2026-06-23,2,6,1,0,,9,3,154.64501272277778,2,1,12110.111111111111,0.0,0
258,2026-06-23,6,9,0,0,,15,6,727.6400723319445,2,2,7799.0,0.0,0
259,2026-06-23,7,11,4,7,4.0,33,7,130.54998132416665,3,3,6999.0,6999.0,0
260,2026-06-23,4,8,0,0,,12,4,360.82652570333335,2,1,10332.333333333334,0.0,0
261,2026-06-23,4,8,1,0,,13,4,1390.3530906969443,2,1,10229.76923076923,0.0,0
262,2026-06-23,3,6,1,0,,10,3,106.54907420972222,3,2,8599.0,0.0,0
263,2026-06-23,4,9,2,0,,15,4,489.21798732277773,1,1,6999.0,0.0,0
264,2026-06-23,1,1,0,0,,2,1,1465.3978579938887,1,1,4999.0,0.0,0
265,2026-06-23,4,11,1,0,,16,4,126.93989941722222,2,2,7749.0,0.0,0
266,2026-06-23,4,6,1,0,,11,4,159.55380675222224,2,2,7362.636363636364,0.0,0
267,2026-06-23,4,11,1,0,,16,4,73.94623864305555,2,2,5374.0,0.0,0
268,2026-06-23,6,13,2,6,3.0,30,5,212.29814635777777,3,3,6799.0,6665.666666666667,0
269,2026-06-23,6,11,1,0,,18,6,41.44300700638889,4,3,11221.222222222223,0.0,0
270,2026-06-23,4,11,0,0,,15,4,97.92210856166666,2,2,6465.666666666667,0.0,0
271,2026-06-23,2,4,0,0,,6,2,1571.962153636111,3,2,9665.666666666666,0.0,0
272,2026-06-23,7,13,4,3,,27,7,602.7225343597222,1,1,4999.0,4999.0,0
273,2026-06-23,3,5,2,0,,10,3,628.8976730694444,3,3,5599.0,0.0,0
274,2026-06-23,4,8,0,0,,12,5,412.1029990166667,3,3,6165.666666666667,0.0,0
275,2026-06-23,5,9,1,0,,15,5,802.6930593427778,3,3,6732.333333333333,0.0,0
276,2026-06-23,5,9,1,0,,15,5,1539.3727040433332,3,2,7665.666666666667,0.0,0
277,2026-06-23,2,3,0,0,,5,2,517.670297061389,1,1,4999.0,0.0,0
278,2026-06-23,4,7,0,0,,11,4,653.7466883133334,1,1,6999.0,0.0,0
279,2026-06-23,4,8,0,0,,12,5,26.107132572500003,2,1,10332.333333333334,0.0,0
280,2026-06-23,6,15,4,0,,25,5,1177.8118483944445,4,3,5879.0,0.0,0
281,2026-06-23,2,4,2,0,,8,2,1449.7619119111112,2,2,7499.0,0.0,0
282,2026-06-23,5,11,1,0,,17,5,1.0774936075,3,2,10057.823529411764,0.0,0
283,2026-06-23,6,10,3,6,4.0,29,6,735.1504547024999,3,3,7550.724137931034,7665.666666666667,0
284,2026-06-23,3,7,1,0,,11,3,592.7040233769445,2,2,5362.636363636364,0.0,0
285,2026-06-23,5,8,3,5,4.0,25,5,544.3764234377777,3,2,10119.0,9799.0,0
286,2026-06-23,4,10,0,0,,14,4,1099.5394994711112,1,1,6999.0,0.0,0
287,2026-06-23,2,3,1,0,,6,2,245.12753502416666,2,2,7665.666666666667,0.0,0
288,2026-06-23,9,18,3,9,6.0,45,8,192.65879548916666,2,1,11665.666666666666,11665.666666666666,0
289,2026-06-23,3,5,1,0,,9,3,420.36341288194444,2,2,7221.222222222223,0.0,0
290,2026-06-23,3,7,0,0,,10,3,1286.1565288766667,3,2,8399.0,0.0,0
291,2026-06-23,5,10,0,0,,15,5,853.7382982255556,4,3,8465.666666666666,0.0,0
292,2026-06-23,4,11,2,1,,18,4,286.53508466,2,2,5887.888888888889,4999.0,0
293,2026-06-23,5,11,5,1,1.0,23,5,640.1070735430555,2,1,11955.521739130434,12999.0,0
294,2026-06-23,6,10,3,0,,19,6,80.59703056916668,3,3,7630.578947368421,0.0,0
295,2026-06-23,4,8,0,0,,12,4,1447.0812483124998,2,1,11665.666666666666,0.0,0
296,2026-06-23,3,8,0,0,,11,3,803.0463629380555,2,2,5362.636363636364,0.0,0
297,2026-06-23,4,9,1,0,,14,4,395.88081176194447,3,2,11427.57142857143,0.0,0
298,2026-06-23,5,13,0,0,,18,5,147.57950793611113,3,2,7443.444444444444,0.0,0
299,2026-06-23,6,9,2,6,5.0,28,6,430.287935835,3,2,8141.857142857143,8332.333333333334,0
300,2026-06-23,5,11,1,0,,17,5,345.28772886166666,3,3,6999.0,0.0,0
301,2026-06-23,5,9,2,0,,16,5,440.25073441750004,4,3,10624.0,0.0,0
302,2026-06-23,4,7,2,0,,13,4,352.8097777302778,1,1,6999.0,0.0,0
303,2026-06-23,2,3,0,0,,5,2,929.2833632772222,2,2,8199.0,0.0,0
304,2026-06-23,4,7,1,0,,12,4,699.3336729044444,3,3,5499.0,0.0,0
305,2026-06-23,3,8,0,0,,11,3,604.5665637738889,2,2,5726.272727272727,0.0,0
306,2026-06-23,3,4,0,0,,7,3,223.6308795211111,2,2,7284.714285714285,0.0,0
307,2026-06-23,2,3,0,0,,5,2,547.0820312675,1,1,8999.0,0.0,0
308,2026-06-23,8,16,0,0,,24,8,273.6639463963889,2,2,7499.0,0.0,0
309,2026-06-23,3,7,2,1,,13,3,255.06131854083333,2,2,8383.615384615385,8999.0,0
310,2026-06-23,5,6,3,5,5.0,24,5,394.78740304027775,4,3,9749.0,9399.0,1
311,2026-06-23,3,5,2,0,,10,3,119.6338238488889,1,1,4999.0,0.0,0
312,2026-06-23,2,5,0,0,,7,2,1152.1648961802778,2,2,6141.857142857143,0.0,0
313,2026-06-23,7,15,4,2,,28,7,1087.091695148889,3,2,5427.571428571428,4999.0,0
314,2026-06-23,4,7,0,0,,11,4,118.59774569833333,1,1,4999.0,0.0,0
315,2026-06-23,4,7,0,0,,11,5,572.1008286072222,2,2,7180.818181818182,0.0,0
316,2026-06-23,3,8,0,0,,11,3,1087.1346393441665,3,2,10999.0,0.0,0
317,2026-06-23,8,15,3,8,6.0,40,8,636.4087998041667,3,2,10999.0,10999.0,0
318,2026-06-23,4,6,0,0,,10,4,509.6348739930555,2,2,7399.0,0.0,0
319,2026-06-23,5,12,3,0,,20,6,375.3589493794444,4,3,8099.0,0.0,0
320,2026-06-23,3,5,0,3,2.0,13,3,905.0097092738888,1,1,4999.0,4999.0,1
321,2026-06-23,2,5,1,0,,8,2,1174.6936740994445,3,2,6499.0,0.0,0
322,2026-06-23,3,7,1,0,,11,3,219.39417849833333,2,1,11908.09090909091,0.0,0
323,2026-06-23,6,11,1,6,4.0,28,6,153.86114370805555,2,2,7856.142857142857,7999.0,0
324,2026-06-23,3,6,1,1,1.0,12,3,477.5060251936111,2,2,5165.666666666667,4999.0,0
325,2026-06-23,4,10,1,0,,15,4,107.64379785722222,2,2,5132.333333333333,0.0,0
326,2026-06-23,2,4,1,0,,7,2,480.2032436225,1,1,4999.0,0.0,0
327,2026-06-23,6,13,2,2,,23,6,640.5304282627777,2,2,5346.826086956522,4999.0,0
328,2026-06-23,4,10,1,1,,16,5,353.1704808377778,3,2,6249.0,4999.0,0
329,2026-06-23,4,5,2,2,1.0,14,4,122.91792695555556,1,1,6999.0,6999.0,0
330,2026-06-23,3,8,0,0,,11,3,1453.6831747533333,2,2,5726.272727272727,0.0,0
331,2026-06-23,2,4,0,0,,6,2,451.5126791886111,2,2,7332.333333333333,0.0,0
332,2026-06-23,4,8,4,1,1.0,18,4,262.1842287133333,1,1,4999.0,4999.0,0
333,2026-06-23,2,2,1,1,,6,2,1351.8827942925002,1,1,12999.0,12999.0,0
334,2026-06-23,3,6,0,0,,9,3,523.3036958422222,2,2,7221.222222222223,0.0,0
335,2026-06-23,6,13,3,2,,24,6,490.53835543694447,1,1,6999.0,6999.0,0
336,2026-06-23,5,13,0,0,,18,5,265.4069700511111,3,3,7110.111111111111,0.0,0
337,2026-06-23,3,5,1,0,,9,3,1660.4333406536111,3,3,7221.222222222223,0.0,0
338,2026-06-23,4,10,1,0,,15,4,1250.7236951158334,2,2,8199.0,0.0,0
339,2026-06-23,4,9,2,1,,16,4,97.27841551944444,2,2,5499.0,4999.0,0
340,2026-06-23,9,17,3,3,,32,9,337.48875009249997,3,3,5249.0,4999.0,0
341,2026-06-23,5,9,3,5,3.0,25,5,506.7319536175,2,2,5799.0,5799.0,0
342,2026-06-23,3,7,1,0,,11,3,22.10075457111111,2,2,5180.818181818182,0.0,0
343,2026-06-23,3,5,3,1,,12,3,596.7105602052778,2,2,8332.333333333334,8999.0,0
344,2026-06-23,5,9,3,2,1.0,20,5,57.09925113305555,3,2,11899.0,12999.0,0
345,2026-06-23,4,10,3,2,1.0,20,4,564.72577319,1,1,4999.0,4999.0,0
346,2026-06-23,3,6,1,2,,12,3,201.30860232916666,3,2,10165.666666666666,10999.0,0
347,2026-06-23,4,9,0,1,,14,3,624.4093693122222,1,1,4999.0,4999.0,0
348,2026-06-23,3,6,2,1,,12,3,13.088210119722222,1,1,6999.0,6999.0,0
349,2026-06-23,1,1,0,0,,2,1,1909.0347467602778,1,1,8999.0,0.0,0
350,2026-06-23,2,3,1,0,,6,2,174.50522361666665,1,1,4999.0,0.0,0
351,2026-06-23,3,4,0,0,,7,3,1335.8488189394443,1,1,4999.0,0.0,0
352,2026-06-23,5,10,0,0,,15,5,71.82040427833333,3,2,10865.666666666666,0.0,0
353,2026-06-23,6,9,5,2,,22,5,135.93477628861112,3,3,7544.454545454545,6999.0,0
354,2026-06-23,5,7,4,2,1.0,19,5,501.7094835825,2,1,11525.315789473685,10999.0,0
355,2026-06-23,2,5,0,0,,7,2,681.0486710624999,2,1,12427.57142857143,0.0,0
356,2026-06-23,5,11,0,0,,16,5,856.4249945669444,3,3,7124.0,0.0,0
357,2026-06-23,4,10,0,0,,14,4,1172.029583001389,3,2,11284.714285714286,0.0,0
358,2026-06-23,7,14,6,3,,30,7,284.10866764611114,3,3,5199.0,4999.0,0
359,2026-06-23,10,23,7,10,6.0,56,9,609.9896850025001,4,3,5641.857142857143,5399.0,1
360,2026-06-23,7,13,3,7,3.0,33,6,77.40984945833334,3,2,9786.878787878788,9856.142857142857,0
361,2026-06-23,7,14,3,7,4.0,35,7,113.56129004333333,3,2,10599.0,10713.285714285714,0
362,2026-06-23,4,9,2,2,,17,4,688.6615574077778,3,3,7234.294117647059,6999.0,0
363,2026-06-23,9,16,4,9,7.0,45,9,44.66963837972222,1,1,4999.0,4999.0,1
364,2026-06-23,5,7,0,0,,12,5,90.78485569583333,3,3,6665.666666666667,0.0,0
365,2026-06-23,5,11,0,0,,16,5,28.655394908888887,2,1,11499.0,0.0,0
366,2026-06-23,3,6,2,0,,11,3,971.1907438252779,2,2,5544.454545454545,0.0,0
367,2026-06-23,5,11,4,3,,23,5,255.3608810313889,2,2,7346.826086956522,6999.0,0
368,2026-06-23,4,7,0,0,,11,4,19.745916193055557,2,1,10089.90909090909,0.0,0
369,2026-06-23,2,4,1,1,,8,2,1241.3586625191667,2,2,7249.0,6999.0,0
370,2026-06-23,2,4,1,0,,7,2,1292.9841388152777,1,1,4999.0,0.0,0
371,2026-06-23,2,5,1,0,,8,2,2013.5821731794445,3,2,8999.0,0.0,0
372,2026-06-23,6,9,3,6,6.0,30,6,293.13549900166663,2,2,5665.666666666667,5665.666666666667,0
373,2026-06-23,4,6,1,0,,11,4,1473.851490871389,2,2,7544.454545454545,0.0,0
374,2026-06-23,3,5,2,0,,10,3,310.7056580288889,3,2,9399.0,0.0,0
375,2026-06-23,2,4,0,0,,6,2,1118.0005492758332,2,1,9665.666666666666,0.0,0
376,2026-06-23,6,16,4,1,,27,6,103.30136293083333,2,2,6036.037037037037,8999.0,0
377,2026-06-23,9,19,4,9,7.0,48,9,702.3945384836112,3,2,7165.666666666667,6999.0,0
378,2026-06-23,4,9,1,0,,14,4,1073.3943958666666,2,2,5570.428571428572,0.0,0
379,2026-06-23,5,13,2,0,,20,5,74.35650253555556,3,2,10599.0,0.0,0
380,2026-06-23,7,16,5,7,6.0,41,8,311.9521376275,2,2,5389.243902439024,5570.428571428572,1
381,2026-06-23,3,5,0,0,,8,3,551.3580304183333,2,2,5749.0,0.0,0
382,2026-06-23,2,3,0,0,,5,2,379.1930145969444,2,1,11399.0,0.0,0
383,2026-06-23,5,6,1,0,,12,5,430.6260070175,3,2,11332.333333333334,0.0,0
384,2026-06-23,3,8,1,0,,12,3,72.43762037305555,3,2,8665.666666666666,0.0,0
385,2026-06-23,5,8,0,0,,13,5,172.89507620972222,3,2,10229.76923076923,0.0,0
386,2026-06-23,6,10,0,0,,16,6,848.3373913819445,3,2,10999.0,0.0,0
387,2026-06-23,3,6,1,3,2.0,15,3,768.4722001569444,2,1,11132.333333333334,11665.666666666666,1
388,2026-06-23,5,11,4,1,,21,5,60.111328039166665,3,2,7951.380952380952,6999.0,0
389,2026-06-23,5,11,2,1,,19,3,693.3339019138889,2,2,7104.263157894737,6999.0,0
390,2026-06-23,7,14,4,0,,25,7,693.9048452341666,2,1,12199.0,0.0,0
391,2026-06-23,2,2,0,0,,4,2,172.0504209788889,2,2,7999.0,0.0,0
392,2026-06-23,4,10,1,0,,15,4,169.39202888277777,3,2,9265.666666666666,0.0,0
393,2026-06-23,7,14,2,0,,23,7,94.99069490888888,4,3,10738.130434782608,0.0,0
394,2026-06-23,2,3,0,0,,5,2,1754.134384175,1,1,6999.0,0.0,0
395,2026-06-23,5,13,2,0,,20,5,176.66087490055554,3,2,10799.0,0.0,0
396,2026-06-23,5,7,1,0,,13,5,248.39772352583336,1,1,4999.0,0.0,0
397,2026-06-23,7,14,3,1,,25,7,430.777237285,2,2,5959.0,12999.0,0
398,2026-06-23,5,12,4,2,,23,5,305.8624063777778,3,2,11607.695652173914,12999.0,0
399,2026-06-23,3,7,0,0,,10,3,1097.429919258889,1,1,6999.0,0.0,0
400,2026-06-23,4,9,0,0,,13,4,152.56818729833336,1,1,4999.0,0.0,0
401,2026-06-23,3,8,0,0,,11,3,792.2383770611111,3,2,10817.181818181818,0.0,0
402,2026-06-23,3,7,2,1,,13,3,266.451078365,2,1,10537.461538461539,8999.0,0
403,2026-06-23,5,11,0,0,,16,5,369.46922329916663,3,2,7624.0,0.0,0
404,2026-06-23,5,10,5,5,3.0,28,5,303.277092745,2,2,7213.285714285715,6999.0,0
405,2026-06-23,2,4,1,1,1.0,9,2,1345.6066129388887,2,2,6776.777777777777,6999.0,0
406,2026-06-23,4,7,0,0,,11,5,254.42777267638888,2,2,8089.909090909091,0.0,0
407,2026-06-23,4,9,2,0,,15,4,793.3537283605556,4,3,6865.666666666667,0.0,0
408,2026-06-23,1,2,0,0,,3,1,1375.8535232722222,1,1,6999.0,0.0,0
409,2026-06-23,5,11,2,1,,19,4,1001.5056774633334,4,3,9946.368421052632,8999.0,0
410,2026-06-23,6,11,2,0,,19,6,135.10030270277778,2,2,5314.789473684211,0.0,0
411,2026-06-23,4,7,2,1,,14,4,803.8047685094444,2,2,6856.142857142857,6999.0,0
412,2026-06-23,7,15,1,0,,23,7,233.00908932083334,3,3,6651.173913043478,0.0,0
413,2026-06-23,3,4,0,0,,7,3,299.35581481944445,1,1,6999.0,0.0,0
414,2026-06-23,1,1,0,0,,2,1,769.3131786238888,1,1,4999.0,0.0,0
415,2026-06-23,4,6,1,0,,11,4,1187.6584828727778,2,2,5726.272727272727,0.0,0
416,2026-06-23,3,8,0,0,,11,3,780.5382946530555,2,2,5726.272727272727,0.0,0
417,2026-06-23,5,10,2,0,,17,6,723.6714498994444,3,3,7351.941176470588,0.0,0
418,2026-06-23,3,7,0,0,,10,3,1030.511099594722,3,3,7999.0,0.0,0
419,2026-06-23,3,6,2,0,,11,3,69.81336322,3,2,9362.636363636364,0.0,0
420,2026-06-23,3,5,0,0,,8,3,582.9904453925,2,1,11499.0,0.0,0
421,2026-06-23,5,9,1,0,,15,5,414.76148433444445,2,2,5265.666666666667,0.0,0
422,2026-06-23,1,2,0,0,,3,1,468.1840433277778,1,1,6999.0,0.0,0
423,2026-06-23,3,5,3,2,1.0,14,3,1112.8086584144444,2,2,8284.714285714286,6999.0,0
424,2026-06-23,4,8,2,0,,14,4,950.4019788991666,3,3,5713.285714285715,0.0,0
425,2026-06-23,4,7,2,1,1.0,15,4,198.86903787805556,2,2,5265.666666666667,4999.0,0
426,2026-06-23,4,8,3,4,3.0,22,4,172.94393603277777,2,2,6544.454545454545,6499.0,0
427,2026-06-23,5,8,1,0,,14,5,690.1103971202778,1,1,4999.0,0.0,0
428,2026-06-23,6,12,2,3,,23,6,16.859488903611112,3,2,10564.217391304348,11665.666666666666,0
429,2026-06-23,5,11,3,0,,19,4,1205.6925627147223,2,1,11525.315789473685,0.0,0
430,2026-06-23,4,10,0,0,,14,4,1525.0620474516668,2,1,11284.714285714286,0.0,0
431,2026-06-23,3,5,2,1,,11,3,11.5504100225,2,1,10089.90909090909,8999.0,0
432,2026-06-23,2,3,1,0,,6,2,80.45316704305554,1,1,8999.0,0.0,0
433,2026-06-23,4,9,1,4,4.0,22,3,259.7174060913889,2,2,5908.090909090909,5999.0,1
434,2026-06-23,2,5,0,0,,7,2,290.57239546,3,2,11284.714285714286,0.0,0
435,2026-06-23,4,10,1,0,,15,4,171.03762393944444,3,2,6332.333333333333,0.0,0
436,2026-06-23,4,8,1,0,,13,4,242.63559498666666,1,1,6999.0,0.0,0
437,2026-06-23,4,8,3,3,1.0,19,4,1503.0783022938888,1,1,4999.0,4999.0,0
438,2026-06-23,4,9,2,0,,15,4,751.6686849538888,1,1,6999.0,0.0,0
439,2026-06-23,4,8,1,0,,13,4,486.2015634422222,3,3,5922.076923076923,0.0,0
440,2026-06-23,7,15,3,7,5.0,37,9,215.27445706166665,1,1,6999.0,6999.0,0
441,2026-06-23,5,9,1,0,,15,5,1325.0615912138887,2,2,6065.666666666667,0.0,0
442,2026-06-23,5,11,0,0,,16,5,1259.3731947491667,3,3,5374.0,0.0,0
443,2026-06-23,3,8,0,0,,11,4,623.7618366919445,4,3,9726.272727272728,0.0,0
444,2026-06-23,4,8,0,0,,12,4,428.70087574027775,1,1,4999.0,0.0,0
445,2026-06-23,6,12,2,6,4.0,30,6,168.16255483916666,4,3,6665.666666666667,6999.0,0
446,2026-06-23,9,20,5,5,1.0,40,9,87.77677353194444,3,2,11399.0,12199.0,0
447,2026-06-23,3,6,0,0,,9,3,456.3484899427778,2,2,5443.444444444444,0.0,0
448,2026-06-23,3,4,2,0,,9,3,54.63602280833333,2,1,10332.333333333334,0.0,0
449,2026-06-23,7,14,3,7,5.0,36,7,280.42554637055554,2,2,5165.666666666667,5284.714285714285,0
450,2026-06-23,4,9,1,0,,14,4,192.29127922277777,1,1,4999.0,0.0,0
451,2026-06-23,6,8,2,0,,16,6,228.9009746016667,1,1,6999.0,0.0,0
452,2026-06-23,3,6,1,0,,10,3,662.3827871541667,2,1,11799.0,0.0,0
453,2026-06-23,3,4,1,0,,8,3,608.3454144663889,2,2,5499.0,0.0,0
454,2026-06-23,4,5,1,0,,10,4,312.49150793194445,2,1,10999.0,0.0,0
455,2026-06-23,4,5,1,0,,10,4,205.55296851138888,1,1,6999.0,0.0,0
456,2026-06-23,5,8,3,1,,17,6,23.688336397777775,2,2,5234.294117647059,4999.0,0
457,2026-06-23,1,3,0,0,,4,1,1774.0504004697223,1,1,6999.0,0.0,0
458,2026-06-23,3,5,1,0,,9,3,953.0094399477778,2,1,11221.222222222223,0.0,0
459,2026-06-23,6,10,1,0,,17,6,35.569003062499995,4,3,10410.764705882353,0.0,0
460,2026-06-23,2,3,0,0,,5,2,20.077782837500003,2,1,11399.0,0.0,0
461,2026-06-23,2,2,0,0,,4,2,537.4048614894444,1,1,4999.0,0.0,0
462,2026-06-23,4,8,0,0,,12,4,444.1439100777778,3,3,6999.0,0.0,0
463,2026-06-23,3,3,0,0,,6,3,691.0049763619445,2,2,10999.0,0.0,0
464,2026-06-23,6,10,4,1,,21,6,889.8163592744444,2,2,8427.57142857143,6999.0,0
465,2026-06-23,3,6,1,1,,11,3,443.0748237988889,1,1,4999.0,4999.0,0
466,2026-06-23,5,10,2,0,,17,5,631.3058910513889,3,3,5587.235294117647,0.0,0
467,2026-06-23,5,12,0,0,,17,7,655.1832278536111,2,2,6763.705882352941,0.0,0
468,2026-06-23,2,5,0,0,,7,2,826.7175840283332,2,1,11284.714285714286,0.0,0
469,2026-06-23,4,10,1,0,,15,4,1386.2164896830557,2,1,9532.333333333334,0.0,0
470,2026-06-23,6,13,1,6,2.0,28,6,256.5499538713889,3,3,7784.714285714285,7665.666666666667,0
471,2026-06-23,5,13,3,5,4.0,30,5,264.72066108611114,1,1,6999.0,6999.0,0
472,2026-06-23,2,4,0,0,,6,2,1635.3726632088888,1,1,6999.0,0.0,0
473,2026-06-23,6,9,1,0,,16,6,219.888274825,4,3,7624.0,0.0,0
474,2026-06-23,3,9,0,0,,12,3,273.61260372888887,2,1,10332.333333333334,0.0,0
475,2026-06-23,3,6,0,0,,9,3,149.28711384277779,2,1,11665.666666666666,0.0,0
476,2026-06-23,4,11,3,1,,19,4,64.94064528527778,4,3,7525.315789473684,6999.0,0
477,2026-06-23,2,5,0,2,1.0,10,2,207.3966516622222,4,3,7599.0,6999.0,0
478,2026-06-23,5,11,0,0,,16,5,789.7561055505555,3,3,8249.0,0.0,0
479,2026-06-23,6,12,0,0,,18,6,627.0812450402777,3,2,10554.555555555555,0.0,0
480,2026-06-23,5,12,1,0,,18,5,244.15260236361112,1,1,4999.0,0.0,0
481,2026-06-23,7,17,4,0,,28,7,201.37863546944442,1,1,4999.0,0.0,0
482,2026-06-23,4,7,0,0,,11,4,558.9608853561111,1,1,6999.0,0.0,0
483,2026-06-23,5,9,4,2,,20,5,247.03236922555556,2,2,5599.0,4999.0,0
484,2026-06-23,3,8,0,0,,11,3,643.3625378622222,3,2,8999.0,0.0,0
485,2026-06-23,6,14,1,0,,21,7,609.7998387427779,4,3,7475.190476190476,0.0,0
486,2026-06-23,3,6,1,0,,10,3,225.25641608194445,3,3,7599.0,0.0,0
487,2026-06-23,2,4,0,0,,6,2,907.1163568827777,2,1,9665.666666666666,0.0,0
488,2026-06-23,3,4,0,0,,7,3,461.9898496277778,1,1,4999.0,0.0,0
489,2026-06-23,7,13,2,2,,24,8,47.88794591194445,4,3,7415.666666666667,6999.0,0
490,2026-06-23,3,6,0,0,,9,3,1581.7161128494445,2,1,11665.666666666666,0.0,0
491,2026-06-23,8,16,5,8,7.0,44,9,695.7418431188889,1,1,4999.0,4999.0,0
492,2026-06-23,6,12,1,0,,19,6,502.7983219438889,4,3,8788.473684210527,0.0,0
493,2026-06-23,6,15,5,1,,27,6,33.05181528611111,1,1,6999.0,6999.0,0
494,2026-06-23,6,8,3,0,,17,7,296.67381085805556,3,2,9940.176470588236,0.0,0
495,2026-06-23,3,7,0,0,,10,3,57.70186867694445,2,1,10599.0,0.0,0
496,2026-06-23,4,6,0,0,,10,4,755.1201071574999,1,1,4999.0,0.0,0
497,2026-06-23,3,6,0,0,,9,3,1337.1435859308333,2,1,12110.111111111111,0.0,0
498,2026-06-23,4,7,0,0,,11,4,878.7082600397222,1,1,4999.0,0.0,0
499,2026-06-23,1,2,0,0,,3,1,1546.3391954747224,1,1,6999.0,0.0,0
500,2026-06-23,3,7,1,0,,11,3,490.41900337694443,2,2,7180.818181818182,0.0,0
5,2026-06-30,4,9,1,0,,14,4,126.8699356375,4,3,7141.857142857143,0.0,0
6,2026-06-30,6,12,1,0,,19,6,349.3838033966666,2,2,7314.789473684211,0.0,0
7,2026-06-30,5,10,0,5,4.0,24,5,165.4635007463889,3,3,5665.666666666667,5399.0,0
8,2026-06-30,6,13,4,0,,23,6,96.40210930055555,4,3,10651.173913043478,0.0,0
9,2026-06-30,5,9,1,0,,15,6,286.2942987588889,2,1,10599.0,0.0,0
10,2026-06-30,3,8,0,0,,11,3,235.8846288422222,1,1,6999.0,0.0,0
11,2026-06-30,3,5,0,0,,8,3,84.84361824166666,2,2,6499.0,0.0,0
12,2026-06-30,2,6,0,0,,8,2,2136.6255626233333,2,2,5999.0,0.0,0
13,2026-06-30,4,8,3,0,,15,4,183.52317865527777,2,2,7399.0,0.0,0
14,2026-06-30,3,7,0,0,,10,3,356.0409963066666,1,1,4999.0,0.0,0
15,2026-06-30,7,12,2,7,5.0,33,7,19.78571182,3,2,6332.333333333333,6141.857142857143,0
16,2026-06-30,3,9,1,0,,13,3,703.7460338947222,3,3,5460.538461538462,0.0,0
17,2026-06-30,3,4,2,0,,9,2,482.73293226694443,2,2,6332.333333333333,0.0,0
18,2026-06-30,4,8,0,0,,12,4,255.68319104944442,3,2,10665.666666666666,0.0,0
19,2026-06-30,3,5,2,0,,10,2,1618.430709901389,2,2,6199.0,0.0,0
20,2026-06-30,9,15,5,1,,30,9,25.189284839444444,4,3,10799.0,12999.0,0
21,2026-06-30,3,8,0,0,,11,3,85.38299892472223,2,1,11180.818181818182,0.0,0
22,2026-06-30,4,6,3,4,4.0,21,4,209.59119274694444,3,2,10808.52380952381,10999.0,0
23,2026-06-30,6,10,2,0,,18,6,342.2914135725,2,2,6332.333333333333,0.0,0
24,2026-06-30,5,11,0,0,,16,3,51.26447403055556,3,2,10249.0,0.0,0
25,2026-06-30,5,6,1,0,,12,5,1318.671399837778,2,2,6665.666666666667,0.0,0
26,2026-06-30,5,10,5,2,,22,5,378.20141196249995,1,1,4999.0,4999.0,0
27,2026-06-30,3,4,0,0,,7,3,1848.1147641530556,3,3,8141.857142857143,0.0,0
28,2026-06-30,6,13,1,0,,20,5,219.2424727177778,3,3,7199.0,0.0,0
29,2026-06-30,4,8,4,3,,19,4,176.40707366416666,2,2,6577.9473684210525,6332.333333333333,0
30,2026-06-30,4,6,1,0,,11,4,893.0783456497221,3,3,7726.272727272727,0.0,0
31,2026-06-30,5,8,2,3,,18,5,335.12649349222227,3,2,10443.444444444445,10332.333333333334,0
32,2026-06-30,4,6,3,0,,13,3,292.91850515277775,2,2,8537.461538461539,0.0,1
33,2026-06-30,5,9,5,2,,21,5,46.25586415472222,3,2,9760.904761904761,7999.0,0
34,2026-06-30,2,2,1,0,,5,2,1895.4881335263888,2,2,6199.0,0.0,0
35,2026-06-30,4,6,2,0,,12,4,55.96084188388888,3,3,7832.333333333333,0.0,0
36,2026-06-30,7,15,5,3,,30,7,2.5134735811111115,4,3,7599.0,7665.666666666667,0
37,2026-06-30,3,4,2,0,,9,2,1226.9344885238888,1,1,4999.0,0.0,0
38,2026-06-30,4,9,3,1,,17,4,68.56166760444445,3,2,11351.941176470587,12999.0,0
39,2026-06-30,6,11,2,3,1.0,23,6,449.4493023986111,2,2,5346.826086956522,4999.0,0
40,2026-06-30,3,8,2,1,,14,3,644.1388681288889,3,2,10713.285714285714,6999.0,0
41,2026-06-30,4,9,0,0,,13,4,856.4180377008333,3,2,9460.538461538461,0.0,0
42,2026-06-30,3,8,1,0,,12,3,608.2663114272223,2,2,6332.333333333333,0.0,0
43,2026-06-30,4,7,1,3,,15,4,87.17290289833333,3,2,11265.666666666666,11665.666666666666,0
44,2026-06-30,5,12,1,0,,18,6,695.9782345311111,2,2,5221.222222222223,0.0,0
45,2026-06-30,4,8,0,0,,12,4,699.349637185,2,1,11665.666666666666,0.0,0
46,2026-06-30,4,10,0,0,,14,4,380.35604302,3,2,10141.857142857143,0.0,0
47,2026-06-30,4,9,0,0,,13,4,15.67453659861111,3,3,6845.153846153846,0.0,0
48,2026-06-30,3,5,0,0,,8,3,426.02965783055555,2,2,6999.0,0.0,0
49,2026-06-30,7,16,4,1,,28,7,21.549180880555557,2,2,5141.857142857143,4999.0,0
50,2026-06-30,3,4,0,0,,7,3,852.2731213347222,1,1,6999.0,0.0,0
51,2026-06-30,6,13,1,0,,20,6,602.9344029927778,3,2,10999.0,0.0,0
52,2026-06-30,5,10,2,2,,19,5,343.74651596583334,3,2,8999.0,7999.0,0
53,2026-06-30,5,10,0,0,,15,5,463.3811970122222,2,2,5265.666666666667,0.0,0
54,2026-06-30,1,3,0,0,,4,1,1776.5936031877777,3,2,10499.0,0.0,0
55,2026-06-30,7,14,1,0,,22,7,131.35492051611112,1,1,4999.0,0.0,0
56,2026-06-30,5,9,0,0,,14,5,152.8398696175,2,2,5856.142857142857,0.0,0
57,2026-06-30,5,8,4,1,,18,5,154.5009885711111,1,1,4999.0,4999.0,0
58,2026-06-30,2,5,1,0,,8,2,940.270755498611,1,1,4999.0,0.0,0
59,2026-06-30,4,9,0,0,,13,4,34.50488125361111,2,2,7922.076923076923,0.0,0
60,2026-06-30,5,10,4,1,,20,5,11.063390886666667,1,1,4999.0,4999.0,0
61,2026-06-30,3,5,0,0,,8,3,1076.4954059416666,2,2,8249.0,0.0,0
62,2026-06-30,4,9,0,0,,13,4,440.6575438525,2,2,5306.692307692308,0.0,0
63,2026-06-30,2,5,1,0,,8,2,506.1350919244444,1,1,6999.0,0.0,0
64,2026-06-30,8,17,5,4,,34,8,2.186015711388889,2,2,5234.294117647059,4999.0,0
65,2026-06-30,2,5,0,0,,7,2,1625.9934022116665,3,2,8141.857142857143,0.0,0
66,2026-06-30,7,12,5,2,,26,7,242.58882013277778,4,3,7306.692307692308,6999.0,0
67,2026-06-30,3,8,1,0,,12,3,713.1951884727778,2,1,10999.0,0.0,0
68,2026-06-30,6,11,0,0,,17,6,80.02346785555555,2,1,11351.941176470587,0.0,0
69,2026-06-30,1,3,0,0,,4,1,24.455416313055554,1,1,6999.0,0.0,0
70,2026-06-30,6,8,0,0,,14,6,356.90892366777774,3,3,7141.857142857143,0.0,0
71,2026-06-30,5,10,2,5,3.0,25,4,53.539966545,2,2,7239.0,7399.0,0
72,2026-06-30,3,6,0,0,,9,3,747.5496493505556,2,2,7665.666666666667,0.0,0
73,2026-06-30,6,10,2,0,,18,6,874.5094032508333,2,2,5110.111111111111,0.0,0
74,2026-06-30,7,11,2,0,,20,6,621.5600078855556,3,3,6999.0,0.0,0
75,2026-06-30,8,17,6,2,1.0,34,8,85.12878320583333,4,3,9057.823529411764,8999.0,0
76,2026-06-30,4,8,0,0,,12,4,355.19886257527776,3,2,7665.666666666667,0.0,0
77,2026-06-30,5,10,3,0,,18,5,888.2014339080555,2,2,7332.333333333333,0.0,0
78,2026-06-30,4,9,0,0,,13,4,781.9723972613888,3,3,5768.2307692307695,0.0,0
79,2026-06-30,5,9,3,0,,17,5,995.1481166519444,2,2,7351.941176470588,0.0,0
80,2026-06-30,6,15,2,0,,23,6,448.67388133416665,4,3,7781.608695652174,0.0,0
81,2026-06-30,5,11,2,0,,18,4,343.1347037752778,2,2,6443.444444444444,0.0,0
82,2026-06-30,7,14,4,3,,28,7,443.6430302930555,3,2,11927.57142857143,12999.0,0
83,2026-06-30,6,15,0,0,,21,6,494.45300525000005,3,2,10713.285714285714,0.0,0
84,2026-06-30,6,10,3,3,,22,5,194.50062980083334,2,2,5362.636363636364,4999.0,0
85,2026-06-30,5,9,1,5,4.0,24,5,207.74189204444446,3,3,5749.0,5399.0,0
86,2026-06-30,6,14,2,0,,22,6,1276.7209880238888,2,2,5726.272727272727,0.0,0
87,2026-06-30,4,10,0,0,,14,4,1142.966216191111,2,2,7427.571428571428,0.0,0
88,2026-06-30,3,6,2,1,,12,3,39.35262049111111,3,3,7165.666666666667,6999.0,0
89,2026-06-30,4,6,0,0,,10,4,272.7747744180556,1,1,4999.0,0.0,0
90,2026-06-30,4,8,0,0,,12,4,269.7913762047222,2,1,9332.333333333334,0.0,0
91,2026-06-30,4,10,1,0,,15,4,687.6849330472222,3,2,10599.0,0.0,0
92,2026-06-30,4,8,0,0,,12,4,84.62660917305556,3,2,10999.0,0.0,0
93,2026-06-30,8,16,3,8,5.0,40,7,194.19810015583334,3,2,7799.0,7749.0,0
94,2026-06-30,5,8,1,0,,14,5,44.737135627499995,2,2,5570.428571428572,0.0,0
95,2026-06-30,6,7,3,1,,17,6,37.34356921888889,4,3,8646.058823529413,12999.0,0
96,2026-06-30,4,8,3,4,3.0,22,4,633.2456504502777,2,2,7362.636363636364,7499.0,0
97,2026-06-30,4,8,1,0,,13,4,1368.4616164783333,3,2,9922.076923076924,0.0,0
98,2026-06-30,3,4,0,0,,7,3,767.4542816455556,2,2,7570.428571428572,0.0,0
99,2026-06-30,6,15,1,0,,22,5,630.9992895094445,2,2,6817.181818181818,0.0,0
100,2026-06-30,5,6,1,0,,12,5,819.0860111497223,4,3,7665.666666666667,0.0,0
101,2026-06-30,8,17,6,4,,35,8,589.370681446389,3,2,10713.285714285714,9499.0,0
102,2026-06-30,4,7,4,4,3.0,22,4,1064.5824387291666,2,2,5180.818181818182,4999.0,0
103,2026-06-30,7,11,1,0,,19,7,465.94393662277776,3,2,9630.578947368422,0.0,0
104,2026-06-30,5,10,1,0,,16,5,0.9767761022222222,2,2,7374.0,0.0,0
105,2026-06-30,5,12,2,1,,20,5,1017.0677837969445,3,2,11599.0,12999.0,0
106,2026-06-30,8,12,3,1,1.0,25,7,11.062741447222221,3,3,7239.0,8999.0,0
107,2026-06-30,4,11,1,0,,16,4,328.7190870127778,2,2,6749.0,0.0,0
108,2026-06-30,4,9,0,0,,13,4,1191.639731388611,2,1,10845.153846153846,0.0,0
109,2026-06-30,4,10,1,0,,15,4,742.0658295433333,2,2,5265.666666666667,0.0,0
110,2026-06-30,4,7,1,0,,12,4,369.9562885525,1,1,4999.0,0.0,0
111,2026-06-30,3,7,2,0,,12,3,881.9944217186111,4,3,9165.666666666666,0.0,0
112,2026-06-30,6,11,4,0,,21,6,290.6903637958333,2,2,5760.9047619047615,0.0,0
113,2026-06-30,6,10,2,6,5.0,29,6,198.7706375311111,3,2,9412.793103448275,9665.666666666666,0
114,2026-06-30,7,14,1,0,,22,7,705.5520261952778,2,1,10999.0,0.0,0
115,2026-06-30,2,2,0,0,,4,2,207.86303941694445,1,1,6999.0,0.0,0
116,2026-06-30,4,7,0,0,,11,4,87.30898528861111,2,2,7362.636363636364,0.0,0
117,2026-06-30,3,4,1,0,,8,3,331.51950625222224,2,2,6999.0,0.0,0
118,2026-06-30,5,10,3,2,,20,5,498.30350292277774,3,2,7599.0,6999.0,0
119,2026-06-30,7,15,1,0,,23,7,628.3365330075001,3,2,10477.260869565218,0.0,0
120,2026-06-30,3,7,1,0,,11,3,444.9544310588889,3,2,8453.545454545454,0.0,0
121,2026-06-30,4,8,0,0,,12,3,7.6625440625,2,2,5665.666666666667,0.0,0
122,2026-06-30,3,5,2,1,,11,3,685.0020362869444,2,2,6271.727272727273,4999.0,0
123,2026-06-30,4,8,1,0,,13,4,408.9539670163889,1,1,6999.0,0.0,0
124,2026-06-30,5,8,0,0,,13,5,778.7051807872223,1,1,6999.0,0.0,0
125,2026-06-30,3,6,2,1,,12,3,713.83442227,1,1,6999.0,6999.0,0
126,2026-06-30,5,9,3,0,,17,5,329.6461019755556,2,2,5351.941176470588,0.0,0
127,2026-06-30,4,8,1,0,,13,4,543.7478319636111,1,1,4999.0,0.0,0
128,2026-06-30,8,16,6,1,,31,8,51.13097674361111,2,1,11579.645161290322,12999.0,0
129,2026-06-30,6,12,4,1,,23,6,832.5212691313889,3,2,8129.434782608696,8999.0,0
130,2026-06-30,4,7,2,0,,13,4,11.007236165555554,4,3,11152.846153846154,0.0,0
131,2026-06-30,4,9,0,0,,13,5,138.10155031222223,1,1,4999.0,0.0,0
132,2026-06-30,3,6,2,1,1.0,13,3,116.87612419499999,2,2,5306.692307692308,4999.0,1
133,2026-06-30,6,10,3,2,1.0,22,6,32.532736864166665,2,2,6544.454545454545,5999.0,0
134,2026-06-30,1,1,0,0,,2,1,310.68397666388887,1,1,6999.0,0.0,0
135,2026-06-30,4,5,1,0,,10,4,292.9735625275,3,2,11599.0,0.0,0
136,2026-06-30,3,7,1,0,,11,3,693.1937643069444,1,1,4999.0,0.0,0
137,2026-06-30,6,10,1,6,3.0,26,6,87.82428176222221,2,2,6229.7692307692305,6332.333333333333,0
138,2026-06-30,5,12,1,0,,18,5,379.7504027008333,2,2,6776.777777777777,0.0,0
139,2026-06-30,4,10,0,0,,14,4,186.133333315,2,2,6713.285714285715,0.0,0
140,2026-06-30,6,9,0,0,,15,6,238.49004584555556,2,2,7132.333333333333,0.0,0
141,2026-06-30,5,8,0,0,,13,4,69.72968087111111,3,3,7306.692307692308,0.0,0
142,2026-06-30,6,14,4,6,4.0,34,6,337.4705666697222,3,3,6763.705882352941,6665.666666666667,1
143,2026-06-30,4,8,3,0,,15,4,42.25901915805556,3,3,7399.0,0.0,0
144,2026-06-30,7,14,3,5,1.0,30,8,192.08034158805557,2,2,5332.333333333333,5399.0,0
145,2026-06-30,6,12,4,2,,24,6,554.0331554116667,3,2,11332.333333333334,10999.0,0
146,2026-06-30,7,15,4,7,6.0,39,7,611.7874999669444,1,1,4999.0,4999.0,0
147,2026-06-30,2,3,0,0,,5,2,459.64063700888886,2,1,10599.0,0.0,0
148,2026-06-30,4,10,1,0,,15,5,64.6655849525,1,1,4999.0,0.0,0
149,2026-06-30,3,7,0,0,,10,3,1326.694120448611,3,2,8399.0,0.0,0
150,2026-06-30,2,6,0,0,,8,2,1329.665570726389,2,2,5249.0,0.0,0
151,2026-06-30,5,9,2,0,,16,5,331.8702141027778,2,1,11499.0,0.0,0
152,2026-06-30,3,4,0,0,,7,3,19.400530337777777,2,2,5570.428571428572,0.0,0
153,2026-06-30,4,9,0,0,,13,4,14.761764005833333,3,2,10691.307692307691,0.0,0
154,2026-06-30,2,3,1,1,,7,2,310.36912659611113,1,1,6999.0,6999.0,0
155,2026-06-30,3,3,1,0,,7,3,258.8363531886111,2,2,6427.571428571428,0.0,0
156,2026-06-30,3,4,2,1,,10,3,471.29181941388885,2,2,8199.0,6999.0,0
157,2026-06-30,11,20,5,11,9.0,56,10,67.0510330375,4,3,5641.857142857143,5544.454545454545,0
158,2026-06-30,2,5,1,0,,8,2,1307.8558850555557,1,1,12999.0,0.0,0
159,2026-06-30,5,9,0,0,,14,5,135.208071705,3,3,5570.428571428572,0.0,0
160,2026-06-30,1,2,0,0,,3,1,1369.6082633480557,1,1,6999.0,0.0,0
161,2026-06-30,6,11,0,0,,17,6,173.54060466555555,2,2,6881.35294117647,0.0,0
162,2026-06-30,4,8,2,4,4.0,22,4,176.73815498166667,2,2,6817.181818181818,6999.0,0
163,2026-06-30,3,6,0,1,,10,3,235.75671769333334,2,1,9799.0,8999.0,0
164,2026-06-30,8,15,4,8,6.0,41,7,503.04547522333337,3,2,7828.268292682927,8249.0,0
165,2026-06-30,7,15,3,7,7.0,39,8,263.67920947444446,3,2,9716.948717948719,9570.42857142857,0
166,2026-06-30,8,17,6,8,6.0,45,8,1236.1539943936111,3,3,7132.333333333333,6999.0,0
167,2026-06-30,5,8,4,1,1.0,19,5,493.13043459,3,2,10367.421052631578,8999.0,0
168,2026-06-30,7,16,3,7,5.0,38,7,181.99906433722222,2,2,8156.894736842105,9570.42857142857,0
169,2026-06-30,2,3,0,0,,5,2,2057.658060688333,1,1,8999.0,0.0,0
170,2026-06-30,6,10,0,0,,16,6,431.6254166030555,2,1,11749.0,0.0,0
171,2026-06-30,7,16,3,3,1.0,30,7,350.72030157583333,4,3,7599.0,6999.0,0
172,2026-06-30,5,11,0,0,,16,5,118.99240184333334,3,2,7499.0,0.0,0
173,2026-06-30,3,5,0,0,,8,3,886.6592439052778,3,3,7249.0,0.0,0
174,2026-06-30,1,3,1,0,,5,1,543.6378927427778,1,1,4999.0,0.0,0
175,2026-06-30,7,14,2,0,,23,7,207.5793867811111,4,3,9694.652173913044,0.0,0
176,2026-06-30,4,10,3,2,,19,4,993.2379986605555,1,1,4999.0,4999.0,0
177,2026-06-30,6,9,3,0,,18,6,610.7253880500001,1,1,4999.0,0.0,0
178,2026-06-30,4,8,1,0,,13,4,1141.6363787461112,3,2,9614.384615384615,0.0,0
179,2026-06-30,3,7,0,0,,10,3,610.0041842258333,1,1,6999.0,0.0,0
180,2026-06-30,4,7,0,0,,11,5,913.2266252119445,1,1,4999.0,0.0,0
181,2026-06-30,5,8,1,0,,14,5,325.7567346808333,3,2,8427.57142857143,0.0,0
182,2026-06-30,4,6,0,0,,10,4,132.2824571061111,2,2,8199.0,0.0,0
183,2026-06-30,4,8,0,0,,12,4,101.85750196416667,4,3,7165.666666666667,0.0,0
184,2026-06-30,4,6,1,0,,11,4,748.6210404797222,2,2,5726.272727272727,0.0,0
185,2026-06-30,5,9,2,0,,16,5,1061.6879872494444,2,1,10249.0,0.0,0
186,2026-06-30,4,5,2,0,,11,4,171.84436525416666,2,2,8089.909090909091,0.0,0
187,2026-06-30,4,7,2,0,,13,4,793.7812340524999,2,2,5306.692307692308,0.0,0
188,2026-06-30,4,6,2,4,4.0,20,4,189.35451125527777,2,2,6299.0,6499.0,0
189,2026-06-30,4,9,2,0,,15,4,122.23236832555556,2,2,7265.666666666667,0.0,0
190,2026-06-30,3,8,1,0,,12,3,1468.3662847627777,3,3,7332.333333333333,0.0,0
191,2026-06-30,4,11,2,0,,17,4,234.18808640416665,2,2,7351.941176470588,0.0,0
193,2026-06-30,5,10,2,0,,17,4,481.69301686277777,3,2,6646.058823529412,0.0,0
194,2026-06-30,4,6,4,2,1.0,17,4,80.00738751611111,1,1,4999.0,4999.0,0
195,2026-06-30,4,7,1,0,,12,3,651.7345734747222,2,2,6332.333333333333,0.0,0
196,2026-06-30,6,13,5,2,,26,6,98.3743974011111,1,1,6999.0,6999.0,0
197,2026-06-30,5,8,2,2,,17,5,1031.0101002761112,2,1,10881.35294117647,10999.0,0
198,2026-06-30,3,5,1,0,,9,3,15.4231660625,2,1,11221.222222222223,0.0,0
199,2026-06-30,6,12,2,1,,21,6,28.20755293722222,3,2,7570.428571428572,6999.0,0
200,2026-06-30,5,14,2,5,4.0,30,6,523.6786918938889,3,2,7665.666666666667,8199.0,0
201,2026-06-30,6,9,1,0,,16,6,451.0792246963889,4,3,8374.0,0.0,0
202,2026-06-30,5,13,1,0,,19,5,1217.4235514180557,3,2,11209.526315789473,0.0,0
203,2026-06-30,6,11,1,0,,18,5,164.1299423927778,3,3,8665.666666666666,0.0,0
204,2026-06-30,6,10,2,1,,19,6,286.6685943977778,1,1,6999.0,6999.0,0
205,2026-06-30,5,10,2,5,4.0,26,5,80.3246659863889,4,3,11614.384615384615,11799.0,1
206,2026-06-30,2,3,2,1,1.0,9,1,2468.4902646069445,1,1,6999.0,6999.0,0
207,2026-06-30,3,6,0,0,,9,3,862.2074658922222,2,1,9887.888888888889,0.0,0
208,2026-06-30,5,8,0,0,,13,5,1115.97093687,4,3,9306.692307692309,0.0,0
209,2026-06-30,7,10,4,0,,21,7,324.44230059333336,1,1,4999.0,0.0,0
210,2026-06-30,5,12,1,0,,18,5,674.3424390916667,3,3,6110.111111111111,0.0,0
211,2026-06-30,2,5,1,0,,8,2,636.29454336,2,1,9499.0,0.0,0
212,2026-06-30,4,8,1,0,,13,4,1743.5620177663889,2,1,10537.461538461539,0.0,0
213,2026-06-30,3,7,0,0,,10,3,569.1525770702777,2,1,10599.0,0.0,0
214,2026-06-30,6,9,1,0,,16,6,95.32426749277778,4,3,9374.0,0.0,0
215,2026-06-30,11,21,5,2,,39,10,87.78273982388889,4,3,11050.28205128205,8999.0,0
216,2026-06-30,7,16,3,7,6.0,39,7,679.5565305205556,2,2,7152.846153846154,7284.714285714285,0
217,2026-06-30,2,4,0,0,,6,2,1726.0799860933332,2,2,5665.666666666667,0.0,0
218,2026-06-30,5,7,0,0,,12,5,547.2449803472223,1,1,4999.0,0.0,0
219,2026-06-30,5,9,2,0,,16,6,420.77922197777775,2,1,10749.0,0.0,0
220,2026-06-30,3,7,2,0,,12,3,827.2368999205555,2,1,9665.666666666666,0.0,0
221,2026-06-30,6,14,2,2,1.0,25,6,339.7239725380556,3,2,9159.0,10999.0,0
222,2026-06-30,4,8,0,0,,12,4,525.0223332055556,3,2,7665.666666666667,0.0,0
223,2026-06-30,5,8,3,2,,18,5,930.8534568938888,3,3,6776.777777777777,6999.0,0
224,2026-06-30,4,8,1,4,3.0,20,4,1586.4342478302779,2,2,7099.0,6999.0,0
225,2026-06-30,4,9,1,0,,14,4,158.43894875361113,1,1,6999.0,0.0,0
226,2026-06-30,1,1,0,0,,2,1,2089.9644752019444,1,1,8999.0,0.0,0
227,2026-06-30,4,7,4,0,,15,4,1119.094680541111,3,3,5932.333333333333,0.0,0
228,2026-06-30,6,9,4,2,1.0,22,6,648.5176564566667,2,2,7362.636363636364,6999.0,0
229,2026-06-30,4,6,0,0,,10,4,97.25947786055555,2,2,6599.0,0.0,0
230,2026-06-30,4,9,1,0,,14,4,1410.6075474658335,2,2,6141.857142857143,0.0,0
231,2026-06-30,6,12,1,0,,19,6,193.20432795916668,3,3,5841.105263157895,0.0,0
232,2026-06-30,3,6,0,0,,9,3,898.0041973808333,1,1,6999.0,0.0,0
233,2026-06-30,3,4,0,0,,7,3,304.6546616183333,1,1,12999.0,0.0,0
234,2026-06-30,3,6,2,0,,11,3,5.33977651,3,2,9908.09090909091,0.0,0
235,2026-06-30,3,7,2,1,,13,3,810.6462579263889,2,1,10845.153846153846,12999.0,0
236,2026-06-30,4,7,2,2,,15,4,72.89412448388889,3,2,8732.333333333334,7999.0,0
237,2026-06-30,6,10,3,0,,19,6,607.7682725408333,2,2,5420.0526315789475,0.0,0
238,2026-06-30,6,10,0,0,,16,6,213.95536638305555,2,2,5249.0,0.0,0
239,2026-06-30,5,10,2,0,,17,5,336.82935573333333,3,2,10999.0,0.0,0
240,2026-06-30,6,12,5,3,1.0,27,7,181.49669237722222,4,3,6776.777777777777,7665.666666666667,0
241,2026-06-30,5,9,1,0,,15,5,594.2403953191666,1,1,4999.0,0.0,0
242,2026-06-30,3,9,2,2,,16,3,796.3646387652777,2,2,6749.0,6999.0,0
243,2026-06-30,6,7,1,0,,14,6,586.2691445052777,3,2,7284.714285714285,0.0,0
244,2026-06-30,5,9,1,0,,15,5,352.84453561944446,4,3,9665.666666666666,0.0,0
245,2026-06-30,5,10,5,1,,21,5,290.1135485075,2,2,5951.380952380952,4999.0,0
246,2026-06-30,4,8,0,0,,12,4,211.92100048027777,3,2,8665.666666666666,0.0,0
247,2026-06-30,3,5,0,0,,8,3,114.41234498944443,3,2,9499.0,0.0,0
248,2026-06-30,4,11,3,1,1.0,20,5,69.44911260472223,2,1,10799.0,8999.0,0
250,2026-06-30,2,5,0,0,,7,2,89.1072694988889,3,2,10427.57142857143,0.0,0
251,2026-06-30,3,6,0,0,,9,3,408.72760039083335,2,2,5221.222222222223,0.0,0
252,2026-06-30,4,9,0,0,,13,4,461.84583602055557,3,2,8383.615384615385,0.0,0
253,2026-06-30,4,8,0,0,,12,4,654.11198166,2,1,11332.333333333334,0.0,0
254,2026-06-30,4,11,1,1,,17,4,24.411222773888888,3,3,7234.294117647059,8999.0,0
255,2026-06-30,4,7,3,0,,14,4,12.470147706944445,1,1,6999.0,0.0,0
256,2026-06-30,5,10,2,0,,17,5,504.47829293583334,3,2,6410.764705882353,0.0,0
257,2026-06-30,2,6,1,0,,9,3,322.6450127227778,2,1,12110.111111111111,0.0,0
258,2026-06-30,6,9,0,0,,15,6,895.6400723319445,2,2,7799.0,0.0,0
259,2026-06-30,7,11,4,7,4.0,33,7,298.5499813241667,3,3,6999.0,6999.0,0
260,2026-06-30,4,8,0,0,,12,4,528.8265257033333,2,1,10332.333333333334,0.0,0
261,2026-06-30,4,8,1,0,,13,4,1558.3530906969443,2,1,10229.76923076923,0.0,0
262,2026-06-30,3,6,1,0,,10,3,274.5490742097222,3,2,8599.0,0.0,0
263,2026-06-30,5,10,2,1,,18,5,61.18568002111111,1,1,6999.0,6999.0,0
264,2026-06-30,1,1,0,0,,2,1,1633.3978579938887,1,1,4999.0,0.0,0
265,2026-06-30,5,12,2,0,,19,5,1.5875897272222221,2,2,7630.578947368421,0.0,0
266,2026-06-30,6,9,3,2,,20,6,119.88826058194444,2,2,7199.0,6999.0,0
267,2026-06-30,4,11,1,0,,16,4,241.94623864305555,2,2,5374.0,0.0,0
268,2026-06-30,6,13,2,6,3.0,30,5,380.29814635777774,3,3,6799.0,6665.666666666667,0
269,2026-06-30,6,11,1,0,,18,6,209.44300700638888,4,3,11221.222222222223,0.0,0
270,2026-06-30,4,11,0,0,,15,4,265.9221085616667,2,2,6465.666666666667,0.0,0
271,2026-06-30,2,4,0,0,,6,2,1739.962153636111,3,2,9665.666666666666,0.0,0
272,2026-06-30,7,13,4,3,,27,7,770.7225343597222,1,1,4999.0,4999.0,0
273,2026-06-30,4,6,3,0,,13,4,61.39795415138889,3,3,5460.538461538462,0.0,0
274,2026-06-30,4,8,0,0,,12,5,580.1029990166667,3,3,6165.666666666667,0.0,0
275,2026-06-30,5,9,1,0,,15,5,970.6930593427778,3,3,6732.333333333333,0.0,0
276,2026-06-30,6,10,1,1,,18,6,112.81059228583332,3,2,7554.555555555556,6999.0,0
277,2026-06-30,2,3,0,0,,5,2,685.6702970613889,1,1,4999.0,0.0,0
278,2026-06-30,5,9,0,0,,14,5,121.4800698575,1,1,6999.0,0.0,0
279,2026-06-30,4,8,0,0,,12,5,194.1071325725,2,1,10332.333333333334,0.0,0
280,2026-06-30,6,15,4,0,,25,5,1345.8118483944445,4,3,5879.0,0.0,0
281,2026-06-30,2,4,2,0,,8,2,1617.7619119111112,2,2,7499.0,0.0,0
282,2026-06-30,5,11,1,0,,17,5,169.0774936075,3,2,10057.823529411764,0.0,0
283,2026-06-30,6,10,3,6,4.0,29,6,903.1504547024999,3,3,7550.724137931034,7665.666666666667,1
284,2026-06-30,3,7,1,0,,11,3,760.7040233769445,2,2,5362.636363636364,0.0,0
285,2026-06-30,5,8,3,5,4.0,25,5,712.3764234377777,3,2,10119.0,9799.0,0
286,2026-06-30,4,10,0,0,,14,4,1267.539499471111,1,1,6999.0,0.0,0
287,2026-06-30,2,3,1,0,,6,2,413.12753502416666,2,2,7665.666666666667,0.0,0
288,2026-06-30,9,18,3,9,6.0,45,8,360.65879548916666,2,1,11665.666666666666,11665.666666666666,0
289,2026-06-30,3,5,1,0,,9,3,588.3634128819444,2,2,7221.222222222223,0.0,0
290,2026-06-30,3,7,0,0,,10,3,1454.1565288766667,3,2,8399.0,0.0,0
291,2026-06-30,5,10,0,0,,15,5,1021.7382982255556,4,3,8465.666666666666,0.0,0
292,2026-06-30,7,18,4,1,,30,6,18.085408476111112,2,2,5532.333333333333,4999.0,0
293,2026-06-30,5,11,5,1,1.0,23,5,808.1070735430555,2,1,11955.521739130434,12999.0,0
294,2026-06-30,6,10,3,0,,19,6,248.59703056916666,3,3,7630.578947368421,0.0,0
295,2026-06-30,5,10,0,0,,15,5,100.78738270527776,2,1,11665.666666666666,0.0,0
296,2026-06-30,3,8,0,0,,11,3,971.0463629380555,2,2,5362.636363636364,0.0,0
297,2026-06-30,4,9,1,0,,14,4,563.8808117619444,3,2,11427.57142857143,0.0,0
298,2026-06-30,5,13,0,0,,18,5,315.5795079361111,3,2,7443.444444444444,0.0,0
299,2026-06-30,7,12,2,7,5.0,33,7,123.12478988361111,3,2,7968.69696969697,8141.857142857143,1
300,2026-06-30,5,11,1,0,,17,5,513.2877288616667,3,3,6999.0,0.0,0
301,2026-06-30,5,9,2,0,,16,5,608.2507344175,4,3,10624.0,0.0,0
302,2026-06-30,4,7,2,0,,13,4,520.8097777302778,1,1,6999.0,0.0,0
303,2026-06-30,2,3,0,0,,5,2,1097.2833632772222,2,2,8199.0,0.0,0
304,2026-06-30,4,7,1,0,,12,4,867.3336729044444,3,3,5499.0,0.0,0
305,2026-06-30,3,8,0,0,,11,3,772.5665637738889,2,2,5726.272727272727,0.0,0
306,2026-06-30,4,5,0,0,,9,4,8.474431989722222,2,2,8554.555555555555,0.0,0
307,2026-06-30,3,4,0,0,,7,3,139.20674990027777,2,1,10141.857142857143,0.0,0
308,2026-06-30,8,16,0,0,,24,8,441.66394639638884,2,2,7499.0,0.0,0
309,2026-06-30,3,7,2,1,,13,3,423.0613185408333,2,2,8383.615384615385,8999.0,0
310,2026-06-30,6,9,4,6,6.0,31,6,105.50578828722223,4,3,9708.677419354839,9332.333333333334,0
311,2026-06-30,4,7,2,0,,13,4,97.1787067661111,1,1,4999.0,0.0,0
312,2026-06-30,2,5,0,0,,7,2,1320.164896180278,2,2,6141.857142857143,0.0,0
313,2026-06-30,7,15,4,2,,28,7,1255.091695148889,3,2,5427.571428571428,4999.0,0
314,2026-06-30,4,7,0,0,,11,4,286.59774569833337,1,1,4999.0,0.0,0
315,2026-06-30,4,7,0,0,,11,5,740.1008286072222,2,2,7180.818181818182,0.0,0
316,2026-06-30,3,8,0,0,,11,3,1255.1346393441668,3,2,10999.0,0.0,0
317,2026-06-30,8,15,3,8,6.0,40,8,804.4087998041667,3,2,10999.0,10999.0,0
318,2026-06-30,4,6,0,0,,10,4,677.6348739930555,2,2,7399.0,0.0,0
319,2026-06-30,7,17,3,0,,27,8,122.75051987944444,4,3,7887.888888888889,0.0,0
320,2026-06-30,4,7,1,4,3.0,19,4,69.89041549888888,1,1,4999.0,4999.0,1
321,2026-06-30,2,5,1,0,,8,2,1342.6936740994445,3,2,6499.0,0.0,0
322,2026-06-30,3,7,1,0,,11,3,387.39417849833336,2,1,11908.09090909091,0.0,0
323,2026-06-30,6,11,1,6,4.0,28,6,321.8611437080555,2,2,7856.142857142857,7999.0,0
324,2026-06-30,3,6,1,1,1.0,12,3,645.5060251936111,2,2,5165.666666666667,4999.0,0
325,2026-06-30,5,12,1,0,,18,5,122.18320407277778,2,2,5110.111111111111,0.0,0
326,2026-06-30,2,4,1,0,,7,2,648.2032436225,1,1,4999.0,0.0,0
327,2026-06-30,7,16,2,3,,28,7,73.23033656277778,3,3,5499.0,5665.666666666667,0
328,2026-06-30,4,10,1,1,,16,5,521.1704808377777,3,2,6249.0,4999.0,0
329,2026-06-30,4,5,2,2,1.0,14,4,290.9179269555556,1,1,6999.0,6999.0,0
330,2026-06-30,3,8,0,0,,11,3,1621.6831747533333,2,2,5726.272727272727,0.0,0
331,2026-06-30,2,4,0,0,,6,2,619.5126791886111,2,2,7332.333333333333,0.0,0
332,2026-06-30,4,8,4,1,1.0,18,4,430.1842287133333,1,1,4999.0,4999.0,0
333,2026-06-30,3,4,1,1,,9,3,161.16589754083333,2,1,11665.666666666666,12999.0,0
334,2026-06-30,3,6,0,0,,9,3,691.3036958422222,2,2,7221.222222222223,0.0,0
335,2026-06-30,6,13,3,2,,24,6,658.5383554369444,1,1,6999.0,6999.0,0
336,2026-06-30,5,13,0,0,,18,5,433.4069700511111,3,3,7110.111111111111,0.0,0
337,2026-06-30,3,5,1,0,,9,3,1828.4333406536111,3,3,7221.222222222223,0.0,0
338,2026-06-30,4,10,1,0,,15,4,1418.7236951158334,2,2,8199.0,0.0,0
339,2026-06-30,5,11,2,1,,19,5,8.472690489166666,2,2,5420.0526315789475,4999.0,0
340,2026-06-30,9,17,3,3,,32,9,505.48875009249997,3,3,5249.0,4999.0,0
341,2026-06-30,5,9,3,5,3.0,25,5,674.7319536175,2,2,5799.0,5799.0,1
342,2026-06-30,4,9,1,0,,14,4,115.74928888111111,2,2,5427.571428571428,0.0,0
343,2026-06-30,3,5,3,1,,12,3,764.7105602052778,2,2,8332.333333333334,8999.0,0
344,2026-06-30,5,9,3,2,1.0,20,5,225.09925113305556,3,2,11899.0,12999.0,0
345,2026-06-30,7,14,5,3,1.0,30,7,4.867645102499999,2,2,5065.666666666667,4999.0,0
346,2026-06-30,3,6,1,2,,12,3,369.30860232916666,3,2,10165.666666666666,10999.0,0
347,2026-06-30,4,9,0,1,,14,3,792.4093693122222,1,1,4999.0,4999.0,0
348,2026-06-30,3,6,2,1,,12,3,181.08821011972222,1,1,6999.0,6999.0,0
349,2026-06-30,1,1,0,0,,2,1,2077.034746760278,1,1,8999.0,0.0,0
350,2026-06-30,2,3,1,0,,6,2,342.5052236166667,1,1,4999.0,0.0,0
351,2026-06-30,3,4,0,0,,7,3,1503.8488189394443,1,1,4999.0,0.0,0
352,2026-06-30,5,10,0,0,,15,5,239.82040427833334,3,2,10865.666666666666,0.0,0
353,2026-06-30,6,9,5,2,,22,5,303.93477628861115,3,3,7544.454545454545,6999.0,0
354,2026-06-30,5,7,4,2,1.0,19,5,669.7094835825001,2,1,11525.315789473685,10999.0,0
355,2026-06-30,2,5,0,0,,7,2,849.0486710624999,2,1,12427.57142857143,0.0,0
356,2026-06-30,5,11,0,0,,16,5,1024.4249945669444,3,3,7124.0,0.0,0
357,2026-06-30,4,10,0,0,,14,4,1340.029583001389,3,2,11284.714285714286,0.0,0
358,2026-06-30,8,17,7,3,,35,8,53.97574782388889,4,3,5856.142857142857,4999.0,0
359,2026-06-30,11,26,7,11,7.0,62,10,74.33885818083334,4,3,5579.645161290323,5362.636363636364,0
360,2026-06-30,7,13,3,7,3.0,33,6,245.40984945833333,3,2,9786.878787878788,9856.142857142857,1
361,2026-06-30,7,14,3,7,4.0,35,7,281.5612900433333,3,2,10599.0,10713.285714285714,0
362,2026-06-30,4,9,2,2,,17,4,856.6615574077778,3,3,7234.294117647059,6999.0,0
363,2026-06-30,10,17,5,10,8.0,50,10,134.02235064833332,1,1,4999.0,4999.0,1
364,2026-06-30,5,7,0,0,,12,5,258.78485569583336,3,3,6665.666666666667,0.0,0
365,2026-06-30,6,12,0,0,,18,6,114.11300922888888,2,1,11665.666666666666,0.0,0
366,2026-06-30,3,6,2,0,,11,3,1139.1907438252779,2,2,5544.454545454545,0.0,0
367,2026-06-30,5,11,4,3,,23,5,423.3608810313889,2,2,7346.826086956522,6999.0,0
368,2026-06-30,4,7,0,0,,11,4,187.74591619305556,2,1,10089.90909090909,0.0,0
369,2026-06-30,2,4,1,1,,8,2,1409.3586625191667,2,2,7249.0,6999.0,0
370,2026-06-30,2,4,1,0,,7,2,1460.9841388152777,1,1,4999.0,0.0,0
371,2026-06-30,2,5,1,0,,8,2,2181.5821731794445,3,2,8999.0,0.0,0
372,2026-06-30,7,11,4,7,6.0,35,7,121.19774279083335,2,2,5684.714285714285,5570.428571428572,0
373,2026-06-30,5,7,2,0,,14,5,114.10485902138889,2,2,7427.571428571428,0.0,0
374,2026-06-30,3,5,2,0,,10,3,478.7056580288889,3,2,9399.0,0.0,0
375,2026-06-30,3,5,0,0,,8,3,162.29432122527777,2,1,10499.0,0.0,0
376,2026-06-30,6,16,4,1,,27,6,271.3013629308333,2,2,6036.037037037037,8999.0,0
377,2026-06-30,9,19,4,9,7.0,48,9,870.3945384836112,3,2,7165.666666666667,6999.0,1
378,2026-06-30,4,9,1,0,,14,4,1241.3943958666666,2,2,5570.428571428572,0.0,0
379,2026-06-30,6,14,2,0,,22,6,154.83762652,3,2,10453.545454545454,0.0,0
380,2026-06-30,8,19,5,8,7.0,47,9,56.3785668575,2,2,5339.425531914893,5499.0,0
381,2026-06-30,3,5,0,0,,8,3,719.3580304183333,2,2,5749.0,0.0,0
382,2026-06-30,3,4,0,0,,7,3,167.5015109161111,2,1,11856.142857142857,0.0,0
383,2026-06-30,5,6,1,0,,12,5,598.6260070175,3,2,11332.333333333334,0.0,0
384,2026-06-30,3,8,1,0,,12,3,240.43762037305555,3,2,8665.666666666666,0.0,0
385,2026-06-30,6,9,0,0,,15,6,76.00329435833333,4,3,9532.333333333334,0.0,0
386,2026-06-30,6,10,0,0,,16,6,1016.3373913819445,3,2,10999.0,0.0,0
387,2026-06-30,5,10,1,5,3.0,24,5,83.53907377694443,2,1,10499.0,10599.0,0
388,2026-06-30,5,11,4,1,,21,5,228.11132803916666,3,2,7951.380952380952,6999.0,0
389,2026-06-30,5,11,2,1,,19,3,861.3339019138889,2,2,7104.263157894737,6999.0,0
390,2026-06-30,7,14,4,0,,25,7,861.9048452341666,2,1,12199.0,0.0,0
391,2026-06-30,2,2,0,0,,4,2,340.0504209788889,2,2,7999.0,0.0,0
392,2026-06-30,6,16,1,0,,23,6,10.839833532499998,3,2,9781.608695652174,0.0,0
393,2026-06-30,7,14,2,0,,23,7,262.9906949088889,4,3,10738.130434782608,0.0,0
394,2026-06-30,2,3,0,0,,5,2,1922.134384175,1,1,6999.0,0.0,0
395,2026-06-30,5,13,2,0,,20,5,344.66087490055554,3,2,10799.0,0.0,0
396,2026-06-30,5,7,1,0,,13,5,416.3977235258333,1,1,4999.0,0.0,0
397,2026-06-30,7,14,3,1,,25,7,598.777237285,2,2,5959.0,12999.0,0
398,2026-06-30,5,12,4,2,,23,5,473.8624063777778,3,2,11607.695652173914,12999.0,0
399,2026-06-30,3,7,0,0,,10,3,1265.429919258889,1,1,6999.0,0.0,0
400,2026-06-30,4,9,0,0,,13,4,320.5681872983333,1,1,4999.0,0.0,0
401,2026-06-30,3,8,0,0,,11,3,960.2383770611111,3,2,10817.181818181818,0.0,0
402,2026-06-30,5,10,3,2,,20,5,33.66344274638889,3,2,9999.0,8999.0,0
403,2026-06-30,5,11,0,0,,16,5,537.4692232991666,3,2,7624.0,0.0,0
404,2026-06-30,5,10,5,5,3.0,28,5,471.277092745,2,2,7213.285714285715,6999.0,0
405,2026-06-30,3,6,2,1,1.0,13,3,92.60299960138889,2,2,6845.153846153846,6999.0,0
406,2026-06-30,5,10,1,0,,16,6,140.6550978588889,2,2,7749.0,0.0,0
407,2026-06-30,4,9,2,0,,15,4,961.3537283605556,4,3,6865.666666666667,0.0,0
408,2026-06-30,1,2,0,0,,3,1,1543.8535232722222,1,1,6999.0,0.0,0
409,2026-06-30,5,11,2,1,,19,4,1169.5056774633333,4,3,9946.368421052632,8999.0,0
410,2026-06-30,6,11,2,0,,19,6,303.10030270277775,2,2,5314.789473684211,0.0,0
411,2026-06-30,4,7,2,1,,14,4,971.8047685094444,2,2,6856.142857142857,6999.0,0
412,2026-06-30,7,15,1,0,,23,7,401.0090893208333,3,3,6651.173913043478,0.0,0
413,2026-06-30,3,4,0,0,,7,3,467.35581481944445,1,1,6999.0,0.0,0
414,2026-06-30,1,1,0,0,,2,1,937.3131786238888,1,1,4999.0,0.0,0
415,2026-06-30,4,6,1,0,,11,4,1355.6584828727778,2,2,5726.272727272727,0.0,0
416,2026-06-30,4,10,0,0,,14,4,51.57870178722222,3,2,6141.857142857143,0.0,0
417,2026-06-30,6,13,2,0,,21,7,104.29854397444444,3,3,7379.952380952381,0.0,0
418,2026-06-30,5,10,0,0,,15,5,64.63179392361111,4,3,7799.0,0.0,0
419,2026-06-30,4,9,2,0,,15,4,83.668988605,3,2,9532.333333333334,0.0,0
420,2026-06-30,4,8,0,0,,12,4,152.16988954972223,2,1,10665.666666666666,0.0,0
421,2026-06-30,5,9,1,0,,15,5,582.7614843344444,2,2,5265.666666666667,0.0,0
422,2026-06-30,3,7,0,0,,10,3,29.718937201666666,2,2,7599.0,0.0,0
423,2026-06-30,3,5,3,2,1.0,14,3,1280.8086584144446,2,2,8284.714285714286,6999.0,0
424,2026-06-30,4,8,2,0,,14,4,1118.4019788991666,3,3,5713.285714285715,0.0,0
425,2026-06-30,4,7,2,1,1.0,15,4,366.86903787805556,2,2,5265.666666666667,4999.0,0
426,2026-06-30,4,8,3,4,3.0,22,4,340.9439360327778,2,2,6544.454545454545,6499.0,0
427,2026-06-30,6,9,1,0,,16,6,5.560995999722222,1,1,4999.0,0.0,0
428,2026-06-30,6,12,2,3,,23,6,184.8594889036111,3,2,10564.217391304348,11665.666666666666,0
429,2026-06-30,5,11,3,0,,19,4,1373.6925627147223,2,1,11525.315789473685,0.0,0
430,2026-06-30,4,10,0,0,,14,4,1693.0620474516668,2,1,11284.714285714286,0.0,0
431,2026-06-30,3,5,2,1,,11,3,179.5504100225,2,1,10089.90909090909,8999.0,0
432,2026-06-30,2,3,1,0,,6,2,248.45316704305554,1,1,8999.0,0.0,0
433,2026-06-30,6,14,3,6,5.0,34,5,136.6744828538889,2,2,5587.235294117647,5665.666666666667,0
434,2026-06-30,2,5,0,0,,7,2,458.57239546,3,2,11284.714285714286,0.0,0
435,2026-06-30,5,13,1,0,,19,5,99.43629695444444,3,2,6051.631578947368,0.0,0
436,2026-06-30,4,8,1,0,,13,4,410.6355949866667,1,1,6999.0,0.0,0
437,2026-06-30,4,8,3,3,1.0,19,4,1671.0783022938888,1,1,4999.0,4999.0,0
438,2026-06-30,4,9,2,0,,15,4,919.6686849538888,1,1,6999.0,0.0,0
439,2026-06-30,4,8,1,0,,13,4,654.2015634422223,3,3,5922.076923076923,0.0,0
440,2026-06-30,7,15,3,7,5.0,37,9,383.2744570616667,1,1,6999.0,6999.0,1
441,2026-06-30,5,9,1,0,,15,5,1493.0615912138887,2,2,6065.666666666667,0.0,0
442,2026-06-30,5,11,0,0,,16,5,1427.3731947491667,3,3,5374.0,0.0,0
443,2026-06-30,3,8,0,0,,11,4,791.7618366919445,4,3,9726.272727272728,0.0,0
444,2026-06-30,4,8,0,0,,12,4,596.7008757402778,1,1,4999.0,0.0,0
445,2026-06-30,6,12,2,6,4.0,30,6,336.1625548391667,4,3,6665.666666666667,6999.0,0
446,2026-06-30,9,20,5,5,1.0,40,9,255.77677353194446,3,2,11399.0,12199.0,0
447,2026-06-30,3,6,0,0,,9,3,624.3484899427777,2,2,5443.444444444444,0.0,0
448,2026-06-30,3,4,2,0,,9,3,222.63602280833334,2,1,10332.333333333334,0.0,0
449,2026-06-30,7,14,3,7,5.0,36,7,448.42554637055554,2,2,5165.666666666667,5284.714285714285,1
450,2026-06-30,4,9,1,0,,14,4,360.29127922277775,1,1,4999.0,0.0,0
451,2026-06-30,6,8,2,0,,16,6,396.9009746016667,1,1,6999.0,0.0,0
452,2026-06-30,3,6,1,0,,10,3,830.3827871541667,2,1,11799.0,0.0,0
453,2026-06-30,3,4,1,0,,8,3,776.3454144663889,2,2,5499.0,0.0,0
454,2026-06-30,4,5,1,0,,10,4,480.49150793194445,2,1,10999.0,0.0,0
455,2026-06-30,5,7,1,0,,13,5,133.12442096333334,1,1,6999.0,0.0,0
456,2026-06-30,5,8,3,1,,17,6,191.68833639777776,2,2,5234.294117647059,4999.0,0
457,2026-06-30,1,3,0,0,,4,1,1942.0504004697223,1,1,6999.0,0.0,0
458,2026-06-30,4,7,1,0,,12,4,110.13910517944446,2,1,11332.333333333334,0.0,0
459,2026-06-30,6,10,1,0,,17,6,203.5690030625,4,3,10410.764705882353,0.0,0
460,2026-06-30,2,3,0,0,,5,2,188.07778283750002,2,1,11399.0,0.0,0
461,2026-06-30,3,5,1,0,,9,3,88.91410690722222,2,2,5887.888888888889,0.0,0
462,2026-06-30,4,8,0,0,,12,4,612.1439100777778,3,3,6999.0,0.0,0
463,2026-06-30,4,6,0,0,,10,4,79.37239825361111,3,2,11399.0,0.0,0
464,2026-06-30,6,10,4,1,,21,6,1057.8163592744445,2,2,8427.57142857143,6999.0,0
465,2026-06-30,3,6,1,1,,11,3,611.0748237988888,1,1,4999.0,4999.0,0
466,2026-06-30,5,10,2,0,,17,5,799.3058910513889,3,3,5587.235294117647,0.0,0
467,2026-06-30,5,12,0,0,,17,7,823.1832278536111,2,2,6763.705882352941,0.0,0
468,2026-06-30,2,5,0,0,,7,2,994.7175840283332,2,1,11284.714285714286,0.0,0
469,2026-06-30,4,10,1,0,,15,4,1554.2164896830557,2,1,9532.333333333334,0.0,0
470,2026-06-30,7,16,2,7,2.0,34,7,64.28827614944444,3,3,8351.941176470587,8427.57142857143,0
471,2026-06-30,5,13,3,5,4.0,30,5,432.7206610861111,1,1,6999.0,6999.0,0
472,2026-06-30,2,4,0,0,,6,2,1803.3726632088888,1,1,6999.0,0.0,0
473,2026-06-30,6,9,1,0,,16,6,387.888274825,4,3,7624.0,0.0,0
474,2026-06-30,3,9,0,0,,12,3,441.6126037288889,2,1,10332.333333333334,0.0,0
475,2026-06-30,3,6,0,0,,9,3,317.2871138427778,2,1,11665.666666666666,0.0,0
476,2026-06-30,5,12,4,1,,22,5,32.782002490833335,4,3,7453.545454545455,6999.0,0
477,2026-06-30,2,5,0,2,1.0,10,2,375.39665166222227,4,3,7599.0,6999.0,0
478,2026-06-30,6,12,1,0,,19,6,113.01834308972222,3,3,8051.631578947368,0.0,0
479,2026-06-30,6,12,0,0,,18,6,795.0812450402777,3,2,10554.555555555555,0.0,0
480,2026-06-30,5,12,1,0,,18,5,412.1526023636111,1,1,4999.0,0.0,0
481,2026-06-30,8,20,4,1,,33,8,126.39919539805555,3,3,5302.030303030303,4999.0,0
482,2026-06-30,6,12,0,0,,18,6,12.254472158055556,2,2,7665.666666666667,0.0,0
483,2026-06-30,5,9,4,2,,20,5,415.03236922555556,2,2,5599.0,4999.0,0
484,2026-06-30,3,8,0,0,,11,3,811.3625378622222,3,2,8999.0,0.0,0
485,2026-06-30,6,14,1,0,,21,7,777.7998387427779,4,3,7475.190476190476,0.0,0
486,2026-06-30,3,6,1,0,,10,3,393.2564160819444,3,3,7599.0,0.0,0
487,2026-06-30,2,4,0,0,,6,2,1075.1163568827778,2,1,9665.666666666666,0.0,0
488,2026-06-30,3,4,0,0,,7,3,629.9898496277777,1,1,4999.0,0.0,0
489,2026-06-30,7,13,2,2,,24,8,215.88794591194446,4,3,7415.666666666667,6999.0,0
490,2026-06-30,3,6,0,0,,9,3,1749.7161128494445,2,1,11665.666666666666,0.0,0
491,2026-06-30,9,19,6,9,7.0,50,10,32.30063736722222,2,2,5039.0,4999.0,0
492,2026-06-30,6,12,1,0,,19,6,670.7983219438888,4,3,8788.473684210527,0.0,0
493,2026-06-30,6,15,5,1,,27,6,201.05181528611112,1,1,6999.0,6999.0,0
494,2026-06-30,7,10,3,0,,20,8,137.1742530275,3,2,9799.0,0.0,0
495,2026-06-30,3,7,0,0,,10,3,225.70186867694446,2,1,10599.0,0.0,0
496,2026-06-30,5,9,0,0,,14,5,27.68034503611111,1,1,4999.0,0.0,0
497,2026-06-30,5,10,1,0,,16,5,60.872579995277775,2,1,12249.0,0.0,0
498,2026-06-30,4,7,0,0,,11,4,1046.7082600397223,1,1,4999.0,0.0,0
499,2026-06-30,2,5,0,0,,7,2,107.56414105722222,1,1,6999.0,0.0,0
500,2026-06-30,3,7,1,0,,11,3,658.4190033769445,2,2,7180.818181818182,0.0,0
5,2026-07-07,5,11,2,0,,18,5,161.9617766488889,4,3,6665.666666666667,0.0,0
6,2026-07-07,6,12,1,0,,19,6,517.3838033966666,2,2,7314.789473684211,0.0,0
7,2026-07-07,5,10,0,5,4.0,24,5,333.4635007463889,3,3,5665.666666666667,5399.0,1
8,2026-07-07,6,13,4,0,,23,6,264.4021093005556,4,3,10651.173913043478,0.0,0
9,2026-07-07,5,9,1,0,,15,6,454.2942987588889,2,1,10599.0,0.0,0
10,2026-07-07,4,9,0,0,,13,4,65.16174977916667,1,1,6999.0,0.0,0
11,2026-07-07,3,5,0,0,,8,3,252.84361824166666,2,2,6499.0,0.0,0
12,2026-07-07,3,9,0,0,,12,3,55.19707152555555,2,2,6332.333333333333,0.0,0
13,2026-07-07,4,8,3,0,,15,4,351.5231786552778,2,2,7399.0,0.0,0
14,2026-07-07,4,9,0,0,,13,4,64.86047570277778,2,2,5306.692307692308,0.0,0
15,2026-07-07,7,12,2,7,5.0,33,7,187.78571182000002,3,2,6332.333333333333,6141.857142857143,0
16,2026-07-07,4,10,2,0,,16,4,53.0766541575,3,3,6124.0,0.0,0
17,2026-07-07,4,6,2,0,,12,3,9.084629933611112,2,2,6499.0,0.0,0
18,2026-07-07,4,8,0,0,,12,4,423.6831910494445,3,2,10665.666666666666,0.0,0
19,2026-07-07,3,5,2,0,,10,2,1786.430709901389,2,2,6199.0,0.0,0
20,2026-07-07,9,15,5,1,,30,9,193.18928483944444,4,3,10799.0,12999.0,0
21,2026-07-07,3,8,0,0,,11,3,253.38299892472222,2,1,11180.818181818182,0.0,0
22,2026-07-07,4,6,3,4,4.0,21,4,377.59119274694444,3,2,10808.52380952381,10999.0,0
23,2026-07-07,6,10,2,0,,18,6,510.2914135725,2,2,6332.333333333333,0.0,0
24,2026-07-07,5,11,0,0,,16,3,219.26447403055553,3,2,10249.0,0.0,0
25,2026-07-07,5,6,1,0,,12,5,1486.671399837778,2,2,6665.666666666667,0.0,0
26,2026-07-07,5,10,5,2,,22,5,546.2014119625,1,1,4999.0,4999.0,0
27,2026-07-07,3,4,0,0,,7,3,2016.1147641530556,3,3,8141.857142857143,0.0,0
28,2026-07-07,6,13,1,0,,20,5,387.2424727177778,3,3,7199.0,0.0,0
29,2026-07-07,4,8,4,3,,19,4,344.40707366416666,2,2,6577.9473684210525,6332.333333333333,0
30,2026-07-07,4,6,1,0,,11,4,1061.0783456497222,3,3,7726.272727272727,0.0,0
31,2026-07-07,6,11,2,3,,22,6,42.34244256777778,3,2,10362.636363636364,10332.333333333334,0
32,2026-07-07,5,7,4,1,1.0,18,4,36.939262408888894,2,2,8665.666666666666,8999.0,0
33,2026-07-07,5,9,5,2,,21,5,214.25586415472225,3,2,9760.904761904761,7999.0,0
34,2026-07-07,2,2,1,0,,5,2,2063.488133526389,2,2,6199.0,0.0,0
35,2026-07-07,4,6,2,0,,12,4,223.9608418838889,3,3,7832.333333333333,0.0,0
36,2026-07-07,7,15,5,3,,30,7,170.5134735811111,4,3,7599.0,7665.666666666667,0
37,2026-07-07,3,4,2,0,,9,2,1394.9344885238888,1,1,4999.0,0.0,0
38,2026-07-07,5,11,3,2,,21,5,38.004420115555554,4,3,10808.52380952381,10999.0,0
39,2026-07-07,6,11,2,3,1.0,23,6,617.449302398611,2,2,5346.826086956522,4999.0,0
40,2026-07-07,3,8,2,1,,14,3,812.1388681288889,3,2,10713.285714285714,6999.0,0
41,2026-07-07,4,9,0,0,,13,4,1024.4180377008333,3,2,9460.538461538461,0.0,0
42,2026-07-07,3,8,1,0,,12,3,776.2663114272223,2,2,6332.333333333333,0.0,0
43,2026-07-07,4,7,1,3,,15,4,255.17290289833332,3,2,11265.666666666666,11665.666666666666,0
44,2026-07-07,6,14,1,0,,21,7,73.16562547805556,3,2,5570.428571428572,0.0,0
45,2026-07-07,4,8,0,0,,12,4,867.349637185,2,1,11665.666666666666,0.0,0
46,2026-07-07,4,10,0,0,,14,4,548.35604302,3,2,10141.857142857143,0.0,0
47,2026-07-07,4,9,0,0,,13,4,183.67453659861113,3,3,6845.153846153846,0.0,0
48,2026-07-07,3,5,0,0,,8,3,594.0296578305556,2,2,6999.0,0.0,0
49,2026-07-07,7,16,4,1,,28,7,189.54918088055555,2,2,5141.857142857143,4999.0,0
50,2026-07-07,4,7,0,0,,11,4,60.04874576277778,2,2,6635.363636363636,0.0,0
51,2026-07-07,7,14,1,0,,22,7,74.59731431777779,3,2,11180.818181818182,0.0,0
52,2026-07-07,5,10,2,2,,19,5,511.74651596583334,3,2,8999.0,7999.0,0
53,2026-07-07,6,12,0,0,,18,6,15.448546963055556,2,2,5221.222222222223,0.0,0
54,2026-07-07,1,3,0,0,,4,1,1944.5936031877777,3,2,10499.0,0.0,0
55,2026-07-07,7,14,1,0,,22,7,299.3549205161111,1,1,4999.0,0.0,0
56,2026-07-07,5,9,0,0,,14,5,320.8398696175,2,2,5856.142857142857,0.0,0
57,2026-07-07,5,8,4,1,,18,5,322.5009885711111,1,1,4999.0,4999.0,1
58,2026-07-07,2,5,1,0,,8,2,1108.2707554986112,1,1,4999.0,0.0,0
59,2026-07-07,4,9,0,0,,13,4,202.5048812536111,2,2,7922.076923076923,0.0,0
60,2026-07-07,5,10,4,1,,20,5,179.06339088666667,1,1,4999.0,4999.0,0
61,2026-07-07,3,5,0,0,,8,3,1244.4954059416666,2,2,8249.0,0.0,0
62,2026-07-07,4,9,0,0,,13,4,608.6575438525,2,2,5306.692307692308,0.0,0
63,2026-07-07,3,8,1,0,,12,3,25.662193862777777,2,2,7165.666666666667,0.0,0
64,2026-07-07,9,19,6,4,,38,9,23.208015448333335,2,2,5209.526315789473,4999.0,0
65,2026-07-07,2,5,0,0,,7,2,1793.9934022116665,3,2,8141.857142857143,0.0,0
66,2026-07-07,7,12,5,2,,26,7,410.58882013277776,4,3,7306.692307692308,6999.0,0
67,2026-07-07,4,9,1,0,,14,4,158.6305923188889,2,1,10713.285714285714,0.0,0
68,2026-07-07,6,11,0,0,,17,6,248.02346785555554,2,1,11351.941176470587,0.0,0
69,2026-07-07,2,4,0,0,,6,2,85.83322286500001,1,1,6999.0,0.0,0
70,2026-07-07,6,8,0,0,,14,6,524.9089236677778,3,3,7141.857142857143,0.0,0
71,2026-07-07,5,10,2,5,3.0,25,4,221.539966545,2,2,7239.0,7399.0,1
72,2026-07-07,4,7,0,0,,11,4,114.14946751222223,3,2,7908.090909090909,0.0,0
73,2026-07-07,6,10,2,0,,18,6,1042.5094032508332,2,2,5110.111111111111,0.0,0
74,2026-07-07,8,12,2,0,,22,7,34.842613882500004,3,3,6999.0,0.0,0
75,2026-07-07,8,17,6,2,1.0,34,8,253.12878320583334,4,3,9057.823529411764,8999.0,0
76,2026-07-07,4,8,0,0,,12,4,523.1988625752778,3,2,7665.666666666667,0.0,0
77,2026-07-07,5,10,3,0,,18,5,1056.2014339080556,2,2,7332.333333333333,0.0,0
78,2026-07-07,5,11,1,0,,17,5,84.22421353416667,3,3,5704.882352941177,0.0,0
79,2026-07-07,5,9,3,0,,17,5,1163.1481166519445,2,2,7351.941176470588,0.0,0
80,2026-07-07,6,15,2,0,,23,6,616.6738813341666,4,3,7781.608695652174,0.0,0
81,2026-07-07,5,11,2,0,,18,4,511.1347037752778,2,2,6443.444444444444,0.0,0
82,2026-07-07,7,14,4,3,,28,7,611.6430302930556,3,2,11927.57142857143,12999.0,0
83,2026-07-07,6,15,0,0,,21,6,662.4530052499999,3,2,10713.285714285714,0.0,0
84,2026-07-07,6,10,3,3,,22,5,362.50062980083334,2,2,5362.636363636364,4999.0,0
85,2026-07-07,5,9,1,5,4.0,24,5,375.7418920444444,3,3,5749.0,5399.0,0
86,2026-07-07,6,14,2,0,,22,6,1444.7209880238888,2,2,5726.272727272727,0.0,0
87,2026-07-07,4,10,0,0,,14,4,1310.966216191111,2,2,7427.571428571428,0.0,0
88,2026-07-07,3,6,2,1,,12,3,207.3526204911111,3,3,7165.666666666667,6999.0,0
89,2026-07-07,4,6,0,0,,10,4,440.7747744180556,1,1,4999.0,0.0,0
90,2026-07-07,4,8,0,0,,12,4,437.7913762047222,2,1,9332.333333333334,0.0,0
91,2026-07-07,4,10,1,0,,15,4,855.6849330472222,3,2,10599.0,0.0,0
92,2026-07-07,5,10,0,0,,15,5,68.7120434225,3,2,10599.0,0.0,0
93,2026-07-07,8,16,3,8,5.0,40,7,362.19810015583334,3,2,7799.0,7749.0,1
94,2026-07-07,6,10,1,0,,17,6,84.80108072611111,3,2,5940.176470588235,0.0,0
95,2026-07-07,6,7,3,1,,17,6,205.3435692188889,4,3,8646.058823529413,12999.0,0
96,2026-07-07,4,8,3,4,3.0,22,4,801.2456504502777,2,2,7362.636363636364,7499.0,0
97,2026-07-07,6,12,1,0,,19,6,76.40089745166667,3,2,10472.684210526315,0.0,0
98,2026-07-07,3,4,0,0,,7,3,935.4542816455556,2,2,7570.428571428572,0.0,0
99,2026-07-07,6,15,1,0,,22,5,798.9992895094445,2,2,6817.181818181818,0.0,0
100,2026-07-07,5,6,1,0,,12,5,987.0860111497223,4,3,7665.666666666667,0.0,0
101,2026-07-07,8,17,6,4,,35,8,757.370681446389,3,2,10713.285714285714,9499.0,0
102,2026-07-07,5,8,4,5,3.0,25,5,5.006066786111111,3,3,5399.0,5399.0,0
103,2026-07-07,7,11,1,0,,19,7,633.9439366227778,3,2,9630.578947368422,0.0,0
104,2026-07-07,5,10,1,0,,16,5,168.9767761022222,2,2,7374.0,0.0,0
105,2026-07-07,5,12,2,1,,20,5,1185.0677837969445,3,2,11599.0,12999.0,0
106,2026-07-07,8,12,3,1,1.0,25,7,179.06274144722224,3,3,7239.0,8999.0,0
107,2026-07-07,4,11,1,0,,16,4,496.7190870127778,2,2,6749.0,0.0,0
108,2026-07-07,5,10,1,0,,16,5,104.06573691805556,3,2,9749.0,0.0,0
109,2026-07-07,4,10,1,0,,15,4,910.0658295433333,2,2,5265.666666666667,0.0,0
110,2026-07-07,5,10,1,0,,16,5,123.61905799472223,2,2,5499.0,0.0,0
111,2026-07-07,3,7,2,0,,12,3,1049.994421718611,4,3,9165.666666666666,0.0,0
112,2026-07-07,6,11,4,0,,21,6,458.6903637958334,2,2,5760.9047619047615,0.0,0
113,2026-07-07,6,10,2,6,5.0,29,6,366.7706375311111,3,2,9412.793103448275,9665.666666666666,0
114,2026-07-07,7,14,1,0,,22,7,873.5520261952778,2,1,10999.0,0.0,0
115,2026-07-07,3,3,0,0,,6,3,7.871977425,1,1,6999.0,0.0,0
116,2026-07-07,6,11,1,0,,18,6,67.64477953944444,3,3,7110.111111111111,0.0,0
117,2026-07-07,4,6,1,0,,11,4,53.599733,2,2,6453.545454545455,0.0,0
118,2026-07-07,5,10,3,2,,20,5,666.3035029227779,3,2,7599.0,6999.0,0
119,2026-07-07,7,15,1,0,,23,7,796.3365330075001,3,2,10477.260869565218,0.0,0
120,2026-07-07,3,7,1,0,,11,3,612.9544310588889,3,2,8453.545454545454,0.0,0
121,2026-07-07,4,8,0,0,,12,3,175.66254406250002,2,2,5665.666666666667,0.0,0
122,2026-07-07,4,6,3,1,,14,4,75.60882686583334,2,2,6427.571428571428,4999.0,0
123,2026-07-07,4,8,1,0,,13,4,576.9539670163889,1,1,6999.0,0.0,0
124,2026-07-07,7,14,0,0,,21,6,67.5074783925,1,1,6999.0,0.0,0
125,2026-07-07,4,9,3,1,,17,4,19.647807429444445,1,1,6999.0,6999.0,0
126,2026-07-07,5,9,3,0,,17,5,497.6461019755556,2,2,5351.941176470588,0.0,0
127,2026-07-07,4,8,1,0,,13,4,711.7478319636111,1,1,4999.0,0.0,0
128,2026-07-07,9,17,7,1,,34,9,105.6513122588889,2,1,11704.882352941177,12999.0,0
129,2026-07-07,7,15,5,1,,28,7,141.55227068972223,3,2,7927.571428571428,8999.0,0
130,2026-07-07,4,7,2,0,,13,4,179.00723616555555,4,3,11152.846153846154,0.0,0
131,2026-07-07,4,9,0,0,,13,5,306.10155031222223,1,1,4999.0,0.0,0
132,2026-07-07,5,8,3,2,2.0,20,5,8.060161458888889,2,2,5499.0,4999.0,0
133,2026-07-07,6,10,3,2,1.0,22,6,200.53273686416668,2,2,6544.454545454545,5999.0,0
134,2026-07-07,2,2,0,0,,4,2,163.78682411472224,1,1,6999.0,0.0,0
135,2026-07-07,5,8,1,0,,14,5,72.57387227444444,3,2,11141.857142857143,0.0,0
136,2026-07-07,4,8,1,0,,13,4,3.625969246944444,2,2,5614.384615384615,0.0,0
137,2026-07-07,6,10,1,6,3.0,26,6,255.82428176222223,2,2,6229.7692307692305,6332.333333333333,0
138,2026-07-07,5,12,1,0,,18,5,547.7504027008333,2,2,6776.777777777777,0.0,0
139,2026-07-07,4,10,0,0,,14,4,354.133333315,2,2,6713.285714285715,0.0,0
140,2026-07-07,6,9,0,0,,15,6,406.4900458455555,2,2,7132.333333333333,0.0,0
141,2026-07-07,5,8,0,0,,13,4,237.72968087111113,3,3,7306.692307692308,0.0,0
142,2026-07-07,9,21,7,9,5.0,51,9,55.909606815555556,4,3,6920.568627450981,6776.777777777777,0
143,2026-07-07,4,8,3,0,,15,4,210.25901915805557,3,3,7399.0,0.0,0
144,2026-07-07,7,14,3,5,1.0,30,8,360.08034158805555,2,2,5332.333333333333,5399.0,0
145,2026-07-07,6,12,4,2,,24,6,722.0331554116667,3,2,11332.333333333334,10999.0,0
146,2026-07-07,7,15,4,7,6.0,39,7,779.7874999669444,1,1,4999.0,4999.0,0
147,2026-07-07,3,5,0,0,,8,3,77.35612263,2,1,9999.0,0.0,0
148,2026-07-07,4,10,1,0,,15,5,232.6655849525,1,1,4999.0,0.0,0
149,2026-07-07,3,7,0,0,,10,3,1494.694120448611,3,2,8399.0,0.0,0
150,2026-07-07,3,7,0,0,,10,3,123.34178782583334,2,2,5199.0,0.0,0
151,2026-07-07,5,9,2,0,,16,5,499.8702141027778,2,1,11499.0,0.0,0
152,2026-07-07,3,4,0,0,,7,3,187.40053033777778,2,2,5570.428571428572,0.0,0
153,2026-07-07,4,9,0,0,,13,4,182.76176400583336,3,2,10691.307692307691,0.0,0
154,2026-07-07,2,3,1,1,,7,2,478.36912659611113,1,1,6999.0,6999.0,0
155,2026-07-07,3,3,1,0,,7,3,426.8363531886111,2,2,6427.571428571428,0.0,0
156,2026-07-07,4,5,3,1,,13,4,115.22983688944444,2,2,7922.076923076923,6999.0,0
157,2026-07-07,12,22,5,12,9.0,60,11,18.564131226944447,4,3,5799.0,5832.333333333333,0
158,2026-07-07,2,5,1,0,,8,2,1475.8558850555557,1,1,12999.0,0.0,0
159,2026-07-07,5,9,0,0,,14,5,303.208071705,3,3,5570.428571428572,0.0,0
160,2026-07-07,2,5,0,0,,7,2,22.23765453833333,2,2,6427.571428571428,0.0,0
161,2026-07-07,6,11,0,0,,17,6,341.5406046655556,2,2,6881.35294117647,0.0,0
162,2026-07-07,5,10,2,5,4.0,26,5,60.24136016055556,3,3,6768.2307692307695,6999.0,0
163,2026-07-07,3,6,0,1,,10,3,403.7567176933333,2,1,9799.0,8999.0,0
164,2026-07-07,8,15,4,8,6.0,41,7,671.0454752233334,3,2,7828.268292682927,8249.0,0
165,2026-07-07,8,18,3,8,7.0,44,9,30.3825955825,3,2,9635.363636363636,9499.0,0
166,2026-07-07,8,17,6,8,6.0,45,8,1404.1539943936111,3,3,7132.333333333333,6999.0,0
167,2026-07-07,6,11,5,1,1.0,24,6,51.56575712083334,3,2,10582.333333333334,8999.0,0
168,2026-07-07,7,16,3,7,5.0,38,7,349.99906433722225,2,2,8156.894736842105,9570.42857142857,0
169,2026-07-07,2,3,0,0,,5,2,2225.658060688333,1,1,8999.0,0.0,0
170,2026-07-07,6,10,0,0,,16,6,599.6254166030556,2,1,11749.0,0.0,0
171,2026-07-07,7,16,3,3,1.0,30,7,518.7203015758333,4,3,7599.0,6999.0,0
172,2026-07-07,5,11,0,0,,16,5,286.9924018433333,3,2,7499.0,0.0,0
173,2026-07-07,3,5,0,0,,8,3,1054.659243905278,3,3,7249.0,0.0,0
174,2026-07-07,3,6,3,0,,12,3,70.65149116805556,1,1,4999.0,0.0,0
175,2026-07-07,7,14,2,0,,23,7,375.5793867811111,4,3,9694.652173913044,0.0,0
176,2026-07-07,5,13,4,2,,24,5,75.72730473527777,2,2,5332.333333333333,4999.0,0
177,2026-07-07,6,9,3,0,,18,6,778.7253880500001,1,1,4999.0,0.0,0
178,2026-07-07,4,8,1,0,,13,4,1309.6363787461112,3,2,9614.384615384615,0.0,0
179,2026-07-07,4,8,0,0,,12,4,138.38031673555554,1,1,6999.0,0.0,0
180,2026-07-07,4,7,0,0,,11,5,1081.2266252119446,1,1,4999.0,0.0,0
181,2026-07-07,6,9,1,0,,16,6,82.99175111416666,3,2,8999.0,0.0,0
182,2026-07-07,5,7,1,0,,13,5,2.818723760277778,2,2,7922.076923076923,0.0,0
183,2026-07-07,4,8,0,0,,12,4,269.85750196416666,4,3,7165.666666666667,0.0,0
184,2026-07-07,5,7,1,0,,13,5,13.431708629166666,3,3,6845.153846153846,0.0,0
185,2026-07-07,6,10,3,0,,19,6,8.685650449999999,2,1,10683.21052631579,0.0,0
186,2026-07-07,5,8,2,0,,15,5,58.3171365475,2,2,8599.0,0.0,0
187,2026-07-07,4,7,2,0,,13,4,961.7812340524999,2,2,5306.692307692308,0.0,0
188,2026-07-07,4,6,2,4,4.0,20,4,357.35451125527777,2,2,6299.0,6499.0,1
189,2026-07-07,4,9,2,0,,15,4,290.23236832555557,2,2,7265.666666666667,0.0,0
190,2026-07-07,4,10,2,0,,16,4,4.683149580277778,3,3,6874.0,0.0,0
191,2026-07-07,4,11,2,0,,17,4,402.18808640416665,2,2,7351.941176470588,0.0,0
193,2026-07-07,5,10,2,0,,17,4,649.6930168627778,3,2,6646.058823529412,0.0,0
194,2026-07-07,4,6,4,2,1.0,17,4,248.0073875161111,1,1,4999.0,4999.0,0
195,2026-07-07,4,7,1,0,,12,3,819.7345734747222,2,2,6332.333333333333,0.0,0
196,2026-07-07,6,13,5,2,,26,6,266.3743974011111,1,1,6999.0,6999.0,0
197,2026-07-07,5,8,2,2,,17,5,1199.0101002761112,2,1,10881.35294117647,10999.0,0
198,2026-07-07,3,5,1,0,,9,3,183.4231660625,2,1,11221.222222222223,0.0,0
199,2026-07-07,6,12,2,1,,21,6,196.20755293722223,3,2,7570.428571428572,6999.0,0
200,2026-07-07,5,14,2,5,4.0,30,6,691.678691893889,3,2,7665.666666666667,8199.0,1
201,2026-07-07,6,9,1,0,,16,6,619.0792246963888,4,3,8374.0,0.0,0
202,2026-07-07,5,13,1,0,,19,5,1385.4235514180557,3,2,11209.526315789473,0.0,0
203,2026-07-07,6,11,1,0,,18,5,332.12994239277776,3,3,8665.666666666666,0.0,0
204,2026-07-07,6,10,2,1,,19,6,454.6685943977778,1,1,6999.0,6999.0,0
205,2026-07-07,6,13,3,6,5.0,33,6,110.30902852972223,4,3,11059.60606060606,11332.333333333334,1
206,2026-07-07,2,3,2,1,1.0,9,1,2636.4902646069445,1,1,6999.0,6999.0,0
207,2026-07-07,3,6,0,0,,9,3,1030.2074658922222,2,1,9887.888888888889,0.0,0
208,2026-07-07,5,8,0,0,,13,5,1283.97093687,4,3,9306.692307692309,0.0,0
209,2026-07-07,7,10,4,0,,21,7,492.44230059333336,1,1,4999.0,0.0,0
210,2026-07-07,5,12,1,0,,18,5,842.3424390916667,3,3,6110.111111111111,0.0,0
211,2026-07-07,2,5,1,0,,8,2,804.29454336,2,1,9499.0,0.0,0
212,2026-07-07,4,8,1,0,,13,4,1911.5620177663889,2,1,10537.461538461539,0.0,0
213,2026-07-07,3,7,0,0,,10,3,737.1525770702779,2,1,10599.0,0.0,0
214,2026-07-07,6,9,1,0,,16,6,263.3242674927778,4,3,9374.0,0.0,0
215,2026-07-07,11,21,5,2,,39,10,255.7827398238889,4,3,11050.28205128205,8999.0,0
216,2026-07-07,7,16,3,7,6.0,39,7,847.5565305205556,2,2,7152.846153846154,7284.714285714285,0
217,2026-07-07,4,6,0,0,,10,4,17.80072473027778,2,2,5399.0,0.0,0
218,2026-07-07,6,8,0,0,,14,6,39.947526789166666,1,1,4999.0,0.0,0
219,2026-07-07,6,10,2,0,,18,7,94.95655479,3,2,10110.111111111111,0.0,0
220,2026-07-07,3,7,2,0,,12,3,995.2368999205555,2,1,9665.666666666666,0.0,0
221,2026-07-07,6,14,2,2,1.0,25,6,507.7239725380556,3,2,9159.0,10999.0,0
222,2026-07-07,5,11,0,0,,16,5,14.405971773055555,3,2,7499.0,0.0,0
223,2026-07-07,5,8,3,2,,18,5,1098.8534568938887,3,3,6776.777777777777,6999.0,0
224,2026-07-07,4,8,1,4,3.0,20,4,1754.4342478302779,2,2,7099.0,6999.0,0
225,2026-07-07,4,9,1,0,,14,4,326.4389487536111,1,1,6999.0,0.0,0
226,2026-07-07,1,1,0,0,,2,1,2257.9644752019444,1,1,8999.0,0.0,0
227,2026-07-07,5,8,4,0,,17,5,119.48977455722222,3,3,5822.529411764706,0.0,0
228,2026-07-07,6,9,4,2,1.0,22,6,816.5176564566667,2,2,7362.636363636364,6999.0,0
229,2026-07-07,4,6,0,0,,10,4,265.2594778605556,2,2,6599.0,0.0,0
230,2026-07-07,5,10,1,0,,16,5,10.800652205277778,2,2,5999.0,0.0,0
231,2026-07-07,7,15,2,1,,25,7,54.915588475,3,3,5639.0,4999.0,0
232,2026-07-07,3,6,0,0,,9,3,1066.0041973808334,1,1,6999.0,0.0,0
233,2026-07-07,3,4,0,0,,7,3,472.6546616183333,1,1,12999.0,0.0,0
234,2026-07-07,3,6,2,0,,11,3,173.33977651,3,2,9908.09090909091,0.0,0
235,2026-07-07,4,10,3,2,,19,4,44.057584819166664,2,1,10472.684210526315,10999.0,0
236,2026-07-07,4,7,2,2,,15,4,240.8941244838889,3,2,8732.333333333334,7999.0,0
237,2026-07-07,6,10,3,0,,19,6,775.7682725408333,2,2,5420.0526315789475,0.0,0
238,2026-07-07,6,10,0,0,,16,6,381.95536638305555,2,2,5249.0,0.0,0
239,2026-07-07,5,10,2,0,,17,5,504.82935573333333,3,2,10999.0,0.0,0
240,2026-07-07,6,12,5,3,1.0,27,7,349.49669237722225,4,3,6776.777777777777,7665.666666666667,0
241,2026-07-07,6,10,1,0,,17,6,33.99374383277778,1,1,4999.0,0.0,0
242,2026-07-07,3,9,2,2,,16,3,964.3646387652777,2,2,6749.0,6999.0,0
243,2026-07-07,6,7,1,0,,14,6,754.2691445052777,3,2,7284.714285714285,0.0,0
244,2026-07-07,5,9,1,0,,15,5,520.8445356194445,4,3,9665.666666666666,0.0,0
245,2026-07-07,6,13,5,1,,25,6,149.49067928472223,2,2,5799.0,4999.0,0
246,2026-07-07,5,11,1,0,,17,5,34.69276222722222,4,3,8410.764705882353,0.0,0
247,2026-07-07,3,5,0,0,,8,3,282.4123449894444,3,2,9499.0,0.0,0
248,2026-07-07,4,11,3,1,1.0,20,5,237.44911260472222,2,1,10799.0,8999.0,0
249,2026-07-07,1,1,0,0,,2,1,54.470958845000006,1,1,4999.0,0.0,0
250,2026-07-07,2,5,0,0,,7,2,257.1072694988889,3,2,10427.57142857143,0.0,0
251,2026-07-07,4,9,0,0,,13,4,36.43205530111111,2,2,5152.846153846154,0.0,0
252,2026-07-07,4,9,0,0,,13,4,629.8458360205556,3,2,8383.615384615385,0.0,0
253,2026-07-07,4,8,0,0,,12,4,822.11198166,2,1,11332.333333333334,0.0,0
254,2026-07-07,4,11,1,1,,17,4,192.41122277388888,3,3,7234.294117647059,8999.0,0
255,2026-07-07,4,7,3,0,,14,4,180.47014770694446,1,1,6999.0,0.0,0
256,2026-07-07,5,10,2,0,,17,5,672.4782929358333,3,2,6410.764705882353,0.0,0
257,2026-07-07,3,9,1,0,,13,4,109.6099408263889,2,1,11460.538461538461,0.0,0
258,2026-07-07,7,11,0,0,,18,7,27.272500743055556,2,2,7665.666666666667,0.0,0
259,2026-07-07,7,11,4,7,4.0,33,7,466.5499813241667,3,3,6999.0,6999.0,0
260,2026-07-07,5,11,0,0,,16,5,64.00699806777779,3,2,10124.0,0.0,0
261,2026-07-07,4,8,1,0,,13,4,1726.3530906969443,2,1,10229.76923076923,0.0,0
262,2026-07-07,3,6,1,0,,10,3,442.5490742097222,3,2,8599.0,0.0,0
263,2026-07-07,6,12,2,2,,22,6,87.08726495861112,1,1,6999.0,6999.0,0
264,2026-07-07,1,1,0,0,,2,1,1801.3978579938887,1,1,4999.0,0.0,0
265,2026-07-07,5,12,2,0,,19,5,169.58758972722222,2,2,7630.578947368421,0.0,0
266,2026-07-07,6,9,3,2,,20,6,287.88826058194445,2,2,7199.0,6999.0,0
267,2026-07-07,4,11,1,0,,16,4,409.94623864305555,2,2,5374.0,0.0,0
268,2026-07-07,6,13,2,6,3.0,30,5,548.2981463577778,3,3,6799.0,6665.666666666667,0
269,2026-07-07,6,11,1,0,,18,6,377.4430070063889,4,3,11221.222222222223,0.0,0
270,2026-07-07,5,14,0,0,,19,5,132.855158405,3,3,7209.526315789473,0.0,0
271,2026-07-07,2,4,0,0,,6,2,1907.962153636111,3,2,9665.666666666666,0.0,0
272,2026-07-07,7,13,4,3,,27,7,938.7225343597222,1,1,4999.0,4999.0,0
273,2026-07-07,4,6,3,0,,13,4,229.39795415138892,3,3,5460.538461538462,0.0,0
274,2026-07-07,4,8,0,0,,12,5,748.1029990166667,3,3,6165.666666666667,0.0,0
275,2026-07-07,5,9,1,0,,15,5,1138.6930593427778,3,3,6732.333333333333,0.0,0
276,2026-07-07,6,10,1,1,,18,6,280.8105922858333,3,2,7554.555555555556,6999.0,0
277,2026-07-07,2,3,0,0,,5,2,853.6702970613889,1,1,4999.0,0.0,0
278,2026-07-07,5,9,0,0,,14,5,289.4800698575,1,1,6999.0,0.0,0
279,2026-07-07,4,8,0,0,,12,5,362.1071325725,2,1,10332.333333333334,0.0,0
280,2026-07-07,6,15,4,0,,25,5,1513.8118483944445,4,3,5879.0,0.0,0
281,2026-07-07,2,4,2,0,,8,2,1785.7619119111112,2,2,7499.0,0.0,0
282,2026-07-07,5,11,1,0,,17,5,337.0774936075,3,2,10057.823529411764,0.0,0
283,2026-07-07,7,12,4,7,5.0,35,7,55.90152774277778,3,3,7456.142857142857,7570.428571428572,0
284,2026-07-07,4,10,1,0,,15,4,30.917367238333334,3,2,5799.0,0.0,0
285,2026-07-07,5,8,3,5,4.0,25,5,880.3764234377777,3,2,10119.0,9799.0,0
286,2026-07-07,4,10,0,0,,14,4,1435.539499471111,1,1,6999.0,0.0,0
287,2026-07-07,3,4,2,0,,9,3,77.58117262472223,2,2,6776.777777777777,0.0,0
288,2026-07-07,9,18,3,9,6.0,45,8,528.6587954891667,2,1,11665.666666666666,11665.666666666666,0
289,2026-07-07,3,5,1,0,,9,3,756.3634128819444,2,2,7221.222222222223,0.0,0
290,2026-07-07,3,7,0,0,,10,3,1622.1565288766667,3,2,8399.0,0.0,0
291,2026-07-07,5,10,0,0,,15,5,1189.7382982255554,4,3,8465.666666666666,0.0,0
292,2026-07-07,7,18,4,1,,30,6,186.08540847611113,2,2,5532.333333333333,4999.0,0
293,2026-07-07,5,11,5,1,1.0,23,5,976.1070735430555,2,1,11955.521739130434,12999.0,0
294,2026-07-07,6,10,3,0,,19,6,416.59703056916663,3,3,7630.578947368421,0.0,0
295,2026-07-07,6,11,0,0,,17,6,43.71782826277777,2,1,11822.529411764706,0.0,0
296,2026-07-07,3,8,0,0,,11,3,1139.0463629380556,2,2,5362.636363636364,0.0,0
297,2026-07-07,4,9,1,0,,14,4,731.8808117619444,3,2,11427.57142857143,0.0,0
298,2026-07-07,5,13,0,0,,18,5,483.5795079361111,3,2,7443.444444444444,0.0,0
299,2026-07-07,9,15,3,9,7.0,43,9,14.008845161111111,3,2,8440.860465116279,8554.555555555555,0
300,2026-07-07,5,11,1,0,,17,5,681.2877288616668,3,3,6999.0,0.0,0
301,2026-07-07,5,9,2,0,,16,5,776.2507344175,4,3,10624.0,0.0,0
302,2026-07-07,4,7,2,0,,13,4,688.8097777302778,1,1,6999.0,0.0,0
303,2026-07-07,2,3,0,0,,5,2,1265.2833632772222,2,2,8199.0,0.0,0
304,2026-07-07,4,7,1,0,,12,4,1035.3336729044445,3,3,5499.0,0.0,0
305,2026-07-07,3,8,0,0,,11,3,940.5665637738889,2,2,5726.272727272727,0.0,0
306,2026-07-07,4,5,0,0,,9,4,176.47443198972223,2,2,8554.555555555555,0.0,0
307,2026-07-07,3,4,0,0,,7,3,307.2067499002778,2,1,10141.857142857143,0.0,0
308,2026-07-07,8,16,0,0,,24,8,609.6639463963888,2,2,7499.0,0.0,0
309,2026-07-07,3,7,2,1,,13,3,591.0613185408333,2,2,8383.615384615385,8999.0,0
310,2026-07-07,6,9,4,6,6.0,31,6,273.50578828722223,4,3,9708.677419354839,9332.333333333334,0
311,2026-07-07,4,7,2,0,,13,4,265.1787067661111,1,1,4999.0,0.0,0
312,2026-07-07,3,7,0,0,,10,3,109.85324488305557,2,2,6599.0,0.0,0
313,2026-07-07,7,15,4,2,,28,7,1423.091695148889,3,2,5427.571428571428,4999.0,0
314,2026-07-07,4,7,0,0,,11,4,454.59774569833337,1,1,4999.0,0.0,0
315,2026-07-07,4,7,0,0,,11,5,908.1008286072222,2,2,7180.818181818182,0.0,0
316,2026-07-07,3,8,0,0,,11,3,1423.1346393441668,3,2,10999.0,0.0,0
317,2026-07-07,8,15,3,8,6.0,40,8,972.4087998041667,3,2,10999.0,10999.0,0
318,2026-07-07,4,6,0,0,,10,4,845.6348739930555,2,2,7399.0,0.0,0
319,2026-07-07,7,17,3,0,,27,8,290.7505198794445,4,3,7887.888888888889,0.0,0
320,2026-07-07,5,10,2,5,4.0,26,5,39.3110936775,1,1,4999.0,4999.0,0
321,2026-07-07,2,5,1,0,,8,2,1510.6936740994445,3,2,6499.0,0.0,0
322,2026-07-07,4,10,2,0,,16,4,43.93335587833333,2,1,12249.0,0.0,0
323,2026-07-07,6,11,1,6,4.0,28,6,489.8611437080555,2,2,7856.142857142857,7999.0,0
324,2026-07-07,3,6,1,1,1.0,12,3,813.5060251936111,2,2,5165.666666666667,4999.0,0
325,2026-07-07,5,12,1,0,,18,5,290.18320407277776,2,2,5110.111111111111,0.0,0
326,2026-07-07,2,4,1,0,,7,2,816.2032436225,1,1,4999.0,0.0,0
327,2026-07-07,7,16,2,3,,28,7,241.23033656277778,3,3,5499.0,5665.666666666667,0
328,2026-07-07,4,10,1,1,,16,5,689.1704808377777,3,2,6249.0,4999.0,0
329,2026-07-07,4,5,2,2,1.0,14,4,458.9179269555556,1,1,6999.0,6999.0,0
330,2026-07-07,3,8,0,0,,11,3,1789.6831747533333,2,2,5726.272727272727,0.0,0
331,2026-07-07,2,4,0,0,,6,2,787.5126791886111,2,2,7332.333333333333,0.0,0
332,2026-07-07,4,8,4,1,1.0,18,4,598.1842287133333,1,1,4999.0,4999.0,0
333,2026-07-07,3,4,1,1,,9,3,329.1658975408334,2,1,11665.666666666666,12999.0,0
334,2026-07-07,4,8,1,0,,13,4,154.867183185,2,2,7152.846153846154,0.0,0
335,2026-07-07,6,13,3,2,,24,6,826.5383554369444,1,1,6999.0,6999.0,0
336,2026-07-07,5,13,0,0,,18,5,601.4069700511112,3,3,7110.111111111111,0.0,0
337,2026-07-07,3,5,1,0,,9,3,1996.4333406536111,3,3,7221.222222222223,0.0,0
338,2026-07-07,4,10,1,0,,15,4,1586.7236951158334,2,2,8199.0,0.0,0
339,2026-07-07,5,11,2,1,,19,5,176.47269048916667,2,2,5420.0526315789475,4999.0,0
340,2026-07-07,9,17,3,3,,32,9,673.4887500925,3,3,5249.0,4999.0,0
341,2026-07-07,7,12,5,7,4.0,35,7,14.258934250555555,2,2,5570.428571428572,5570.428571428572,1
342,2026-07-07,4,9,1,0,,14,4,283.7492888811111,2,2,5427.571428571428,0.0,0
343,2026-07-07,4,6,4,1,,15,4,46.498883006388894,2,2,8065.666666666667,8999.0,0
344,2026-07-07,5,9,3,2,1.0,20,5,393.09925113305553,3,2,11899.0,12999.0,0
345,2026-07-07,7,14,5,3,1.0,30,7,172.8676451025,2,2,5065.666666666667,4999.0,0
346,2026-07-07,3,6,1,2,,12,3,537.3086023291667,3,2,10165.666666666666,10999.0,0
347,2026-07-07,4,9,0,1,,14,3,960.4093693122222,1,1,4999.0,4999.0,0
348,2026-07-07,6,13,5,2,,26,6,21.40032706527778,3,3,6922.076923076923,5999.0,0
349,2026-07-07,2,3,0,0,,5,2,105.94621500277779,2,1,9799.0,0.0,0
350,2026-07-07,2,3,1,0,,6,2,510.5052236166667,1,1,4999.0,0.0,0
351,2026-07-07,3,4,0,0,,7,3,1671.8488189394443,1,1,4999.0,0.0,0
352,2026-07-07,5,10,0,0,,15,5,407.82040427833334,3,2,10865.666666666666,0.0,0
353,2026-07-07,6,9,5,2,,22,5,471.93477628861115,3,3,7544.454545454545,6999.0,0
354,2026-07-07,6,10,5,2,1.0,24,6,35.27200514277778,2,1,11665.666666666666,10999.0,0
355,2026-07-07,2,5,0,0,,7,2,1017.0486710624999,2,1,12427.57142857143,0.0,0
356,2026-07-07,5,11,0,0,,16,5,1192.4249945669446,3,3,7124.0,0.0,0
357,2026-07-07,5,11,0,0,,16,5,122.18413693583332,3,2,10499.0,0.0,0
358,2026-07-07,10,20,8,3,,41,10,80.73606356777778,4,3,5730.707317073171,4999.0,0
359,2026-07-07,11,26,7,11,7.0,62,10,242.33885818083334,4,3,5579.645161290323,5362.636363636364,0
360,2026-07-07,8,16,4,8,4.0,40,7,76.67203191972223,3,2,9599.0,9749.0,1
361,2026-07-07,7,14,3,7,4.0,35,7,449.5612900433334,3,2,10599.0,10713.285714285714,1
362,2026-07-07,4,9,2,2,,17,4,1024.6615574077778,3,3,7234.294117647059,6999.0,0
363,2026-07-07,11,18,5,11,9.0,54,11,160.67766903805557,1,1,4999.0,4999.0,0
364,2026-07-07,5,7,0,0,,12,5,426.78485569583336,3,3,6665.666666666667,0.0,0
365,2026-07-07,6,12,0,0,,18,6,282.11300922888887,2,1,11665.666666666666,0.0,0
366,2026-07-07,3,6,2,0,,11,3,1307.1907438252779,2,2,5544.454545454545,0.0,0
367,2026-07-07,6,12,5,3,,26,6,110.3173674988889,2,2,7306.692307692308,6999.0,0
368,2026-07-07,4,7,0,0,,11,4,355.74591619305556,2,1,10089.90909090909,0.0,0
369,2026-07-07,2,4,1,1,,8,2,1577.3586625191667,2,2,7249.0,6999.0,0
370,2026-07-07,3,6,1,0,,10,3,42.89226293805556,2,2,5399.0,0.0,0
371,2026-07-07,3,8,1,0,,12,3,68.30488756361112,3,2,9999.0,0.0,0
372,2026-07-07,8,12,4,8,6.0,38,8,9.498761024999999,2,2,5630.578947368421,5499.0,0
373,2026-07-07,6,9,2,0,,17,6,128.95415241333333,3,2,7587.235294117647,0.0,0
374,2026-07-07,4,6,2,0,,12,4,77.28615607944445,3,2,9332.333333333334,0.0,0
375,2026-07-07,3,5,0,0,,8,3,330.29432122527777,2,1,10499.0,0.0,0
376,2026-07-07,6,16,4,1,,27,6,439.3013629308333,2,2,6036.037037037037,8999.0,0
377,2026-07-07,11,23,5,11,9.0,59,11,72.4397762,3,2,7134.593220338983,6999.0,0
378,2026-07-07,4,9,1,0,,14,4,1409.3943958666666,2,2,5570.428571428572,0.0,0
379,2026-07-07,7,15,2,0,,24,7,11.651903840833333,3,2,10665.666666666666,0.0,0
380,2026-07-07,9,20,6,9,7.0,51,10,1.0505510166666667,2,2,5312.725490196079,5443.444444444444,0
381,2026-07-07,3,5,0,0,,8,3,887.3580304183333,2,2,5749.0,0.0,0
382,2026-07-07,4,6,0,0,,10,4,30.68550436055556,2,1,11799.0,0.0,0
383,2026-07-07,5,6,1,0,,12,5,766.6260070175,3,2,11332.333333333334,0.0,0
384,2026-07-07,3,8,1,0,,12,3,408.43762037305555,3,2,8665.666666666666,0.0,0
385,2026-07-07,6,9,0,0,,15,6,244.0032943583333,4,3,9532.333333333334,0.0,0
386,2026-07-07,6,10,0,0,,16,6,1184.3373913819444,3,2,10999.0,0.0,0
387,2026-07-07,5,10,1,5,3.0,24,5,251.53907377694446,2,1,10499.0,10599.0,0
388,2026-07-07,6,12,4,1,,23,6,100.0075836625,3,2,8042.478260869565,6999.0,0
389,2026-07-07,6,13,2,2,,23,4,87.5362837211111,3,3,6825.086956521739,5999.0,0
390,2026-07-07,7,14,4,0,,25,7,1029.9048452341667,2,1,12199.0,0.0,0
391,2026-07-07,3,5,0,0,,8,3,131.33350357416666,3,2,8999.0,0.0,0
392,2026-07-07,6,16,1,0,,23,6,178.8398335325,3,2,9781.608695652174,0.0,0
393,2026-07-07,7,14,2,0,,23,7,430.9906949088889,4,3,10738.130434782608,0.0,0
394,2026-07-07,2,3,0,0,,5,2,2090.134384175,1,1,6999.0,0.0,0
395,2026-07-07,5,13,2,0,,20,5,512.6608749005555,3,2,10799.0,0.0,0
396,2026-07-07,5,7,1,0,,13,5,584.3977235258333,1,1,4999.0,0.0,0
397,2026-07-07,7,14,3,1,,25,7,766.777237285,2,2,5959.0,12999.0,0
398,2026-07-07,5,12,4,2,,23,5,641.8624063777777,3,2,11607.695652173914,12999.0,0
399,2026-07-07,3,7,0,0,,10,3,1433.429919258889,1,1,6999.0,0.0,0
400,2026-07-07,4,9,0,0,,13,4,488.5681872983333,1,1,4999.0,0.0,0
401,2026-07-07,3,8,0,0,,11,3,1128.2383770611111,3,2,10817.181818181818,0.0,0
402,2026-07-07,7,13,4,3,,27,7,75.48205938972222,3,2,9739.74074074074,8999.0,0
403,2026-07-07,5,11,0,0,,16,5,705.4692232991667,3,2,7624.0,0.0,0
404,2026-07-07,7,13,7,7,3.0,37,7,20.880660355,3,3,7593.594594594595,7570.428571428572,0
405,2026-07-07,4,9,2,1,1.0,17,4,3.8775734941666666,3,3,7587.235294117647,6999.0,0
406,2026-07-07,5,10,1,0,,16,6,308.6550978588889,2,2,7749.0,0.0,0
407,2026-07-07,4,9,2,0,,15,4,1129.3537283605556,4,3,6865.666666666667,0.0,0
408,2026-07-07,1,2,0,0,,3,1,1711.8535232722222,1,1,6999.0,0.0,0
409,2026-07-07,6,13,3,2,,24,5,45.51424575277778,4,3,10415.666666666666,10999.0,0
410,2026-07-07,7,13,2,0,,22,7,63.353514429444445,2,2,5453.545454545455,0.0,0
411,2026-07-07,4,7,2,1,,14,4,1139.8047685094443,2,2,6856.142857142857,6999.0,0
412,2026-07-07,7,15,1,0,,23,7,569.0090893208334,3,3,6651.173913043478,0.0,0
413,2026-07-07,3,4,0,0,,7,3,635.3558148194445,1,1,6999.0,0.0,0
414,2026-07-07,1,1,0,0,,2,1,1105.313178623889,1,1,4999.0,0.0,0
415,2026-07-07,4,6,1,0,,11,4,1523.6584828727778,2,2,5726.272727272727,0.0,0
416,2026-07-07,4,10,0,0,,14,4,219.57870178722223,3,2,6141.857142857143,0.0,0
417,2026-07-07,6,13,2,0,,21,7,272.29854397444444,3,3,7379.952380952381,0.0,0
418,2026-07-07,5,10,0,0,,15,5,232.6317939236111,4,3,7799.0,0.0,0
419,2026-07-07,4,9,2,0,,15,4,251.668988605,3,2,9532.333333333334,0.0,0
420,2026-07-07,4,8,0,0,,12,4,320.16988954972226,2,1,10665.666666666666,0.0,0
421,2026-07-07,5,9,1,0,,15,5,750.7614843344444,2,2,5265.666666666667,0.0,0
422,2026-07-07,4,10,0,0,,14,5,143.87734535444443,2,2,7427.571428571428,0.0,0
423,2026-07-07,3,5,3,2,1.0,14,3,1448.8086584144446,2,2,8284.714285714286,6999.0,0
424,2026-07-07,4,8,2,0,,14,4,1286.4019788991668,3,3,5713.285714285715,0.0,0
425,2026-07-07,4,7,2,1,1.0,15,4,534.8690378780556,2,2,5265.666666666667,4999.0,0
426,2026-07-07,4,8,3,4,3.0,22,4,508.9439360327778,2,2,6544.454545454545,6499.0,0
427,2026-07-07,6,9,1,0,,16,6,173.56099599972222,1,1,4999.0,0.0,0
428,2026-07-07,6,12,2,3,,23,6,352.8594889036111,3,2,10564.217391304348,11665.666666666666,0
429,2026-07-07,5,11,3,0,,19,4,1541.6925627147223,2,1,11525.315789473685,0.0,0
430,2026-07-07,4,10,0,0,,14,4,1861.0620474516668,2,1,11284.714285714286,0.0,0
431,2026-07-07,3,5,2,1,,11,3,347.5504100225,2,1,10089.90909090909,8999.0,0
432,2026-07-07,3,5,1,0,,9,3,104.7395274886111,2,1,9443.444444444445,0.0,0
433,2026-07-07,6,14,3,6,5.0,34,5,304.6744828538889,2,2,5587.235294117647,5665.666666666667,0
434,2026-07-07,2,5,0,0,,7,2,626.57239546,3,2,11284.714285714286,0.0,0
435,2026-07-07,5,13,1,0,,19,5,267.43629695444446,3,2,6051.631578947368,0.0,0
436,2026-07-07,4,8,1,0,,13,4,578.6355949866667,1,1,6999.0,0.0,0
437,2026-07-07,4,8,3,3,1.0,19,4,1839.0783022938888,1,1,4999.0,4999.0,0
438,2026-07-07,5,11,3,0,,19,5,27.452683126944446,1,1,6999.0,0.0,0
439,2026-07-07,4,8,1,0,,13,4,822.2015634422223,3,3,5922.076923076923,0.0,0
440,2026-07-07,8,18,3,8,6.0,43,10,111.60887486499999,1,1,6999.0,6999.0,0
441,2026-07-07,5,9,1,0,,15,5,1661.0615912138887,2,2,6065.666666666667,0.0,0
442,2026-07-07,5,11,0,0,,16,5,1595.3731947491667,3,3,5374.0,0.0,0
443,2026-07-07,3,8,0,0,,11,4,959.7618366919445,4,3,9726.272727272728,0.0,0
444,2026-07-07,4,8,0,0,,12,4,764.7008757402778,1,1,4999.0,0.0,0
445,2026-07-07,6,12,2,6,4.0,30,6,504.1625548391667,4,3,6665.666666666667,6999.0,0
446,2026-07-07,9,20,5,5,1.0,40,9,423.7767735319444,3,2,11399.0,12199.0,0
447,2026-07-07,3,6,0,0,,9,3,792.3484899427777,2,2,5443.444444444444,0.0,0
448,2026-07-07,3,4,2,0,,9,3,390.63602280833334,2,1,10332.333333333334,0.0,0
449,2026-07-07,8,17,3,8,6.0,42,8,160.9420258386111,2,2,5141.857142857143,5249.0,0
450,2026-07-07,5,10,2,0,,17,5,161.91109566194444,1,1,4999.0,0.0,0
451,2026-07-07,6,8,2,0,,16,6,564.9009746016667,1,1,6999.0,0.0,0
452,2026-07-07,4,8,1,0,,13,4,137.70157217888888,2,1,12075.923076923076,0.0,0
453,2026-07-07,3,4,1,0,,8,3,944.3454144663889,2,2,5499.0,0.0,0
454,2026-07-07,4,5,1,0,,10,4,648.4915079319445,2,1,10999.0,0.0,0
455,2026-07-07,5,7,1,0,,13,5,301.12442096333336,1,1,6999.0,0.0,0
456,2026-07-07,5,8,3,1,,17,6,359.6883363977778,2,2,5234.294117647059,4999.0,0
457,2026-07-07,2,6,0,0,,8,2,42.050051043055554,3,2,8749.0,0.0,0
458,2026-07-07,4,7,1,0,,12,4,278.1391051794444,2,1,11332.333333333334,0.0,0
459,2026-07-07,6,10,1,0,,17,6,371.56900306250003,4,3,10410.764705882353,0.0,0
460,2026-07-07,2,3,0,0,,5,2,356.07778283749997,2,1,11399.0,0.0,0
461,2026-07-07,4,8,1,0,,13,4,55.92275546416667,2,2,6229.7692307692305,0.0,0
462,2026-07-07,4,8,0,0,,12,4,780.1439100777778,3,3,6999.0,0.0,0
463,2026-07-07,4,6,0,0,,10,4,247.3723982536111,3,2,11399.0,0.0,0
464,2026-07-07,7,12,4,1,,24,7,80.29509677833333,2,2,8249.0,6999.0,0
465,2026-07-07,4,9,1,1,,15,4,166.67038890944445,1,1,4999.0,4999.0,0
466,2026-07-07,5,10,2,0,,17,5,967.3058910513889,3,3,5587.235294117647,0.0,0
467,2026-07-07,5,12,0,0,,17,7,991.1832278536111,2,2,6763.705882352941,0.0,0
468,2026-07-07,3,6,0,0,,9,3,41.07951037083334,2,1,10776.777777777777,0.0,0
469,2026-07-07,6,12,1,0,,19,6,27.61559283472222,2,1,9841.105263157895,0.0,0
470,2026-07-07,7,16,2,7,2.0,34,7,232.28827614944444,3,3,8351.941176470587,8427.57142857143,0
471,2026-07-07,5,13,3,5,4.0,30,5,600.7206610861111,1,1,6999.0,6999.0,0
472,2026-07-07,2,4,0,0,,6,2,1971.3726632088888,1,1,6999.0,0.0,0
473,2026-07-07,6,9,1,0,,16,6,555.8882748249999,4,3,7624.0,0.0,0
474,2026-07-07,3,9,0,0,,12,3,609.6126037288889,2,1,10332.333333333334,0.0,0
475,2026-07-07,3,6,0,0,,9,3,485.2871138427778,2,1,11665.666666666666,0.0,0
476,2026-07-07,5,12,4,1,,22,5,200.78200249083335,4,3,7453.545454545455,6999.0,0
477,2026-07-07,2,5,0,2,1.0,10,2,543.3966516622222,4,3,7599.0,6999.0,0
478,2026-07-07,6,12,1,0,,19,6,281.01834308972224,3,3,8051.631578947368,0.0,0
479,2026-07-07,6,12,0,0,,18,6,963.0812450402777,3,2,10554.555555555555,0.0,0
480,2026-07-07,5,12,1,0,,18,5,580.1526023636111,1,1,4999.0,0.0,0
481,2026-07-07,8,20,4,1,,33,8,294.39919539805555,3,3,5302.030303030303,4999.0,0
482,2026-07-07,6,12,0,0,,18,6,180.25447215805553,2,2,7665.666666666667,0.0,0
483,2026-07-07,5,9,4,2,,20,5,583.0323692255555,2,2,5599.0,4999.0,0
484,2026-07-07,3,8,0,0,,11,3,979.3625378622222,3,2,8999.0,0.0,0
485,2026-07-07,6,14,1,0,,21,7,945.7998387427779,4,3,7475.190476190476,0.0,0
486,2026-07-07,3,6,1,0,,10,3,561.2564160819444,3,3,7599.0,0.0,0
487,2026-07-07,2,4,0,0,,6,2,1243.1163568827778,2,1,9665.666666666666,0.0,0
488,2026-07-07,3,4,0,0,,7,3,797.9898496277777,1,1,4999.0,0.0,0
489,2026-07-07,7,13,2,2,,24,8,383.8879459119444,4,3,7415.666666666667,6999.0,0
490,2026-07-07,3,6,0,0,,9,3,1917.7161128494445,2,1,11665.666666666666,0.0,0
491,2026-07-07,9,19,6,9,7.0,50,10,200.30063736722224,2,2,5039.0,4999.0,0
492,2026-07-07,6,12,1,0,,19,6,838.7983219438888,4,3,8788.473684210527,0.0,0
493,2026-07-07,6,15,5,1,,27,6,369.0518152861111,1,1,6999.0,6999.0,0
494,2026-07-07,8,12,4,0,,24,9,39.1439159075,3,2,9499.0,0.0,0
495,2026-07-07,3,7,0,0,,10,3,393.7018686769444,2,1,10599.0,0.0,0
496,2026-07-07,5,9,0,0,,14,5,195.6803450361111,1,1,4999.0,0.0,0
497,2026-07-07,5,10,1,0,,16,5,228.8725799952778,2,1,12249.0,0.0,0
498,2026-07-07,4,7,0,0,,11,4,1214.7082600397223,1,1,4999.0,0.0,0
499,2026-07-07,2,5,0,0,,7,2,275.56414105722223,1,1,6999.0,0.0,0
500,2026-07-07,3,7,1,0,,11,3,826.4190033769445,2,2,7180.818181818182,0.0,0
5,2026-07-14,6,12,3,0,,21,6,18.64475678333333,4,3,6427.571428571428,0.0,0
6,2026-07-14,6,12,1,0,,19,6,685.3838033966667,2,2,7314.789473684211,0.0,0
7,2026-07-14,6,12,0,6,5.0,29,6,72.41783841083333,4,3,6102.448275862069,5999.0,1
8,2026-07-14,6,13,4,0,,23,6,432.4021093005556,4,3,10651.173913043478,0.0,0
9,2026-07-14,5,9,1,0,,15,6,622.2942987588889,2,1,10599.0,0.0,0
10,2026-07-14,4,9,0,0,,13,4,233.16174977916668,1,1,6999.0,0.0,0
11,2026-07-14,3,5,0,0,,8,3,420.84361824166666,2,2,6499.0,0.0,0
12,2026-07-14,3,9,0,0,,12,3,223.19707152555554,2,2,6332.333333333333,0.0,0
13,2026-07-14,4,8,3,0,,15,4,519.5231786552778,2,2,7399.0,0.0,0
14,2026-07-14,5,11,0,0,,16,5,2.8425245013888887,2,2,5249.0,0.0,0
15,2026-07-14,7,12,2,7,5.0,33,7,355.78571181999996,3,2,6332.333333333333,6141.857142857143,1
16,2026-07-14,5,11,2,0,,18,5,66.34564111527777,3,3,5999.0,0.0,0
17,2026-07-14,4,6,2,0,,12,3,177.0846299336111,2,2,6499.0,0.0,0
18,2026-07-14,4,8,0,0,,12,4,591.6831910494444,3,2,10665.666666666666,0.0,0
19,2026-07-14,3,5,2,0,,10,2,1954.430709901389,2,2,6199.0,0.0,0
20,2026-07-14,9,15,5,1,,30,9,361.18928483944444,4,3,10799.0,12999.0,0
21,2026-07-14,3,8,0,0,,11,3,421.3829989247222,2,1,11180.818181818182,0.0,0
22,2026-07-14,4,6,3,4,4.0,21,4,545.5911927469444,3,2,10808.52380952381,10999.0,0
23,2026-07-14,7,13,3,0,,23,7,166.13486529694444,2,2,6477.260869565217,0.0,0
24,2026-07-14,5,11,0,0,,16,3,387.26447403055556,3,2,10249.0,0.0,0
25,2026-07-14,5,6,1,0,,12,5,1654.671399837778,2,2,6665.666666666667,0.0,0
26,2026-07-14,6,13,6,2,,27,6,98.79581004944444,1,1,4999.0,4999.0,0
27,2026-07-14,3,4,0,0,,7,3,2184.1147641530556,3,3,8141.857142857143,0.0,0
28,2026-07-14,6,13,1,0,,20,5,555.2424727177778,3,3,7199.0,0.0,0
29,2026-07-14,4,8,4,3,,19,4,512.4070736641667,2,2,6577.9473684210525,6332.333333333333,0
30,2026-07-14,4,6,1,0,,11,4,1229.0783456497222,3,3,7726.272727272727,0.0,0
31,2026-07-14,6,11,2,3,,22,6,210.34244256777777,3,2,10362.636363636364,10332.333333333334,0
32,2026-07-14,5,7,4,1,1.0,18,4,204.9392624088889,2,2,8665.666666666666,8999.0,0
33,2026-07-14,5,9,5,2,,21,5,382.2558641547222,3,2,9760.904761904761,7999.0,0
34,2026-07-14,2,2,1,0,,5,2,2231.488133526389,2,2,6199.0,0.0,0
35,2026-07-14,5,9,2,0,,16,5,58.90324883805555,4,3,7749.0,0.0,0
36,2026-07-14,7,15,5,3,,30,7,338.5134735811111,4,3,7599.0,7665.666666666667,0
37,2026-07-14,4,6,3,0,,13,3,62.58232728416667,1,1,4999.0,0.0,0
38,2026-07-14,5,11,3,2,,21,5,206.00442011555558,4,3,10808.52380952381,10999.0,0
39,2026-07-14,7,13,3,3,1.0,27,7,58.54072538222222,2,2,5295.2962962962965,4999.0,0
40,2026-07-14,3,8,2,1,,14,3,980.1388681288889,3,2,10713.285714285714,6999.0,0
41,2026-07-14,4,9,0,0,,13,4,1192.4180377008333,3,2,9460.538461538461,0.0,0
42,2026-07-14,3,8,1,0,,12,3,944.2663114272223,2,2,6332.333333333333,0.0,0
43,2026-07-14,5,10,2,3,,20,5,97.74136429472222,3,2,11499.0,11665.666666666666,0
44,2026-07-14,6,14,1,0,,21,7,241.16562547805555,3,2,5570.428571428572,0.0,0
45,2026-07-14,5,11,0,0,,16,5,37.65941061666667,3,2,10874.0,0.0,0
46,2026-07-14,5,12,0,0,,17,5,152.12913211472224,4,3,9704.882352941177,0.0,0
47,2026-07-14,4,9,0,0,,13,4,351.6745365986111,3,3,6845.153846153846,0.0,0
48,2026-07-14,4,6,0,0,,10,4,67.08874105722222,2,2,6599.0,0.0,0
49,2026-07-14,7,16,4,1,,28,7,357.5491808805556,2,2,5141.857142857143,4999.0,0
50,2026-07-14,4,7,0,0,,11,4,228.0487457627778,2,2,6635.363636363636,0.0,0
51,2026-07-14,7,14,1,0,,22,7,242.59731431777777,3,2,11180.818181818182,0.0,0
52,2026-07-14,5,10,2,2,,19,5,679.7465159658334,3,2,8999.0,7999.0,0
53,2026-07-14,6,12,0,0,,18,6,183.44854696305555,2,2,5221.222222222223,0.0,0
54,2026-07-14,1,3,0,0,,4,1,2112.5936031877777,3,2,10499.0,0.0,0
55,2026-07-14,7,14,1,0,,22,7,467.3549205161111,1,1,4999.0,0.0,0
56,2026-07-14,6,10,0,0,,16,6,167.19196331472224,2,2,5749.0,0.0,0
57,2026-07-14,8,14,5,2,1.0,30,8,79.35392327527778,1,1,4999.0,4999.0,0
58,2026-07-14,3,8,1,0,,12,3,133.98259790416665,1,1,4999.0,0.0,0
59,2026-07-14,4,9,0,0,,13,4,370.50488125361113,2,2,7922.076923076923,0.0,0
60,2026-07-14,7,13,5,2,,27,7,61.12198916138889,1,1,4999.0,4999.0,0
61,2026-07-14,3,5,0,0,,8,3,1412.4954059416666,2,2,8249.0,0.0,0
62,2026-07-14,4,9,0,0,,13,4,776.6575438525,2,2,5306.692307692308,0.0,0
63,2026-07-14,3,8,1,0,,12,3,193.6621938627778,2,2,7165.666666666667,0.0,0
64,2026-07-14,10,22,7,4,,43,10,133.31315658111112,2,2,5185.046511627907,4999.0,0
65,2026-07-14,2,5,0,0,,7,2,1961.9934022116665,3,2,8141.857142857143,0.0,0
66,2026-07-14,7,12,5,2,,26,7,578.5888201327778,4,3,7306.692307692308,6999.0,0
67,2026-07-14,4,9,1,0,,14,4,326.6305923188889,2,1,10713.285714285714,0.0,0
68,2026-07-14,6,11,0,0,,17,6,416.02346785555557,2,1,11351.941176470587,0.0,0
69,2026-07-14,3,7,0,0,,10,3,110.959323265,1,1,6999.0,0.0,0
70,2026-07-14,6,8,0,0,,14,6,692.9089236677778,3,3,7141.857142857143,0.0,0
71,2026-07-14,6,11,2,6,4.0,29,5,46.92624986694444,2,2,7205.896551724138,7332.333333333333,1
72,2026-07-14,5,8,0,0,,13,5,11.248886744444444,3,2,7460.538461538462,0.0,0
73,2026-07-14,7,12,2,0,,21,7,161.79516686833335,3,3,5856.142857142857,0.0,0
74,2026-07-14,8,12,2,0,,22,7,202.8426138825,3,3,6999.0,0.0,0
75,2026-07-14,9,20,7,3,1.0,40,9,127.03090681666667,4,3,9249.0,8999.0,0
76,2026-07-14,5,9,0,0,,14,5,50.52638806805555,3,2,7284.714285714285,0.0,0
77,2026-07-14,5,10,3,0,,18,5,1224.2014339080556,2,2,7332.333333333333,0.0,0
78,2026-07-14,5,11,1,0,,17,5,252.22421353416667,3,3,5704.882352941177,0.0,0
79,2026-07-14,5,9,3,0,,17,5,1331.1481166519445,2,2,7351.941176470588,0.0,0
80,2026-07-14,6,15,2,0,,23,6,784.6738813341666,4,3,7781.608695652174,0.0,0
81,2026-07-14,5,11,2,0,,18,4,679.1347037752777,2,2,6443.444444444444,0.0,0
82,2026-07-14,7,14,4,3,,28,7,779.6430302930556,3,2,11927.57142857143,12999.0,0
83,2026-07-14,6,15,0,0,,21,6,830.4530052499999,3,2,10713.285714285714,0.0,0
84,2026-07-14,6,10,3,3,,22,5,530.5006298008334,2,2,5362.636363636364,4999.0,0
85,2026-07-14,6,10,1,6,4.0,27,6,39.44012939,3,3,5665.666666666667,5332.333333333333,1
86,2026-07-14,6,14,2,0,,22,6,1612.7209880238888,2,2,5726.272727272727,0.0,0
87,2026-07-14,4,10,0,0,,14,4,1478.966216191111,2,2,7427.571428571428,0.0,0
88,2026-07-14,6,12,4,1,,23,5,16.832938524444444,4,3,7607.695652173913,6999.0,0
89,2026-07-14,4,6,0,0,,10,4,608.7747744180556,1,1,4999.0,0.0,0
90,2026-07-14,4,8,0,0,,12,4,605.7913762047222,2,1,9332.333333333334,0.0,0
91,2026-07-14,4,10,1,0,,15,4,1023.6849330472222,3,2,10599.0,0.0,0
92,2026-07-14,5,10,0,0,,15,5,236.71204342250002,3,2,10599.0,0.0,0
93,2026-07-14,9,19,3,9,6.0,46,8,112.98409307611112,3,2,7694.652173913043,7665.666666666667,0
94,2026-07-14,6,10,1,0,,17,6,252.8010807261111,3,2,5940.176470588235,0.0,0
95,2026-07-14,6,7,3,1,,17,6,373.3435692188889,4,3,8646.058823529413,12999.0,0
96,2026-07-14,4,8,3,4,3.0,22,4,969.2456504502777,2,2,7362.636363636364,7499.0,1
97,2026-07-14,6,12,1,0,,19,6,244.40089745166665,3,2,10472.684210526315,0.0,0
98,2026-07-14,4,7,0,0,,11,4,48.637544885833336,2,2,7362.636363636364,0.0,0
99,2026-07-14,6,15,1,0,,22,5,966.9992895094445,2,2,6817.181818181818,0.0,0
100,2026-07-14,6,8,2,0,,16,6,114.59994647305555,4,3,8999.0,0.0,0
101,2026-07-14,8,17,6,4,,35,8,925.370681446389,3,2,10713.285714285714,9499.0,0
102,2026-07-14,5,8,4,5,3.0,25,5,173.00606678611112,3,3,5399.0,5399.0,1
103,2026-07-14,7,11,1,0,,19,7,801.9439366227778,3,2,9630.578947368422,0.0,0
104,2026-07-14,5,10,1,0,,16,5,336.97677610222223,2,2,7374.0,0.0,0
105,2026-07-14,5,12,2,1,,20,5,1353.0677837969445,3,2,11599.0,12999.0,0
106,2026-07-14,8,12,3,1,1.0,25,7,347.0627414472222,3,3,7239.0,8999.0,0
107,2026-07-14,4,11,1,0,,16,4,664.7190870127778,2,2,6749.0,0.0,0
108,2026-07-14,5,10,1,0,,16,5,272.06573691805556,3,2,9749.0,0.0,0
109,2026-07-14,4,10,1,0,,15,4,1078.0658295433334,2,2,5265.666666666667,0.0,0
110,2026-07-14,5,10,1,0,,16,5,291.6190579947222,2,2,5499.0,0.0,0
111,2026-07-14,3,7,2,0,,12,3,1217.994421718611,4,3,9165.666666666666,0.0,0
112,2026-07-14,7,12,4,1,,24,7,26.576447703333333,2,2,5665.666666666667,4999.0,0
113,2026-07-14,6,10,2,6,5.0,29,6,534.7706375311111,3,2,9412.793103448275,9665.666666666666,1
114,2026-07-14,7,14,1,0,,22,7,1041.5520261952777,2,1,10999.0,0.0,0
115,2026-07-14,4,5,0,0,,9,4,136.2308107461111,1,1,6999.0,0.0,0
116,2026-07-14,6,11,1,0,,18,6,235.64477953944447,3,3,7110.111111111111,0.0,0
117,2026-07-14,4,6,1,0,,11,4,221.599733,2,2,6453.545454545455,0.0,0
118,2026-07-14,5,10,3,2,,20,5,834.3035029227779,3,2,7599.0,6999.0,0
119,2026-07-14,7,15,1,0,,23,7,964.3365330075001,3,2,10477.260869565218,0.0,0
120,2026-07-14,3,7,1,0,,11,3,780.9544310588889,3,2,8453.545454545454,0.0,0
121,2026-07-14,4,8,0,0,,12,3,343.6625440625,2,2,5665.666666666667,0.0,0
122,2026-07-14,5,8,4,2,,19,5,125.2557504961111,2,2,6577.9473684210525,5999.0,0
123,2026-07-14,5,10,1,0,,16,5,19.352824381111112,1,1,6999.0,0.0,0
124,2026-07-14,7,14,0,0,,21,6,235.5074783925,1,1,6999.0,0.0,0
125,2026-07-14,4,9,3,1,,17,4,187.64780742944444,1,1,6999.0,6999.0,0
126,2026-07-14,5,9,3,0,,17,5,665.6461019755556,2,2,5351.941176470588,0.0,0
127,2026-07-14,4,8,1,0,,13,4,879.7478319636111,1,1,4999.0,0.0,0
128,2026-07-14,10,20,8,1,,39,10,127.26543624555556,3,2,11665.666666666666,12999.0,0
129,2026-07-14,7,15,5,1,,28,7,309.55227068972226,3,2,7927.571428571428,8999.0,0
130,2026-07-14,4,7,2,0,,13,4,347.0072361655555,4,3,11152.846153846154,0.0,0
131,2026-07-14,5,10,0,0,,15,6,163.72138164805557,1,1,4999.0,0.0,0
132,2026-07-14,5,8,3,2,2.0,20,5,176.06016145888887,2,2,5499.0,4999.0,0
133,2026-07-14,6,10,3,2,1.0,22,6,368.5327368641667,2,2,6544.454545454545,5999.0,0
134,2026-07-14,2,2,0,0,,4,2,331.7868241147222,1,1,6999.0,0.0,0
135,2026-07-14,5,8,1,0,,14,5,240.57387227444443,3,2,11141.857142857143,0.0,0
136,2026-07-14,4,8,1,0,,13,4,171.62596924694446,2,2,5614.384615384615,0.0,0
137,2026-07-14,6,10,1,6,3.0,26,6,423.8242817622222,2,2,6229.7692307692305,6332.333333333333,0
138,2026-07-14,5,12,1,0,,18,5,715.7504027008334,2,2,6776.777777777777,0.0,0
139,2026-07-14,5,12,0,0,,17,5,86.75567963083333,2,2,6763.705882352941,0.0,0
140,2026-07-14,6,9,0,0,,15,6,574.4900458455555,2,2,7132.333333333333,0.0,0
141,2026-07-14,5,8,0,0,,13,4,405.7296808711111,3,3,7306.692307692308,0.0,0
142,2026-07-14,9,21,7,9,5.0,51,9,223.90960681555558,4,3,6920.568627450981,6776.777777777777,0
143,2026-07-14,4,8,3,0,,15,4,378.2590191580556,3,3,7399.0,0.0,0
144,2026-07-14,7,14,3,5,1.0,30,8,528.0803415880555,2,2,5332.333333333333,5399.0,0
145,2026-07-14,7,13,5,3,,28,7,10.527281891944444,3,2,11570.42857142857,11665.666666666666,0
146,2026-07-14,7,15,4,7,6.0,39,7,947.7874999669444,1,1,4999.0,4999.0,0
147,2026-07-14,4,6,0,0,,10,4,64.86978489694444,3,2,9399.0,0.0,0
148,2026-07-14,4,10,1,0,,15,5,400.6655849525,1,1,4999.0,0.0,0
149,2026-07-14,3,7,0,0,,10,3,1662.694120448611,3,2,8399.0,0.0,0
150,2026-07-14,3,7,0,0,,10,3,291.3417878258333,2,2,5199.0,0.0,0
151,2026-07-14,6,11,3,1,,21,6,131.08862158416667,2,1,11094.238095238095,8999.0,0
152,2026-07-14,3,4,0,0,,7,3,355.40053033777775,2,2,5570.428571428572,0.0,0
153,2026-07-14,4,9,0,0,,13,4,350.76176400583336,3,2,10691.307692307691,0.0,0
154,2026-07-14,2,3,1,1,,7,2,646.3691265961112,1,1,6999.0,6999.0,0
155,2026-07-14,5,5,1,0,,11,5,39.20430410416667,2,2,6635.363636363636,0.0,0
156,2026-07-14,6,8,5,1,,20,5,148.65183620972223,3,3,7299.0,6999.0,0
157,2026-07-14,12,22,5,12,9.0,60,11,186.56413122694445,4,3,5799.0,5832.333333333333,0
158,2026-07-14,2,5,1,0,,8,2,1643.8558850555557,1,1,12999.0,0.0,0
159,2026-07-14,6,11,0,0,,17,6,60.692549731666666,3,3,5469.588235294118,0.0,0
160,2026-07-14,2,5,0,0,,7,2,190.23765453833335,2,2,6427.571428571428,0.0,0
161,2026-07-14,6,11,0,0,,17,6,509.5406046655556,2,2,6881.35294117647,0.0,0
162,2026-07-14,5,10,2,5,4.0,26,5,228.24136016055556,3,3,6768.2307692307695,6999.0,0
163,2026-07-14,3,6,0,1,,10,3,571.7567176933333,2,1,9799.0,8999.0,0
164,2026-07-14,8,15,4,8,6.0,41,7,839.0454752233334,3,2,7828.268292682927,8249.0,0
165,2026-07-14,8,18,3,8,7.0,44,9,198.3825955825,3,2,9635.363636363636,9499.0,0
166,2026-07-14,8,17,6,8,6.0,45,8,1572.1539943936111,3,3,7132.333333333333,6999.0,0
167,2026-07-14,7,14,5,1,1.0,28,7,90.67576717472222,3,2,10784.714285714286,8999.0,0
168,2026-07-14,7,16,3,7,5.0,38,7,517.9990643372222,2,2,8156.894736842105,9570.42857142857,0
169,2026-07-14,2,3,0,0,,5,2,2393.6580606883335,1,1,8999.0,0.0,0
170,2026-07-14,6,10,0,0,,16,6,767.6254166030556,2,1,11749.0,0.0,0
171,2026-07-14,7,16,3,3,1.0,30,7,686.7203015758333,4,3,7599.0,6999.0,0
172,2026-07-14,5,11,0,0,,16,5,454.9924018433333,3,2,7499.0,0.0,0
173,2026-07-14,3,5,0,0,,8,3,1222.659243905278,3,3,7249.0,0.0,0
174,2026-07-14,3,6,3,0,,12,3,238.65149116805554,1,1,4999.0,0.0,0
175,2026-07-14,7,14,2,0,,23,7,543.5793867811111,4,3,9694.652173913044,0.0,0
176,2026-07-14,6,14,5,2,,27,6,44.60023911861111,2,2,5295.2962962962965,4999.0,0
177,2026-07-14,6,9,3,0,,18,6,946.7253880500001,1,1,4999.0,0.0,0
178,2026-07-14,5,10,1,0,,16,5,46.951828565,3,2,9749.0,0.0,0
179,2026-07-14,4,8,0,0,,12,4,306.38031673555554,1,1,6999.0,0.0,0
180,2026-07-14,4,7,0,0,,11,5,1249.2266252119443,1,1,4999.0,0.0,0
181,2026-07-14,6,9,1,0,,16,6,250.99175111416665,3,2,8999.0,0.0,0
182,2026-07-14,5,7,1,0,,13,5,170.81872376027778,2,2,7922.076923076923,0.0,0
183,2026-07-14,4,8,0,0,,12,4,437.85750196416666,4,3,7165.666666666667,0.0,0
184,2026-07-14,5,7,1,0,,13,5,181.43170862916665,3,3,6845.153846153846,0.0,0
185,2026-07-14,6,10,3,0,,19,6,176.68565045,2,1,10683.21052631579,0.0,0
186,2026-07-14,5,8,2,0,,15,5,226.3171365475,2,2,8599.0,0.0,0
187,2026-07-14,4,7,2,0,,13,4,1129.7812340525,2,2,5306.692307692308,0.0,0
188,2026-07-14,5,7,3,5,5.0,25,5,155.17369366305556,3,3,6839.0,6999.0,0
189,2026-07-14,4,9,2,0,,15,4,458.23236832555557,2,2,7265.666666666667,0.0,0
190,2026-07-14,4,10,2,0,,16,4,172.68314958027779,3,3,6874.0,0.0,0
191,2026-07-14,4,11,2,0,,17,4,570.1880864041667,2,2,7351.941176470588,0.0,0
192,2026-07-14,1,1,0,0,,2,1,124.6543966475,1,1,8999.0,0.0,0
193,2026-07-14,5,10,2,0,,17,4,817.6930168627778,3,2,6646.058823529412,0.0,0
194,2026-07-14,4,6,4,2,1.0,17,4,416.0073875161111,1,1,4999.0,4999.0,0
195,2026-07-14,5,8,1,0,,14,4,86.92827527194444,2,2,6141.857142857143,0.0,0
196,2026-07-14,6,13,5,2,,26,6,434.37439740111114,1,1,6999.0,6999.0,0
197,2026-07-14,5,8,2,2,,17,5,1367.0101002761112,2,1,10881.35294117647,10999.0,0
198,2026-07-14,4,8,1,0,,13,4,84.2054793613889,2,1,11768.23076923077,0.0,0
199,2026-07-14,6,12,2,1,,21,6,364.2075529372222,3,2,7570.428571428572,6999.0,0
200,2026-07-14,6,15,2,6,5.0,34,7,161.80498055500001,3,2,8293.117647058823,8999.0,1
201,2026-07-14,6,9,1,0,,16,6,787.0792246963888,4,3,8374.0,0.0,0
202,2026-07-14,5,13,1,0,,19,5,1553.4235514180557,3,2,11209.526315789473,0.0,0
203,2026-07-14,6,11,1,0,,18,5,500.12994239277776,3,3,8665.666666666666,0.0,0
204,2026-07-14,7,13,2,2,,24,7,77.59872259972222,1,1,6999.0,6999.0,0
205,2026-07-14,7,15,4,7,6.0,39,7,159.51429971138887,4,3,11255.410256410256,11570.42857142857,0
206,2026-07-14,4,7,3,1,1.0,16,3,39.088816700833334,1,1,6999.0,6999.0,0
207,2026-07-14,3,6,0,0,,9,3,1198.2074658922222,2,1,9887.888888888889,0.0,0
208,2026-07-14,5,8,0,0,,13,5,1451.97093687,4,3,9306.692307692309,0.0,0
209,2026-07-14,8,11,5,0,,24,8,47.35597567388889,2,2,5249.0,0.0,0
210,2026-07-14,5,12,1,0,,18,5,1010.3424390916667,3,3,6110.111111111111,0.0,0
211,2026-07-14,2,5,1,0,,8,2,972.29454336,2,1,9499.0,0.0,0
212,2026-07-14,4,8,1,0,,13,4,2079.5620177663886,2,1,10537.461538461539,0.0,0
213,2026-07-14,3,7,0,0,,10,3,905.1525770702779,2,1,10599.0,0.0,0
214,2026-07-14,6,9,1,0,,16,6,431.3242674927778,4,3,9374.0,0.0,0
215,2026-07-14,11,21,5,2,,39,10,423.78273982388885,4,3,11050.28205128205,8999.0,0
216,2026-07-14,7,16,3,7,6.0,39,7,1015.5565305205556,2,2,7152.846153846154,7284.714285714285,1
217,2026-07-14,4,6,0,0,,10,4,185.80072473027778,2,2,5399.0,0.0,0
218,2026-07-14,6,8,0,0,,14,6,207.94752678916666,1,1,4999.0,0.0,0
219,2026-07-14,6,10,2,0,,18,7,262.95655479,3,2,10110.111111111111,0.0,0
220,2026-07-14,4,9,2,0,,15,4,48.76631982138889,2,1,9532.333333333334,0.0,0
221,2026-07-14,6,14,2,2,1.0,25,6,675.7239725380555,3,2,9159.0,10999.0,0
222,2026-07-14,5,11,0,0,,16,5,182.40597177305557,3,2,7499.0,0.0,0
223,2026-07-14,5,8,3,2,,18,5,1266.853456893889,3,3,6776.777777777777,6999.0,0
224,2026-07-14,4,8,1,4,3.0,20,4,1922.4342478302779,2,2,7099.0,6999.0,1
225,2026-07-14,4,9,1,0,,14,4,494.4389487536111,1,1,6999.0,0.0,0
226,2026-07-14,1,1,0,0,,2,1,2425.9644752019444,1,1,8999.0,0.0,0
227,2026-07-14,5,8,4,0,,17,5,287.48977455722223,3,3,5822.529411764706,0.0,0
228,2026-07-14,6,9,4,2,1.0,22,6,984.5176564566667,2,2,7362.636363636364,6999.0,0
229,2026-07-14,4,6,0,0,,10,4,433.2594778605556,2,2,6599.0,0.0,0
230,2026-07-14,6,13,1,0,,20,6,96.0716855163889,3,3,6399.0,0.0,0
231,2026-07-14,7,15,2,1,,25,7,222.915588475,3,3,5639.0,4999.0,0
232,2026-07-14,3,6,0,0,,9,3,1234.0041973808334,1,1,6999.0,0.0,0
233,2026-07-14,3,4,0,0,,7,3,640.6546616183334,1,1,12999.0,0.0,0
234,2026-07-14,3,6,2,0,,11,3,341.33977651,3,2,9908.09090909091,0.0,0
235,2026-07-14,4,10,3,2,,19,4,212.05758481916666,2,1,10472.684210526315,10999.0,0
236,2026-07-14,6,11,3,2,,22,6,104.63177071527778,3,2,8908.09090909091,7999.0,0
237,2026-07-14,6,10,3,0,,19,6,943.7682725408333,2,2,5420.0526315789475,0.0,0
238,2026-07-14,6,10,0,0,,16,6,549.9553663830555,2,2,5249.0,0.0,0
239,2026-07-14,5,10,2,0,,17,5,672.8293557333333,3,2,10999.0,0.0,0
240,2026-07-14,7,15,5,3,1.0,31,8,1.4482769480555557,4,3,6547.387096774193,7665.666666666667,0
241,2026-07-14,6,10,1,0,,17,6,201.99374383277777,1,1,4999.0,0.0,0
242,2026-07-14,4,11,2,3,,20,4,60.987679414166664,2,2,6799.0,6999.0,0
243,2026-07-14,6,7,1,0,,14,6,922.2691445052777,3,2,7284.714285714285,0.0,0
244,2026-07-14,6,10,1,0,,17,6,43.71718240111112,4,3,9587.235294117647,0.0,0
245,2026-07-14,7,16,6,1,,30,7,79.83832556277777,2,2,5665.666666666667,4999.0,0
246,2026-07-14,5,11,1,0,,17,5,202.69276222722223,4,3,8410.764705882353,0.0,0
247,2026-07-14,3,5,0,0,,8,3,450.4123449894444,3,2,9499.0,0.0,0
248,2026-07-14,5,13,4,1,1.0,24,6,125.04637956777778,2,1,11165.666666666666,8999.0,0
249,2026-07-14,1,1,0,0,,2,1,222.470958845,1,1,4999.0,0.0,0
250,2026-07-14,2,5,0,0,,7,2,425.1072694988889,3,2,10427.57142857143,0.0,0
251,2026-07-14,4,9,0,0,,13,4,204.43205530111112,2,2,5152.846153846154,0.0,0
252,2026-07-14,4,9,0,0,,13,4,797.8458360205556,3,2,8383.615384615385,0.0,0
253,2026-07-14,4,8,0,0,,12,4,990.11198166,2,1,11332.333333333334,0.0,0
254,2026-07-14,4,11,1,1,,17,4,360.4112227738889,3,3,7234.294117647059,8999.0,0
255,2026-07-14,5,10,4,0,,19,5,122.39364997861111,1,1,6999.0,0.0,0
256,2026-07-14,5,10,2,0,,17,5,840.4782929358333,3,2,6410.764705882353,0.0,0
257,2026-07-14,3,9,1,0,,13,4,277.6099408263889,2,1,11460.538461538461,0.0,0
258,2026-07-14,8,12,0,0,,20,8,84.21726099388889,2,2,7599.0,0.0,0
259,2026-07-14,7,11,4,7,4.0,33,7,634.5499813241667,3,3,6999.0,6999.0,0
260,2026-07-14,5,11,0,0,,16,5,232.00699806777777,3,2,10124.0,0.0,0
261,2026-07-14,4,8,1,0,,13,4,1894.3530906969443,2,1,10229.76923076923,0.0,0
262,2026-07-14,3,6,1,0,,10,3,610.5490742097222,3,2,8599.0,0.0,0
263,2026-07-14,7,13,2,3,,25,7,83.1533151888889,1,1,6999.0,6999.0,0
264,2026-07-14,2,2,0,0,,4,2,6.622623358611111,2,2,8999.0,0.0,0
265,2026-07-14,5,12,2,0,,19,5,337.5875897272222,2,2,7630.578947368421,0.0,0
266,2026-07-14,6,9,3,2,,20,6,455.88826058194445,2,2,7199.0,6999.0,0
267,2026-07-14,4,11,1,0,,16,4,577.9462386430555,2,2,5374.0,0.0,0
268,2026-07-14,6,13,2,6,3.0,30,5,716.2981463577778,3,3,6799.0,6665.666666666667,0
269,2026-07-14,6,11,1,0,,18,6,545.4430070063889,4,3,11221.222222222223,0.0,0
270,2026-07-14,5,14,0,0,,19,5,300.855158405,3,3,7209.526315789473,0.0,0
271,2026-07-14,2,4,0,0,,6,2,2075.962153636111,3,2,9665.666666666666,0.0,0
272,2026-07-14,7,13,4,3,,27,7,1106.7225343597222,1,1,4999.0,4999.0,0
273,2026-07-14,5,9,3,0,,17,5,158.57837965000002,3,3,5351.941176470588,0.0,0
274,2026-07-14,4,8,0,0,,12,5,916.1029990166667,3,3,6165.666666666667,0.0,0
275,2026-07-14,5,9,1,0,,15,5,1306.6930593427778,3,3,6732.333333333333,0.0,0
276,2026-07-14,6,10,1,1,,18,6,448.81059228583337,3,2,7554.555555555556,6999.0,0
277,2026-07-14,2,3,0,0,,5,2,1021.6702970613889,1,1,4999.0,0.0,0
278,2026-07-14,5,9,0,0,,14,5,457.4800698575,1,1,6999.0,0.0,0
279,2026-07-14,5,9,0,0,,14,6,91.86521643833333,2,1,10713.285714285714,0.0,0
280,2026-07-14,6,15,4,0,,25,5,1681.8118483944445,4,3,5879.0,0.0,0
281,2026-07-14,2,4,2,0,,8,2,1953.7619119111112,2,2,7499.0,0.0,0
282,2026-07-14,5,11,1,0,,17,5,505.0774936075,3,2,10057.823529411764,0.0,0
283,2026-07-14,7,12,4,7,5.0,35,7,223.90152774277777,3,3,7456.142857142857,7570.428571428572,1
284,2026-07-14,5,12,1,0,,18,5,51.65344745305555,3,2,5665.666666666667,0.0,0
285,2026-07-14,5,8,3,5,4.0,25,5,1048.3764234377777,3,2,10119.0,9799.0,0
286,2026-07-14,4,10,0,0,,14,4,1603.539499471111,1,1,6999.0,0.0,0
287,2026-07-14,3,4,2,0,,9,3,245.5811726247222,2,2,6776.777777777777,0.0,0
288,2026-07-14,9,18,3,9,6.0,45,8,696.6587954891667,2,1,11665.666666666666,11665.666666666666,0
289,2026-07-14,3,5,1,0,,9,3,924.3634128819444,2,2,7221.222222222223,0.0,0
290,2026-07-14,3,7,0,0,,10,3,1790.1565288766667,3,2,8399.0,0.0,0
291,2026-07-14,6,13,1,0,,20,6,19.765315798333333,4,3,8599.0,0.0,0
292,2026-07-14,7,18,4,1,,30,6,354.08540847611107,2,2,5532.333333333333,4999.0,0
293,2026-07-14,5,11,5,1,1.0,23,5,1144.1070735430555,2,1,11955.521739130434,12999.0,0
294,2026-07-14,6,10,3,0,,19,6,584.5970305691667,3,3,7630.578947368421,0.0,0
295,2026-07-14,6,11,0,0,,17,6,211.71782826277777,2,1,11822.529411764706,0.0,0
296,2026-07-14,4,9,0,0,,13,4,41.80791947722222,2,2,5306.692307692308,0.0,0
297,2026-07-14,5,10,1,0,,16,5,11.409914692777777,3,2,11124.0,0.0,0
298,2026-07-14,6,15,0,0,,21,6,32.49065187,3,2,7379.952380952381,0.0,0
299,2026-07-14,9,15,3,9,7.0,43,9,182.00884516111114,3,2,8440.860465116279,8554.555555555555,0
300,2026-07-14,5,11,1,0,,17,5,849.2877288616668,3,3,6999.0,0.0,0
301,2026-07-14,5,9,2,0,,16,5,944.2507344175,4,3,10624.0,0.0,0
302,2026-07-14,4,7,2,0,,13,4,856.8097777302778,1,1,6999.0,0.0,0
303,2026-07-14,3,4,0,0,,7,3,60.6619764925,2,2,8427.57142857143,0.0,0
304,2026-07-14,4,7,1,0,,12,4,1203.3336729044445,3,3,5499.0,0.0,0
305,2026-07-14,3,8,0,0,,11,3,1108.566563773889,2,2,5726.272727272727,0.0,0
306,2026-07-14,4,5,0,0,,9,4,344.4744319897222,2,2,8554.555555555555,0.0,0
307,2026-07-14,3,4,0,0,,7,3,475.2067499002778,2,1,10141.857142857143,0.0,0
308,2026-07-14,8,16,0,0,,24,8,777.6639463963888,2,2,7499.0,0.0,0
309,2026-07-14,3,7,2,1,,13,3,759.0613185408333,2,2,8383.615384615385,8999.0,0
310,2026-07-14,6,9,4,6,6.0,31,6,441.5057882872222,4,3,9708.677419354839,9332.333333333334,0
311,2026-07-14,4,7,2,0,,13,4,433.1787067661111,1,1,4999.0,0.0,0
312,2026-07-14,3,7,0,0,,10,3,277.85324488305554,2,2,6599.0,0.0,0
313,2026-07-14,7,15,4,2,,28,7,1591.091695148889,3,2,5427.571428571428,4999.0,0
314,2026-07-14,4,7,0,0,,11,4,622.5977456983333,1,1,4999.0,0.0,0
315,2026-07-14,4,7,0,0,,11,5,1076.1008286072222,2,2,7180.818181818182,0.0,0
316,2026-07-14,3,8,0,0,,11,3,1591.1346393441668,3,2,10999.0,0.0,0
317,2026-07-14,8,15,3,8,6.0,40,8,1140.4087998041666,3,2,10999.0,10999.0,0
318,2026-07-14,4,6,0,0,,10,4,1013.6348739930555,2,2,7399.0,0.0,0
319,2026-07-14,7,17,3,0,,27,8,458.7505198794444,4,3,7887.888888888889,0.0,0
320,2026-07-14,6,13,2,6,4.0,31,6,137.62919065055556,1,1,4999.0,4999.0,0
321,2026-07-14,3,7,1,0,,11,3,0.9550963736111111,3,2,6089.909090909091,0.0,0
322,2026-07-14,4,10,2,0,,16,4,211.93335587833332,2,1,12249.0,0.0,0
323,2026-07-14,6,11,1,6,4.0,28,6,657.8611437080556,2,2,7856.142857142857,7999.0,1
324,2026-07-14,4,7,1,1,1.0,14,4,135.5656091922222,2,2,5141.857142857143,4999.0,0
325,2026-07-14,5,12,1,0,,18,5,458.18320407277776,2,2,5110.111111111111,0.0,0
326,2026-07-14,2,4,1,0,,7,2,984.2032436225,1,1,4999.0,0.0,0
327,2026-07-14,8,19,2,3,,32,8,22.130068333611113,3,3,5436.5,5665.666666666667,0
328,2026-07-14,4,10,1,1,,16,5,857.1704808377777,3,2,6249.0,4999.0,0
329,2026-07-14,4,5,2,2,1.0,14,4,626.9179269555555,1,1,6999.0,6999.0,0
330,2026-07-14,3,8,0,0,,11,3,1957.6831747533333,2,2,5726.272727272727,0.0,0
331,2026-07-14,2,4,0,0,,6,2,955.5126791886111,2,2,7332.333333333333,0.0,0
332,2026-07-14,4,8,4,1,1.0,18,4,766.1842287133333,1,1,4999.0,4999.0,0
333,2026-07-14,3,4,1,1,,9,3,497.1658975408334,2,1,11665.666666666666,12999.0,0
334,2026-07-14,5,10,1,0,,16,5,18.74451304388889,3,3,6874.0,0.0,0
335,2026-07-14,6,13,3,2,,24,6,994.5383554369444,1,1,6999.0,6999.0,0
336,2026-07-14,5,13,0,0,,18,5,769.4069700511112,3,3,7110.111111111111,0.0,0
337,2026-07-14,4,8,1,0,,13,4,57.533921703888886,3,3,7152.846153846154,0.0,0
338,2026-07-14,4,10,1,0,,15,4,1754.7236951158334,2,2,8199.0,0.0,0
339,2026-07-14,5,11,2,1,,19,5,344.47269048916667,2,2,5420.0526315789475,4999.0,0
340,2026-07-14,9,17,3,3,,32,9,841.4887500925,3,3,5249.0,4999.0,0
341,2026-07-14,8,15,6,8,5.0,42,8,57.59318390416667,2,2,5475.190476190476,5499.0,1
342,2026-07-14,4,9,1,0,,14,4,451.7492888811111,2,2,5427.571428571428,0.0,0
343,2026-07-14,4,6,4,1,,15,4,214.4988830063889,2,2,8065.666666666667,8999.0,0
344,2026-07-14,5,9,3,2,1.0,20,5,561.0992511330555,3,2,11899.0,12999.0,0
345,2026-07-14,7,14,5,3,1.0,30,7,340.8676451025,2,2,5065.666666666667,4999.0,0
346,2026-07-14,3,6,1,2,,12,3,705.3086023291667,3,2,10165.666666666666,10999.0,0
347,2026-07-14,6,14,0,1,,21,5,0.08022760722222222,2,2,5094.238095238095,4999.0,0
348,2026-07-14,6,13,5,2,,26,6,189.40032706527776,3,3,6922.076923076923,5999.0,0
349,2026-07-14,2,3,0,0,,5,2,273.94621500277776,2,1,9799.0,0.0,0
350,2026-07-14,2,3,1,0,,6,2,678.5052236166666,1,1,4999.0,0.0,0
351,2026-07-14,3,4,0,0,,7,3,1839.8488189394443,1,1,4999.0,0.0,0
352,2026-07-14,5,10,0,0,,15,5,575.8204042783334,3,2,10865.666666666666,0.0,0
353,2026-07-14,7,11,6,2,,26,6,85.67519586111112,3,3,7460.538461538462,6999.0,0
354,2026-07-14,6,10,5,2,1.0,24,6,203.27200514277777,2,1,11665.666666666666,10999.0,0
355,2026-07-14,2,5,0,0,,7,2,1185.0486710625,2,1,12427.57142857143,0.0,0
356,2026-07-14,5,11,0,0,,16,5,1360.4249945669446,3,3,7124.0,0.0,0
357,2026-07-14,6,12,0,0,,18,6,9.221928537499998,3,2,10776.777777777777,0.0,0
358,2026-07-14,10,20,8,3,,41,10,248.7360635677778,4,3,5730.707317073171,4999.0,0
359,2026-07-14,11,26,7,11,7.0,62,10,410.3388581808333,4,3,5579.645161290323,5362.636363636364,0
360,2026-07-14,9,19,4,9,5.0,46,8,67.35516251888889,3,2,9868.565217391304,10110.111111111111,0
361,2026-07-14,8,17,3,8,5.0,41,8,148.07928824694446,3,2,10364.853658536585,10499.0,0
362,2026-07-14,4,9,2,2,,17,4,1192.6615574077778,3,3,7234.294117647059,6999.0,0
363,2026-07-14,11,18,5,11,9.0,54,11,328.6776690380555,1,1,4999.0,4999.0,1
364,2026-07-14,5,7,0,0,,12,5,594.7848556958332,3,3,6665.666666666667,0.0,0
365,2026-07-14,6,12,0,0,,18,6,450.11300922888887,2,1,11665.666666666666,0.0,0
366,2026-07-14,3,6,2,0,,11,3,1475.1907438252779,2,2,5544.454545454545,0.0,0
367,2026-07-14,7,14,6,3,,30,7,44.99283084861111,2,2,7265.666666666667,6999.0,0
368,2026-07-14,5,8,0,0,,13,5,45.47679907972222,2,1,9922.076923076924,0.0,0
369,2026-07-14,3,5,2,2,,12,3,151.8686789911111,2,2,7165.666666666667,6999.0,0
370,2026-07-14,4,7,1,0,,12,4,91.96265722444444,2,2,5332.333333333333,0.0,0
371,2026-07-14,3,8,1,0,,12,3,236.3048875636111,3,2,9999.0,0.0,0
372,2026-07-14,8,12,4,8,6.0,38,8,177.498761025,2,2,5630.578947368421,5499.0,1
373,2026-07-14,6,9,2,0,,17,6,296.9541524133333,3,2,7587.235294117647,0.0,0
374,2026-07-14,4,6,2,0,,12,4,245.28615607944442,3,2,9332.333333333334,0.0,0
375,2026-07-14,3,5,0,0,,8,3,498.29432122527777,2,1,10499.0,0.0,0
376,2026-07-14,6,16,4,1,,27,6,607.3013629308334,2,2,6036.037037037037,8999.0,0
377,2026-07-14,11,23,5,11,9.0,59,11,240.4397762,3,2,7134.593220338983,6999.0,1
378,2026-07-14,4,9,1,0,,14,4,1577.3943958666666,2,2,5570.428571428572,0.0,0
379,2026-07-14,7,15,2,0,,24,7,179.65190384083334,3,2,10665.666666666666,0.0,0
380,2026-07-14,9,20,6,9,7.0,51,10,169.05055101666667,2,2,5312.725490196079,5443.444444444444,1
381,2026-07-14,3,5,0,0,,8,3,1055.3580304183333,2,2,5749.0,0.0,0
382,2026-07-14,5,9,0,0,,14,5,158.2777959061111,4,3,11141.857142857143,0.0,0
383,2026-07-14,5,6,1,0,,12,5,934.6260070175,3,2,11332.333333333334,0.0,0
384,2026-07-14,3,8,1,0,,12,3,576.4376203730556,3,2,8665.666666666666,0.0,0
385,2026-07-14,6,9,0,0,,15,6,412.00329435833333,4,3,9532.333333333334,0.0,0
386,2026-07-14,6,10,0,0,,16,6,1352.3373913819444,3,2,10999.0,0.0,0
387,2026-07-14,5,10,1,5,3.0,24,5,419.5390737769444,2,1,10499.0,10599.0,1
388,2026-07-14,6,12,4,1,,23,6,268.0075836625,3,2,8042.478260869565,6999.0,0
389,2026-07-14,6,13,2,2,,23,4,255.53628372111112,3,3,6825.086956521739,5999.0,0
390,2026-07-14,8,17,5,0,,30,8,92.28147136361112,2,1,11932.333333333334,0.0,0
391,2026-07-14,3,5,0,0,,8,3,299.3335035741667,3,2,8999.0,0.0,0
392,2026-07-14,6,16,1,0,,23,6,346.8398335325,3,2,9781.608695652174,0.0,0
393,2026-07-14,7,14,2,0,,23,7,598.9906949088889,4,3,10738.130434782608,0.0,0
394,2026-07-14,3,5,1,0,,9,3,102.60766469777778,2,2,7665.666666666667,0.0,0
395,2026-07-14,5,13,2,0,,20,5,680.6608749005555,3,2,10799.0,0.0,0
396,2026-07-14,5,7,1,0,,13,5,752.3977235258333,1,1,4999.0,0.0,0
397,2026-07-14,8,17,4,1,,30,8,37.181078551666666,2,2,5799.0,12999.0,0
398,2026-07-14,6,15,5,2,,28,6,79.36367310333334,3,2,11856.142857142857,12999.0,0
399,2026-07-14,3,7,0,0,,10,3,1601.429919258889,1,1,6999.0,0.0,0
400,2026-07-14,6,12,0,0,,18,6,77.53736833694444,2,2,5443.444444444444,0.0,0
401,2026-07-14,3,8,0,0,,11,3,1296.2383770611111,3,2,10817.181818181818,0.0,0
402,2026-07-14,7,13,4,3,,27,7,243.48205938972222,3,2,9739.74074074074,8999.0,0
403,2026-07-14,6,14,1,0,,21,6,80.49009472,3,2,7475.190476190476,0.0,0
404,2026-07-14,7,13,7,7,3.0,37,7,188.880660355,3,3,7593.594594594595,7570.428571428572,0
405,2026-07-14,4,9,2,1,1.0,17,4,171.87757349416665,3,3,7587.235294117647,6999.0,0
406,2026-07-14,5,10,1,0,,16,6,476.6550978588889,2,2,7749.0,0.0,0
407,2026-07-14,4,9,2,0,,15,4,1297.3537283605554,4,3,6865.666666666667,0.0,0
408,2026-07-14,1,2,0,0,,3,1,1879.8535232722222,1,1,6999.0,0.0,0
409,2026-07-14,6,13,3,2,,24,5,213.51424575277778,4,3,10415.666666666666,10999.0,0
410,2026-07-14,7,13,2,0,,22,7,231.35351442944446,2,2,5453.545454545455,0.0,0
411,2026-07-14,4,7,2,1,,14,4,1307.8047685094443,2,2,6856.142857142857,6999.0,0
412,2026-07-14,7,15,1,0,,23,7,737.0090893208334,3,3,6651.173913043478,0.0,0
413,2026-07-14,3,4,0,0,,7,3,803.3558148194445,1,1,6999.0,0.0,0
414,2026-07-14,2,3,0,0,,5,2,139.28387302,2,2,6199.0,0.0,0
415,2026-07-14,4,6,1,0,,11,4,1691.6584828727778,2,2,5726.272727272727,0.0,0
416,2026-07-14,4,10,0,0,,14,4,387.5787017872222,3,2,6141.857142857143,0.0,0
417,2026-07-14,6,13,2,0,,21,7,440.29854397444444,3,3,7379.952380952381,0.0,0
418,2026-07-14,5,10,0,0,,15,5,400.6317939236111,4,3,7799.0,0.0,0
419,2026-07-14,4,9,2,0,,15,4,419.668988605,3,2,9532.333333333334,0.0,0
420,2026-07-14,4,8,0,0,,12,4,488.16988954972226,2,1,10665.666666666666,0.0,0
421,2026-07-14,6,12,1,0,,19,6,128.33604632027777,2,2,5209.526315789473,0.0,0
422,2026-07-14,5,13,0,0,,18,6,20.368444395,2,2,7665.666666666667,0.0,0
423,2026-07-14,3,5,3,2,1.0,14,3,1616.8086584144446,2,2,8284.714285714286,6999.0,0
424,2026-07-14,4,8,2,0,,14,4,1454.4019788991668,3,3,5713.285714285715,0.0,0
425,2026-07-14,4,7,2,1,1.0,15,4,702.8690378780556,2,2,5265.666666666667,4999.0,0
426,2026-07-14,4,8,3,4,3.0,22,4,676.9439360327779,2,2,6544.454545454545,6499.0,0
427,2026-07-14,6,9,1,0,,16,6,341.56099599972225,1,1,4999.0,0.0,0
428,2026-07-14,7,13,2,3,,25,7,50.107571368888884,3,2,10759.0,11665.666666666666,0
429,2026-07-14,6,14,4,0,,24,5,63.92631817777778,2,1,11332.333333333334,0.0,0
430,2026-07-14,4,10,0,0,,14,4,2029.0620474516668,2,1,11284.714285714286,0.0,0
431,2026-07-14,3,5,2,1,,11,3,515.5504100224999,2,1,10089.90909090909,8999.0,0
432,2026-07-14,3,5,1,0,,9,3,272.73952748861115,2,1,9443.444444444445,0.0,0
433,2026-07-14,6,14,3,6,5.0,34,5,472.6744828538889,2,2,5587.235294117647,5665.666666666667,0
434,2026-07-14,2,5,0,0,,7,2,794.57239546,3,2,11284.714285714286,0.0,0
435,2026-07-14,5,13,1,0,,19,5,435.43629695444446,3,2,6051.631578947368,0.0,0
436,2026-07-14,4,8,1,0,,13,4,746.6355949866667,1,1,6999.0,0.0,0
437,2026-07-14,5,10,4,4,1.0,24,5,138.00755288444444,2,2,6332.333333333333,6999.0,0
438,2026-07-14,5,11,3,0,,19,5,195.45268312694444,1,1,6999.0,0.0,0
439,2026-07-14,4,8,1,0,,13,4,990.2015634422223,3,3,5922.076923076923,0.0,0
440,2026-07-14,8,18,3,8,6.0,43,10,279.608874865,1,1,6999.0,6999.0,0
441,2026-07-14,5,9,1,0,,15,5,1829.0615912138887,2,2,6065.666666666667,0.0,0
442,2026-07-14,5,11,0,0,,16,5,1763.3731947491667,3,3,5374.0,0.0,0
443,2026-07-14,4,11,1,0,,16,5,136.03904020972223,4,3,10749.0,0.0,0
444,2026-07-14,4,8,0,0,,12,4,932.7008757402778,1,1,4999.0,0.0,0
445,2026-07-14,6,12,2,6,4.0,30,6,672.1625548391667,4,3,6665.666666666667,6999.0,0
446,2026-07-14,9,20,5,5,1.0,40,9,591.7767735319445,3,2,11399.0,12199.0,0
447,2026-07-14,5,10,0,0,,15,5,6.159309295833333,2,2,5265.666666666667,0.0,0
448,2026-07-14,3,4,2,0,,9,3,558.6360228083333,2,1,10332.333333333334,0.0,0
449,2026-07-14,8,17,3,8,6.0,42,8,328.94202583861113,2,2,5141.857142857143,5249.0,0
450,2026-07-14,5,10,2,0,,17,5,329.91109566194444,1,1,4999.0,0.0,0
451,2026-07-14,7,11,2,0,,20,7,77.54998156194443,1,1,6999.0,0.0,0
452,2026-07-14,4,8,1,0,,13,4,305.70157217888885,2,1,12075.923076923076,0.0,0
453,2026-07-14,5,8,1,1,,15,5,75.50989918583333,2,2,5265.666666666667,4999.0,0
454,2026-07-14,4,5,1,0,,10,4,816.4915079319445,2,1,10999.0,0.0,0
455,2026-07-14,5,7,1,0,,13,5,469.12442096333336,1,1,6999.0,0.0,0
456,2026-07-14,5,8,3,1,,17,6,527.6883363977778,2,2,5234.294117647059,4999.0,0
457,2026-07-14,2,6,0,0,,8,2,210.05005104305556,3,2,8749.0,0.0,0
458,2026-07-14,4,7,1,0,,12,4,446.1391051794444,2,1,11332.333333333334,0.0,0
459,2026-07-14,6,10,1,0,,17,6,539.5690030625,4,3,10410.764705882353,0.0,0
460,2026-07-14,3,5,0,0,,8,3,128.30214476305554,2,1,11499.0,0.0,0
461,2026-07-14,4,8,1,0,,13,4,223.92275546416667,2,2,6229.7692307692305,0.0,0
462,2026-07-14,5,10,0,0,,15,5,102.30817549916667,3,3,6999.0,0.0,0
463,2026-07-14,6,10,0,0,,16,6,66.33111201333332,3,2,11624.0,0.0,0
464,2026-07-14,7,12,4,1,,24,7,248.29509677833335,2,2,8249.0,6999.0,0
465,2026-07-14,5,12,2,1,,20,5,15.673116898888889,2,2,5599.0,4999.0,0
466,2026-07-14,6,12,3,0,,21,6,165.2318570463889,3,3,6141.857142857143,0.0,0
467,2026-07-14,5,12,0,0,,17,7,1159.1832278536112,2,2,6763.705882352941,0.0,0
468,2026-07-14,3,6,0,0,,9,3,209.07951037083333,2,1,10776.777777777777,0.0,0
469,2026-07-14,6,12,1,0,,19,6,195.61559283472224,2,1,9841.105263157895,0.0,0
470,2026-07-14,7,16,2,7,2.0,34,7,400.28827614944447,3,3,8351.941176470587,8427.57142857143,0
471,2026-07-14,5,13,3,5,4.0,30,5,768.7206610861111,1,1,6999.0,6999.0,1
472,2026-07-14,2,4,0,0,,6,2,2139.3726632088888,1,1,6999.0,0.0,0
473,2026-07-14,6,9,1,0,,16,6,723.8882748249999,4,3,7624.0,0.0,0
474,2026-07-14,3,9,0,0,,12,3,777.6126037288889,2,1,10332.333333333334,0.0,0
475,2026-07-14,4,9,0,0,,13,4,21.108408753611112,2,1,11460.538461538461,0.0,0
476,2026-07-14,5,12,4,1,,22,5,368.78200249083335,4,3,7453.545454545455,6999.0,0
477,2026-07-14,2,5,0,2,1.0,10,2,711.3966516622222,4,3,7599.0,6999.0,1
478,2026-07-14,6,12,1,0,,19,6,449.0183430897222,3,3,8051.631578947368,0.0,0
479,2026-07-14,6,12,0,0,,18,6,1131.0812450402777,3,2,10554.555555555555,0.0,0
480,2026-07-14,5,12,1,0,,18,5,748.1526023636112,1,1,4999.0,0.0,0
481,2026-07-14,8,20,4,1,,33,8,462.39919539805555,3,3,5302.030303030303,4999.0,0
482,2026-07-14,7,14,0,0,,21,7,109.03544182055555,2,2,7570.428571428572,0.0,0
483,2026-07-14,5,9,4,2,,20,5,751.0323692255555,2,2,5599.0,4999.0,0
484,2026-07-14,3,8,0,0,,11,3,1147.362537862222,3,2,8999.0,0.0,0
485,2026-07-14,6,14,1,0,,21,7,1113.7998387427779,4,3,7475.190476190476,0.0,0
486,2026-07-14,3,6,1,0,,10,3,729.2564160819445,3,3,7599.0,0.0,0
487,2026-07-14,2,4,0,0,,6,2,1411.1163568827778,2,1,9665.666666666666,0.0,0
488,2026-07-14,3,4,0,0,,7,3,965.9898496277777,1,1,4999.0,0.0,0
489,2026-07-14,7,13,2,2,,24,8,551.8879459119445,4,3,7415.666666666667,6999.0,0
490,2026-07-14,3,6,0,0,,9,3,2085.7161128494445,2,1,11665.666666666666,0.0,0
491,2026-07-14,9,19,6,9,7.0,50,10,368.30063736722224,2,2,5039.0,4999.0,1
492,2026-07-14,6,12,1,0,,19,6,1006.7983219438888,4,3,8788.473684210527,0.0,0
493,2026-07-14,6,15,5,1,,27,6,537.051815286111,1,1,6999.0,6999.0,0
494,2026-07-14,8,12,4,0,,24,9,207.1439159075,3,2,9499.0,0.0,0
495,2026-07-14,4,8,0,0,,12,4,96.82832432416667,2,1,10999.0,0.0,0
496,2026-07-14,6,11,0,0,,17,6,63.91809727583333,1,1,4999.0,0.0,0
497,2026-07-14,6,12,1,0,,19,6,73.93166261555555,2,1,11946.368421052632,0.0,0
498,2026-07-14,4,7,0,0,,11,4,1382.7082600397223,1,1,4999.0,0.0,0
499,2026-07-14,2,5,0,0,,7,2,443.56414105722223,1,1,6999.0,0.0,0
500,2026-07-14,3,7,1,0,,11,3,994.4190033769445,2,2,7180.818181818182,0.0,0
5,2026-07-21,6,12,3,0,,21,6,186.64475678333335,4,3,6427.571428571428,0.0,0
6,2026-07-21,6,12,1,0,,19,6,853.3838033966667,2,2,7314.789473684211,0.0,0
7,2026-07-21,7,13,0,7,6.0,33,7,21.1901729425,4,3,5968.69696969697,5856.142857142857,1
8,2026-07-21,6,13,4,0,,23,6,600.4021093005555,4,3,10651.173913043478,0.0,0
9,2026-07-21,5,9,1,0,,15,6,790.2942987588889,2,1,10599.0,0.0,0
10,2026-07-21,5,10,0,0,,15,5,24.486927554166666,1,1,6999.0,0.0,0
11,2026-07-21,3,5,0,0,,8,3,588.8436182416666,2,2,6499.0,0.0,0
12,2026-07-21,4,12,0,0,,16,4,10.127420966666666,2,2,5999.0,0.0,0
13,2026-07-21,4,8,3,0,,15,4,687.5231786552778,2,2,7399.0,0.0,0
14,2026-07-21,5,11,0,0,,16,5,170.8425245013889,2,2,5249.0,0.0,0
15,2026-07-21,8,13,3,8,6.0,38,8,103.91202525722223,3,2,6156.894736842105,5999.0,0
16,2026-07-21,5,11,2,0,,18,5,234.34564111527777,3,3,5999.0,0.0,0
17,2026-07-21,4,6,2,0,,12,3,345.08462993361115,2,2,6499.0,0.0,0
18,2026-07-21,4,8,0,0,,12,4,759.6831910494444,3,2,10665.666666666666,0.0,0
19,2026-07-21,5,8,4,0,,17,4,21.416202001111113,2,2,5704.882352941177,0.0,0
20,2026-07-21,9,15,5,1,,30,9,529.1892848394444,4,3,10799.0,12999.0,0
21,2026-07-21,3,8,0,0,,11,3,589.3829989247222,2,1,11180.818181818182,0.0,0
22,2026-07-21,4,6,3,4,4.0,21,4,713.5911927469444,3,2,10808.52380952381,10999.0,1
23,2026-07-21,7,13,3,0,,23,7,334.13486529694444,2,2,6477.260869565217,0.0,0
24,2026-07-21,5,11,0,0,,16,3,555.2644740305556,3,2,10249.0,0.0,0
25,2026-07-21,5,6,1,0,,12,5,1822.671399837778,2,2,6665.666666666667,0.0,0
26,2026-07-21,7,16,6,2,,31,7,58.39978119472222,2,2,5128.032258064516,4999.0,0
27,2026-07-21,3,4,0,0,,7,3,2352.1147641530556,3,3,8141.857142857143,0.0,0
28,2026-07-21,7,16,1,0,,24,6,78.05415157777777,3,3,7165.666666666667,0.0,0
29,2026-07-21,4,8,4,3,,19,4,680.4070736641667,2,2,6577.9473684210525,6332.333333333333,0
30,2026-07-21,4,6,1,0,,11,4,1397.0783456497222,3,3,7726.272727272727,0.0,0
31,2026-07-21,6,11,2,3,,22,6,378.34244256777777,3,2,10362.636363636364,10332.333333333334,0
32,2026-07-21,5,7,4,1,1.0,18,4,372.9392624088889,2,2,8665.666666666666,8999.0,0
33,2026-07-21,5,9,5,2,,21,5,550.2558641547222,3,2,9760.904761904761,7999.0,0
34,2026-07-21,3,5,1,0,,9,3,38.5483106375,3,3,6554.555555555556,0.0,0
35,2026-07-21,5,9,2,0,,16,5,226.90324883805556,4,3,7749.0,0.0,0
36,2026-07-21,7,15,5,3,,30,7,506.5134735811111,4,3,7599.0,7665.666666666667,0
37,2026-07-21,4,6,3,0,,13,3,230.58232728416667,1,1,4999.0,0.0,0
38,2026-07-21,5,11,3,2,,21,5,374.00442011555555,4,3,10808.52380952381,10999.0,0
39,2026-07-21,7,13,3,3,1.0,27,7,226.5407253822222,2,2,5295.2962962962965,4999.0,0
40,2026-07-21,4,11,3,1,,19,4,149.54676685944446,3,2,10683.21052631579,6999.0,0
41,2026-07-21,4,9,0,0,,13,4,1360.4180377008333,3,2,9460.538461538461,0.0,0
42,2026-07-21,3,8,1,0,,12,3,1112.2663114272223,2,2,6332.333333333333,0.0,0
43,2026-07-21,5,10,2,3,,20,5,265.7413642947222,3,2,11499.0,11665.666666666666,0
44,2026-07-21,6,14,1,0,,21,7,409.1656254780556,3,2,5570.428571428572,0.0,0
45,2026-07-21,5,11,0,0,,16,5,205.65941061666666,3,2,10874.0,0.0,0
46,2026-07-21,5,12,0,0,,17,5,320.1291321147222,4,3,9704.882352941177,0.0,0
47,2026-07-21,4,9,0,0,,13,4,519.6745365986111,3,3,6845.153846153846,0.0,0
48,2026-07-21,5,9,1,0,,15,5,154.41642066,2,2,6599.0,0.0,0
49,2026-07-21,8,19,4,1,,32,8,140.70109846194444,3,2,5624.0,4999.0,0
50,2026-07-21,5,8,0,0,,13,5,47.08065313666667,3,3,6999.0,0.0,0
51,2026-07-21,7,14,1,0,,22,7,410.5973143177778,3,2,11180.818181818182,0.0,0
52,2026-07-21,6,11,3,3,,23,6,91.50918621777778,3,2,8999.0,8332.333333333334,0
53,2026-07-21,6,12,0,0,,18,6,351.44854696305555,2,2,5221.222222222223,0.0,0
54,2026-07-21,1,3,0,0,,4,1,2280.5936031877777,3,2,10499.0,0.0,0
55,2026-07-21,7,14,1,0,,22,7,635.3549205161111,1,1,4999.0,0.0,0
56,2026-07-21,6,10,0,0,,16,6,335.1919633147222,2,2,5749.0,0.0,0
57,2026-07-21,8,14,5,2,1.0,30,8,247.35392327527777,1,1,4999.0,4999.0,0
58,2026-07-21,3,8,1,0,,12,3,301.98259790416665,1,1,4999.0,0.0,0
59,2026-07-21,4,9,0,0,,13,4,538.5048812536112,2,2,7922.076923076923,0.0,0
60,2026-07-21,7,13,5,2,,27,7,229.1219891613889,1,1,4999.0,4999.0,0
61,2026-07-21,3,5,0,0,,8,3,1580.4954059416666,2,2,8249.0,0.0,0
62,2026-07-21,4,9,0,0,,13,4,944.6575438525,2,2,5306.692307692308,0.0,0
63,2026-07-21,4,9,1,0,,14,4,154.56619376944445,2,2,7141.857142857143,0.0,0
64,2026-07-21,10,22,7,4,,43,10,301.3131565811111,2,2,5185.046511627907,4999.0,0
65,2026-07-21,2,5,0,0,,7,2,2129.9934022116668,3,2,8141.857142857143,0.0,0
66,2026-07-21,8,14,5,2,,29,8,22.11300780138889,4,3,7274.862068965517,6999.0,0
67,2026-07-21,4,9,1,0,,14,4,494.6305923188889,2,1,10713.285714285714,0.0,0
68,2026-07-21,6,11,0,0,,17,6,584.0234678555555,2,1,11351.941176470587,0.0,0
69,2026-07-21,3,7,0,0,,10,3,278.959323265,1,1,6999.0,0.0,0
70,2026-07-21,6,8,0,0,,14,6,860.9089236677778,3,3,7141.857142857143,0.0,0
71,2026-07-21,9,17,2,9,6.0,43,7,41.62551745611111,2,2,7138.53488372093,7221.222222222223,0
72,2026-07-21,5,8,0,0,,13,5,179.24888674444443,3,2,7460.538461538462,0.0,0
73,2026-07-21,7,12,2,0,,21,7,329.79516686833335,3,3,5856.142857142857,0.0,0
74,2026-07-21,8,12,2,0,,22,7,370.8426138825,3,3,6999.0,0.0,0
75,2026-07-21,9,20,7,3,1.0,40,9,295.03090681666663,4,3,9249.0,8999.0,0
76,2026-07-21,5,9,0,0,,14,5,218.52638806805555,3,2,7284.714285714285,0.0,0
77,2026-07-21,6,11,3,0,,20,6,78.63219481916667,3,3,7099.0,0.0,0
78,2026-07-21,5,11,1,0,,17,5,420.22421353416667,3,3,5704.882352941177,0.0,0
79,2026-07-21,6,11,4,0,,21,6,8.238054604166667,2,2,7284.714285714285,0.0,0
80,2026-07-21,6,15,2,0,,23,6,952.6738813341666,4,3,7781.608695652174,0.0,0
81,2026-07-21,5,11,2,0,,18,4,847.1347037752777,2,2,6443.444444444444,0.0,0
82,2026-07-21,8,16,5,3,,32,8,31.079243919444444,3,2,11686.5,12999.0,0
83,2026-07-21,6,15,0,0,,21,6,998.4530052499999,3,2,10713.285714285714,0.0,0
84,2026-07-21,6,10,3,3,,22,5,698.5006298008334,2,2,5362.636363636364,4999.0,0
85,2026-07-21,7,11,2,7,5.0,32,7,163.3340661775,3,3,5561.5,5284.714285714285,1
86,2026-07-21,6,14,2,0,,22,6,1780.7209880238888,2,2,5726.272727272727,0.0,0
87,2026-07-21,4,10,0,0,,14,4,1646.966216191111,2,2,7427.571428571428,0.0,0
88,2026-07-21,7,13,4,2,,26,6,121.90715405055556,4,3,7537.461538461538,6999.0,1
89,2026-07-21,4,6,0,0,,10,4,776.7747744180556,1,1,4999.0,0.0,0
90,2026-07-21,4,8,0,0,,12,4,773.7913762047222,2,1,9332.333333333334,0.0,0
91,2026-07-21,4,10,1,0,,15,4,1191.684933047222,3,2,10599.0,0.0,0
92,2026-07-21,5,10,0,0,,15,5,404.7120434225,3,2,10599.0,0.0,0
93,2026-07-21,10,21,3,10,6.0,50,9,159.6608906722222,3,2,7639.0,7599.0,0
94,2026-07-21,6,10,1,0,,17,6,420.8010807261111,3,2,5940.176470588235,0.0,0
95,2026-07-21,6,7,3,1,,17,6,541.3435692188889,4,3,8646.058823529413,12999.0,0
96,2026-07-21,5,11,3,5,4.0,28,5,162.03920254833332,2,2,7356.142857142857,7399.0,1
97,2026-07-21,6,12,1,0,,19,6,412.40089745166665,3,2,10472.684210526315,0.0,0
98,2026-07-21,4,7,0,0,,11,4,216.63754488583334,2,2,7362.636363636364,0.0,0
99,2026-07-21,6,15,1,0,,22,5,1134.9992895094445,2,2,6817.181818181818,0.0,0
100,2026-07-21,6,8,2,0,,16,6,282.5999464730556,4,3,8999.0,0.0,0
101,2026-07-21,8,17,6,4,,35,8,1093.370681446389,3,2,10713.285714285714,9499.0,1
102,2026-07-21,6,9,5,6,4.0,30,6,160.8419262275,3,3,5332.333333333333,5332.333333333333,1
103,2026-07-21,7,11,1,0,,19,7,969.9439366227778,3,2,9630.578947368422,0.0,0
104,2026-07-21,5,10,1,0,,16,5,504.97677610222223,2,2,7374.0,0.0,0
105,2026-07-21,5,12,2,1,,20,5,1521.0677837969445,3,2,11599.0,12999.0,0
106,2026-07-21,8,12,3,1,1.0,25,7,515.0627414472222,3,3,7239.0,8999.0,0
107,2026-07-21,4,11,1,0,,16,4,832.7190870127778,2,2,6749.0,0.0,0
108,2026-07-21,5,10,1,0,,16,5,440.0657369180555,3,2,9749.0,0.0,0
109,2026-07-21,5,13,1,0,,19,5,0.6165947730555555,2,2,5209.526315789473,0.0,0
110,2026-07-21,5,10,1,0,,16,5,459.6190579947222,2,2,5499.0,0.0,0
111,2026-07-21,3,7,2,0,,12,3,1385.994421718611,4,3,9165.666666666666,0.0,0
112,2026-07-21,8,14,5,2,,29,8,150.37684388666665,2,2,5550.724137931034,4999.0,0
113,2026-07-21,7,13,2,7,6.0,35,7,163.50748805666666,4,3,9399.0,9570.42857142857,1
114,2026-07-21,7,14,1,0,,22,7,1209.5520261952777,2,1,10999.0,0.0,0
115,2026-07-21,4,5,0,0,,9,4,304.2308107461111,1,1,6999.0,0.0,0
116,2026-07-21,6,11,1,0,,18,6,403.64477953944447,3,3,7110.111111111111,0.0,0
117,2026-07-21,4,6,1,0,,11,4,389.599733,2,2,6453.545454545455,0.0,0
118,2026-07-21,5,10,3,2,,20,5,1002.3035029227779,3,2,7599.0,6999.0,0
119,2026-07-21,8,18,1,0,,27,8,112.31164834416667,3,2,10702.703703703704,0.0,0
120,2026-07-21,4,8,1,0,,13,4,134.73763290444444,3,2,8229.76923076923,0.0,0
121,2026-07-21,5,11,1,0,,17,4,153.79108890055556,2,2,5704.882352941177,0.0,0
122,2026-07-21,7,12,6,3,,28,7,94.40130941416668,2,2,6713.285714285715,6332.333333333333,0
123,2026-07-21,6,12,1,0,,19,6,35.39614904361111,1,1,6999.0,0.0,0
124,2026-07-21,7,14,0,0,,21,6,403.5074783925,1,1,6999.0,0.0,0
125,2026-07-21,4,9,3,1,,17,4,355.64780742944447,1,1,6999.0,6999.0,1
126,2026-07-21,5,9,3,0,,17,5,833.6461019755556,2,2,5351.941176470588,0.0,0
127,2026-07-21,4,8,1,0,,13,4,1047.7478319636111,1,1,4999.0,0.0,0
128,2026-07-21,10,20,8,1,,39,10,295.2654362455556,3,2,11665.666666666666,12999.0,0
129,2026-07-21,7,15,5,1,,28,7,477.55227068972226,3,2,7927.571428571428,8999.0,0
130,2026-07-21,4,7,2,0,,13,4,515.0072361655556,4,3,11152.846153846154,0.0,0
131,2026-07-21,5,10,0,0,,15,6,331.7213816480555,1,1,4999.0,0.0,0
132,2026-07-21,6,10,4,3,2.0,25,6,137.36043127444444,3,3,6679.0,7665.666666666667,0
133,2026-07-21,7,11,3,2,1.0,24,7,150.58242157722222,2,2,6582.333333333333,5999.0,0
134,2026-07-21,2,2,0,0,,4,2,499.7868241147222,1,1,6999.0,0.0,0
135,2026-07-21,5,8,1,0,,14,5,408.57387227444445,3,2,11141.857142857143,0.0,0
136,2026-07-21,4,8,1,0,,13,4,339.6259692469444,2,2,5614.384615384615,0.0,0
137,2026-07-21,6,10,1,6,3.0,26,6,591.8242817622223,2,2,6229.7692307692305,6332.333333333333,0
138,2026-07-21,5,12,1,0,,18,5,883.7504027008334,2,2,6776.777777777777,0.0,0
139,2026-07-21,6,14,0,0,,20,6,87.55897800888889,2,2,6799.0,0.0,0
140,2026-07-21,6,9,0,0,,15,6,742.4900458455555,2,2,7132.333333333333,0.0,0
141,2026-07-21,5,8,0,0,,13,4,573.7296808711111,3,3,7306.692307692308,0.0,0
142,2026-07-21,9,21,7,9,5.0,51,9,391.90960681555555,4,3,6920.568627450981,6776.777777777777,0
143,2026-07-21,4,8,3,0,,15,4,546.2590191580556,3,3,7399.0,0.0,0
144,2026-07-21,8,15,4,5,1.0,33,9,3.2381641422222223,2,2,5302.030303030303,5399.0,0
145,2026-07-21,9,17,7,3,,36,9,55.640835682222225,3,2,10776.777777777777,11665.666666666666,0
146,2026-07-21,7,15,4,7,6.0,39,7,1115.7874999669443,1,1,4999.0,4999.0,1
147,2026-07-21,4,6,0,0,,10,4,232.86978489694445,3,2,9399.0,0.0,0
148,2026-07-21,4,10,1,0,,15,5,568.6655849525,1,1,4999.0,0.0,0
149,2026-07-21,3,7,0,0,,10,3,1830.694120448611,3,2,8399.0,0.0,0
150,2026-07-21,3,7,0,0,,10,3,459.3417878258333,2,2,5199.0,0.0,0
151,2026-07-21,7,13,3,2,,25,7,100.62392172833334,2,1,10759.0,8999.0,0
152,2026-07-21,4,7,0,0,,11,4,148.9869814922222,3,3,5544.454545454545,0.0,0
153,2026-07-21,5,11,0,0,,16,5,48.93854877444444,4,3,10124.0,0.0,0
154,2026-07-21,2,3,1,1,,7,2,814.3691265961112,1,1,6999.0,6999.0,0
155,2026-07-21,5,5,1,0,,11,5,207.20430410416668,2,2,6635.363636363636,0.0,0
156,2026-07-21,6,8,5,1,,20,5,316.6518362097222,3,3,7299.0,6999.0,0
157,2026-07-21,12,22,5,12,9.0,60,11,354.5641312269444,4,3,5799.0,5832.333333333333,0
158,2026-07-21,2,5,1,0,,8,2,1811.8558850555557,1,1,12999.0,0.0,0
159,2026-07-21,6,11,0,0,,17,6,228.69254973166667,3,3,5469.588235294118,0.0,0
160,2026-07-21,3,6,0,0,,9,3,120.04912508861112,2,2,6554.555555555556,0.0,0
161,2026-07-21,6,11,0,0,,17,6,677.5406046655555,2,2,6881.35294117647,0.0,0
162,2026-07-21,5,10,2,5,4.0,26,5,396.24136016055553,3,3,6768.2307692307695,6999.0,0
163,2026-07-21,3,6,0,1,,10,3,739.7567176933333,2,1,9799.0,8999.0,0
164,2026-07-21,8,15,4,8,6.0,41,7,1007.0454752233334,3,2,7828.268292682927,8249.0,0
165,2026-07-21,9,21,3,9,7.0,49,10,62.808828896111116,3,2,9896.959183673469,9887.888888888889,0
166,2026-07-21,8,17,6,8,6.0,45,8,1740.1539943936111,3,3,7132.333333333333,6999.0,0
167,2026-07-21,7,14,5,1,1.0,28,7,258.67576717472224,3,2,10784.714285714286,8999.0,0
168,2026-07-21,7,16,3,7,5.0,38,7,685.9990643372222,2,2,8156.894736842105,9570.42857142857,0
169,2026-07-21,3,4,0,0,,7,3,3.0239887666666667,1,1,8999.0,0.0,0
170,2026-07-21,6,10,0,0,,16,6,935.6254166030556,2,1,11749.0,0.0,0
171,2026-07-21,7,16,3,3,1.0,30,7,854.7203015758333,4,3,7599.0,6999.0,0
172,2026-07-21,5,11,0,0,,16,5,622.9924018433333,3,2,7499.0,0.0,0
173,2026-07-21,4,8,0,0,,12,4,31.751331028888888,3,3,8665.666666666666,0.0,0
174,2026-07-21,3,6,3,0,,12,3,406.65149116805554,1,1,4999.0,0.0,0
175,2026-07-21,7,14,2,0,,23,7,711.579386781111,4,3,9694.652173913044,0.0,0
176,2026-07-21,7,16,5,2,,30,7,0.02701837138888889,2,2,5799.0,4999.0,0
177,2026-07-21,6,9,3,0,,18,6,1114.72538805,1,1,4999.0,0.0,0
178,2026-07-21,5,10,1,0,,16,5,214.951828565,3,2,9749.0,0.0,0
179,2026-07-21,4,8,0,0,,12,4,474.38031673555554,1,1,6999.0,0.0,0
180,2026-07-21,4,7,0,0,,11,5,1417.2266252119443,1,1,4999.0,0.0,0
181,2026-07-21,7,12,1,0,,20,7,76.40314009166667,3,2,9799.0,0.0,0
182,2026-07-21,6,8,2,0,,16,6,149.6588912727778,2,2,7749.0,0.0,0
183,2026-07-21,5,11,0,0,,16,5,111.11016877277778,4,3,6999.0,0.0,0
184,2026-07-21,5,7,1,0,,13,5,349.4317086291667,3,3,6845.153846153846,0.0,0
185,2026-07-21,7,13,3,0,,23,7,1.2823950108333333,3,2,10390.304347826086,0.0,0
186,2026-07-21,6,10,2,0,,18,6,159.38677688833332,2,2,8332.333333333334,0.0,0
187,2026-07-21,4,7,2,0,,13,4,1297.7812340525,2,2,5306.692307692308,0.0,0
188,2026-07-21,5,7,3,5,5.0,25,5,323.1736936630556,3,3,6839.0,6999.0,0
189,2026-07-21,4,9,2,0,,15,4,626.2323683255555,2,2,7265.666666666667,0.0,0
190,2026-07-21,4,10,2,0,,16,4,340.68314958027776,3,3,6874.0,0.0,0
191,2026-07-21,5,12,3,1,,21,5,138.67847204583333,2,2,8427.57142857143,12999.0,0
192,2026-07-21,2,2,0,0,,4,2,24.56711588361111,2,1,10999.0,0.0,0
193,2026-07-21,5,10,2,0,,17,4,985.6930168627778,3,2,6646.058823529412,0.0,0
194,2026-07-21,4,6,4,2,1.0,17,4,584.0073875161112,1,1,4999.0,4999.0,0
195,2026-07-21,5,8,1,0,,14,4,254.92827527194444,2,2,6141.857142857143,0.0,0
196,2026-07-21,7,16,5,3,,31,7,146.1188908138889,1,1,6999.0,6999.0,0
197,2026-07-21,5,8,2,2,,17,5,1535.0101002761112,2,1,10881.35294117647,10999.0,0
198,2026-07-21,4,8,1,0,,13,4,252.20547936138888,2,1,11768.23076923077,0.0,0
199,2026-07-21,7,15,2,1,,25,7,121.80644958055555,3,2,7559.0,6999.0,0
200,2026-07-21,8,18,4,8,6.0,44,8,116.15398792055555,3,2,7999.0,8499.0,0
201,2026-07-21,6,9,1,0,,16,6,955.0792246963888,4,3,8374.0,0.0,0
202,2026-07-21,5,13,1,0,,19,5,1721.4235514180557,3,2,11209.526315789473,0.0,0
203,2026-07-21,7,14,1,0,,22,6,92.10305516194444,4,3,9180.818181818182,0.0,0
204,2026-07-21,8,16,2,2,,28,8,58.86394109805555,1,1,6999.0,6999.0,0
205,2026-07-21,7,15,4,7,6.0,39,7,327.5142997113889,4,3,11255.410256410256,11570.42857142857,0
206,2026-07-21,5,9,3,1,1.0,19,4,21.161305300833334,2,2,6683.210526315789,6999.0,0
207,2026-07-21,3,6,0,0,,9,3,1366.2074658922222,2,1,9887.888888888889,0.0,0
208,2026-07-21,6,11,1,0,,18,6,122.97486457388888,4,3,10332.333333333334,0.0,0
209,2026-07-21,8,11,5,0,,24,8,215.35597567388888,2,2,5249.0,0.0,0
210,2026-07-21,5,12,1,0,,18,5,1178.3424390916666,3,3,6110.111111111111,0.0,0
211,2026-07-21,2,5,1,0,,8,2,1140.29454336,2,1,9499.0,0.0,0
212,2026-07-21,4,8,1,0,,13,4,2247.5620177663886,2,1,10537.461538461539,0.0,0
213,2026-07-21,3,7,0,0,,10,3,1073.1525770702779,2,1,10599.0,0.0,0
214,2026-07-21,7,10,1,0,,18,7,148.90549785055558,4,3,9110.111111111111,0.0,0
215,2026-07-21,11,21,5,2,,39,10,591.7827398238888,4,3,11050.28205128205,8999.0,0
216,2026-07-21,8,18,4,8,7.0,45,8,1.5128654927777776,2,2,7132.333333333333,7249.0,0
217,2026-07-21,4,6,0,0,,10,4,353.80072473027775,2,2,5399.0,0.0,0
218,2026-07-21,6,8,0,0,,14,6,375.94752678916666,1,1,4999.0,0.0,0
219,2026-07-21,6,10,2,0,,18,7,430.95655479000004,3,2,10110.111111111111,0.0,0
220,2026-07-21,6,13,2,0,,21,6,43.90816688777778,3,2,9189.47619047619,0.0,0
221,2026-07-21,6,14,2,2,1.0,25,6,843.7239725380555,3,2,9159.0,10999.0,0
222,2026-07-21,5,11,0,0,,16,5,350.40597177305557,3,2,7499.0,0.0,0
223,2026-07-21,5,8,3,2,,18,5,1434.853456893889,3,3,6776.777777777777,6999.0,0
224,2026-07-21,5,9,2,5,4.0,25,5,27.048231245277776,2,2,7079.0,6999.0,1
225,2026-07-21,4,9,1,0,,14,4,662.438948753611,1,1,6999.0,0.0,0
226,2026-07-21,1,1,0,0,,2,1,2593.9644752019444,1,1,8999.0,0.0,0
227,2026-07-21,5,8,4,0,,17,5,455.4897745572222,3,3,5822.529411764706,0.0,0
228,2026-07-21,6,9,4,2,1.0,22,6,1152.5176564566666,2,2,7362.636363636364,6999.0,0
229,2026-07-21,6,10,0,0,,16,5,151.17695049,2,2,6999.0,0.0,0
230,2026-07-21,6,13,1,0,,20,6,264.07168551638887,3,3,6399.0,0.0,0
231,2026-07-21,7,15,2,1,,25,7,390.915588475,3,3,5639.0,4999.0,0
232,2026-07-21,3,6,0,0,,9,3,1402.0041973808334,1,1,6999.0,0.0,0
233,2026-07-21,3,4,0,0,,7,3,808.6546616183334,1,1,12999.0,0.0,0
234,2026-07-21,3,6,2,0,,11,3,509.33977651,3,2,9908.09090909091,0.0,0
235,2026-07-21,5,11,4,2,,22,5,155.22396312527778,2,1,10271.727272727272,10999.0,0
236,2026-07-21,7,14,3,3,,27,7,134.80489756333333,3,2,9517.518518518518,9665.666666666666,1
237,2026-07-21,6,10,3,0,,19,6,1111.7682725408333,2,2,5420.0526315789475,0.0,0
238,2026-07-21,6,10,0,0,,16,6,717.9553663830557,2,2,5249.0,0.0,0
239,2026-07-21,5,10,2,0,,17,5,840.8293557333333,3,2,10999.0,0.0,0
240,2026-07-21,8,18,5,4,1.0,36,9,76.36994886694444,4,3,6665.666666666667,6999.0,0
241,2026-07-21,6,10,1,0,,17,6,369.9937438327778,1,1,4999.0,0.0,0
242,2026-07-21,4,11,2,3,,20,4,228.98767941416668,2,2,6799.0,6999.0,0
243,2026-07-21,6,7,1,0,,14,6,1090.2691445052778,3,2,7284.714285714285,0.0,0
244,2026-07-21,6,10,1,0,,17,6,211.71718240111113,4,3,9587.235294117647,0.0,0
245,2026-07-21,7,16,6,1,,30,7,247.83832556277778,2,2,5665.666666666667,4999.0,0
246,2026-07-21,5,11,1,0,,17,5,370.69276222722226,4,3,8410.764705882353,0.0,0
247,2026-07-21,4,6,0,0,,10,4,136.06968585083334,3,2,9399.0,0.0,0
248,2026-07-21,6,16,5,1,1.0,29,7,1.5467156994444444,2,1,11481.758620689656,8999.0,0
249,2026-07-21,1,1,0,0,,2,1,390.470958845,1,1,4999.0,0.0,0
250,2026-07-21,2,5,0,0,,7,2,593.1072694988889,3,2,10427.57142857143,0.0,0
251,2026-07-21,4,9,0,0,,13,4,372.43205530111106,2,2,5152.846153846154,0.0,0
252,2026-07-21,4,9,0,0,,13,4,965.8458360205556,3,2,8383.615384615385,0.0,0
253,2026-07-21,4,8,0,0,,12,4,1158.11198166,2,1,11332.333333333334,0.0,0
254,2026-07-21,5,14,1,2,,22,5,49.24759083888889,3,3,7180.818181818182,7999.0,0
255,2026-07-21,5,10,4,0,,19,5,290.3936499786111,1,1,6999.0,0.0,0
256,2026-07-21,5,10,2,0,,17,5,1008.4782929358333,3,2,6410.764705882353,0.0,0
257,2026-07-21,3,9,1,0,,13,4,445.6099408263889,2,1,11460.538461538461,0.0,0
258,2026-07-21,8,12,0,0,,20,8,252.21726099388889,2,2,7599.0,0.0,0
259,2026-07-21,7,11,4,7,4.0,33,7,802.5499813241667,3,3,6999.0,6999.0,0
260,2026-07-21,6,13,0,0,,19,6,90.10733981833334,3,2,10367.421052631578,0.0,0
261,2026-07-21,4,8,1,0,,13,4,2062.3530906969445,2,1,10229.76923076923,0.0,0
262,2026-07-21,3,6,1,0,,10,3,778.5490742097222,3,2,8599.0,0.0,0
263,2026-07-21,7,13,2,3,,25,7,251.15331518888888,1,1,6999.0,6999.0,0
264,2026-07-21,2,2,0,0,,4,2,174.62262335861112,2,2,8999.0,0.0,0
265,2026-07-21,5,12,2,0,,19,5,505.5875897272222,2,2,7630.578947368421,0.0,0
266,2026-07-21,6,9,3,2,,20,6,623.8882605819445,2,2,7199.0,6999.0,0
267,2026-07-21,4,11,1,0,,16,4,745.9462386430555,2,2,5374.0,0.0,0
268,2026-07-21,6,13,2,6,3.0,30,5,884.2981463577778,3,3,6799.0,6665.666666666667,1
269,2026-07-21,7,14,1,0,,22,7,101.50086557638889,4,3,11180.818181818182,0.0,0
270,2026-07-21,6,17,0,0,,23,6,51.97354918333333,3,3,7172.913043478261,0.0,0
271,2026-07-21,2,4,0,0,,6,2,2243.962153636111,3,2,9665.666666666666,0.0,0
272,2026-07-21,7,13,4,3,,27,7,1274.7225343597222,1,1,4999.0,4999.0,0
273,2026-07-21,6,12,3,0,,21,6,129.97635568527778,4,3,6046.619047619048,0.0,0
274,2026-07-21,4,8,0,0,,12,5,1084.1029990166667,3,3,6165.666666666667,0.0,0
275,2026-07-21,5,9,1,0,,15,5,1474.6930593427778,3,3,6732.333333333333,0.0,0
276,2026-07-21,6,10,1,1,,18,6,616.8105922858333,3,2,7554.555555555556,6999.0,0
277,2026-07-21,2,3,0,0,,5,2,1189.6702970613887,1,1,4999.0,0.0,0
278,2026-07-21,5,9,0,0,,14,5,625.4800698575,1,1,6999.0,0.0,0
279,2026-07-21,5,9,0,0,,14,6,259.86521643833333,2,1,10713.285714285714,0.0,0
280,2026-07-21,6,15,4,0,,25,5,1849.8118483944445,4,3,5879.0,0.0,0
281,2026-07-21,3,7,3,1,,14,3,12.475826908333334,3,2,9856.142857142857,12999.0,0
282,2026-07-21,6,12,1,0,,19,6,42.60633501777778,3,2,10367.421052631578,0.0,0
283,2026-07-21,8,14,4,8,6.0,40,8,97.85004350027778,3,3,7399.0,7499.0,0
284,2026-07-21,5,12,1,0,,18,5,219.65344745305555,3,2,5665.666666666667,0.0,0
285,2026-07-21,5,8,3,5,4.0,25,5,1216.3764234377777,3,2,10119.0,9799.0,1
286,2026-07-21,4,10,0,0,,14,4,1771.539499471111,1,1,6999.0,0.0,0
287,2026-07-21,3,4,2,0,,9,3,413.5811726247222,2,2,6776.777777777777,0.0,0
288,2026-07-21,9,18,3,9,6.0,45,8,864.6587954891667,2,1,11665.666666666666,11665.666666666666,0
289,2026-07-21,4,8,1,0,,13,4,3.3446888652777775,3,3,6845.153846153846,0.0,0
290,2026-07-21,3,7,0,0,,10,3,1958.1565288766667,3,2,8399.0,0.0,0
291,2026-07-21,6,13,1,0,,20,6,187.76531579833332,4,3,8599.0,0.0,0
292,2026-07-21,7,18,4,1,,30,6,522.0854084761111,2,2,5532.333333333333,4999.0,0
293,2026-07-21,5,11,5,1,1.0,23,5,1312.1070735430555,2,1,11955.521739130434,12999.0,0
294,2026-07-21,6,10,3,0,,19,6,752.5970305691667,3,3,7630.578947368421,0.0,0
295,2026-07-21,6,11,0,0,,17,6,379.71782826277774,2,1,11822.529411764706,0.0,0
296,2026-07-21,4,9,0,0,,13,4,209.8079194772222,2,2,5306.692307692308,0.0,0
297,2026-07-21,6,13,1,0,,20,6,68.54610143611112,4,3,10699.0,0.0,0
298,2026-07-21,6,15,0,0,,21,6,200.49065187,3,2,7379.952380952381,0.0,0
299,2026-07-21,9,15,3,9,7.0,43,9,350.0088451611111,3,2,8440.860465116279,8554.555555555555,1
300,2026-07-21,6,14,1,0,,21,6,119.0091788725,3,3,6999.0,0.0,0
301,2026-07-21,5,9,2,0,,16,5,1112.2507344174999,4,3,10624.0,0.0,0
302,2026-07-21,4,7,2,0,,13,4,1024.8097777302778,1,1,6999.0,0.0,0
303,2026-07-21,5,8,0,0,,13,5,103.1137187236111,3,2,9922.076923076924,0.0,0
304,2026-07-21,4,7,1,0,,12,4,1371.3336729044445,3,3,5499.0,0.0,0
305,2026-07-21,4,10,0,0,,14,4,108.95197905027779,2,2,5570.428571428572,0.0,0
306,2026-07-21,4,5,0,0,,9,4,512.4744319897222,2,2,8554.555555555555,0.0,0
307,2026-07-21,3,4,0,0,,7,3,643.2067499002778,2,1,10141.857142857143,0.0,0
308,2026-07-21,8,16,0,0,,24,8,945.6639463963888,2,2,7499.0,0.0,0
309,2026-07-21,3,7,2,1,,13,3,927.0613185408333,2,2,8383.615384615385,8999.0,0
310,2026-07-21,6,9,4,6,6.0,31,6,609.5057882872222,4,3,9708.677419354839,9332.333333333334,0
311,2026-07-21,4,7,2,0,,13,4,601.1787067661111,1,1,4999.0,0.0,0
312,2026-07-21,3,7,0,0,,10,3,445.8532448830556,2,2,6599.0,0.0,0
313,2026-07-21,7,15,4,2,,28,7,1759.091695148889,3,2,5427.571428571428,4999.0,0
314,2026-07-21,5,10,0,0,,15,5,164.25932084055557,1,1,4999.0,0.0,0
315,2026-07-21,4,7,0,0,,11,5,1244.1008286072224,2,2,7180.818181818182,0.0,0
316,2026-07-21,3,8,0,0,,11,3,1759.1346393441668,3,2,10999.0,0.0,0
317,2026-07-21,8,15,3,8,6.0,40,8,1308.4087998041666,3,2,10999.0,10999.0,0
318,2026-07-21,4,6,0,0,,10,4,1181.6348739930556,2,2,7399.0,0.0,0
319,2026-07-21,7,17,3,0,,27,8,626.7505198794444,4,3,7887.888888888889,0.0,0
320,2026-07-21,6,13,2,6,4.0,31,6,305.62919065055553,1,1,4999.0,4999.0,1
321,2026-07-21,3,7,1,0,,11,3,168.9550963736111,3,2,6089.909090909091,0.0,0
322,2026-07-21,4,10,2,0,,16,4,379.9333558783334,2,1,12249.0,0.0,0
323,2026-07-21,8,16,2,8,5.0,39,8,8.336927425833332,2,2,7614.384615384615,7749.0,0
324,2026-07-21,4,7,1,1,1.0,14,4,303.5656091922222,2,2,5141.857142857143,4999.0,0
325,2026-07-21,5,12,1,0,,18,5,626.1832040727777,2,2,5110.111111111111,0.0,0
326,2026-07-21,2,4,1,0,,7,2,1152.2032436225002,1,1,4999.0,0.0,0
327,2026-07-21,8,19,2,3,,32,8,190.13006833361112,3,3,5436.5,5665.666666666667,0
328,2026-07-21,4,10,1,1,,16,5,1025.1704808377776,3,2,6249.0,4999.0,0
329,2026-07-21,4,5,2,2,1.0,14,4,794.9179269555555,1,1,6999.0,6999.0,0
330,2026-07-21,4,10,0,0,,14,4,73.49008289694444,2,2,5570.428571428572,0.0,0
331,2026-07-21,2,4,0,0,,6,2,1123.5126791886112,2,2,7332.333333333333,0.0,0
332,2026-07-21,5,9,5,1,1.0,21,5,103.61233457611111,2,2,5284.714285714285,4999.0,0
333,2026-07-21,4,6,2,1,,13,4,121.130896505,3,2,10691.307692307691,12999.0,0
334,2026-07-21,5,10,1,0,,16,5,186.7445130438889,3,3,6874.0,0.0,0
335,2026-07-21,6,13,3,2,,24,6,1162.5383554369444,1,1,6999.0,6999.0,0
336,2026-07-21,5,13,0,0,,18,5,937.4069700511112,3,3,7110.111111111111,0.0,0
337,2026-07-21,4,8,1,0,,13,4,225.5339217038889,3,3,7152.846153846154,0.0,0
338,2026-07-21,4,10,1,0,,15,4,1922.7236951158334,2,2,8199.0,0.0,0
339,2026-07-21,5,11,2,1,,19,5,512.4726904891667,2,2,5420.0526315789475,4999.0,0
340,2026-07-21,9,17,3,3,,32,9,1009.4887500925,3,3,5249.0,4999.0,0
341,2026-07-21,9,18,6,9,6.0,48,9,15.001874681944443,2,2,5415.666666666667,5443.444444444444,0
342,2026-07-21,5,12,1,0,,18,5,99.18292914861111,4,3,6443.444444444444,0.0,0
343,2026-07-21,4,6,4,1,,15,4,382.4988830063889,2,2,8065.666666666667,8999.0,0
344,2026-07-21,5,9,3,2,1.0,20,5,729.0992511330555,3,2,11899.0,12999.0,0
345,2026-07-21,7,14,5,3,1.0,30,7,508.8676451025,2,2,5065.666666666667,4999.0,0
346,2026-07-21,6,13,1,3,,23,4,48.86654508888889,4,3,9955.521739130434,10332.333333333334,0
347,2026-07-21,6,15,1,2,,24,6,167.73022760722225,3,3,5415.666666666667,4999.0,0
348,2026-07-21,8,18,5,3,,34,7,134.4853256861111,3,3,6940.176470588235,6332.333333333333,0
349,2026-07-21,2,3,0,0,,5,2,441.94621500277776,2,1,9799.0,0.0,0
350,2026-07-21,2,3,1,0,,6,2,846.5052236166666,1,1,4999.0,0.0,0
351,2026-07-21,4,7,0,0,,11,4,119.46295111472222,1,1,4999.0,0.0,0
352,2026-07-21,5,10,0,0,,15,5,743.8204042783333,3,2,10865.666666666666,0.0,0
353,2026-07-21,7,11,6,2,,26,6,253.67519586111112,3,3,7460.538461538462,6999.0,0
354,2026-07-21,7,13,6,2,1.0,29,7,54.40066707444444,2,1,11205.896551724138,10999.0,0
355,2026-07-21,2,5,0,0,,7,2,1353.0486710625,2,1,12427.57142857143,0.0,0
356,2026-07-21,5,11,0,0,,16,5,1528.4249945669446,3,3,7124.0,0.0,0
357,2026-07-21,6,12,0,0,,18,6,177.22192853750002,3,2,10776.777777777777,0.0,0
358,2026-07-21,10,20,8,3,,41,10,416.73606356777776,4,3,5730.707317073171,4999.0,0
359,2026-07-21,11,26,7,11,7.0,62,10,578.3388581808333,4,3,5579.645161290323,5362.636363636364,0
360,2026-07-21,9,19,4,9,5.0,46,8,235.3551625188889,3,2,9868.565217391304,10110.111111111111,0
361,2026-07-21,8,17,3,8,5.0,41,8,316.07928824694443,3,2,10364.853658536585,10499.0,0
362,2026-07-21,5,11,3,2,,21,5,43.89419760527778,3,3,7475.190476190476,6999.0,0
363,2026-07-21,12,19,5,12,10.0,58,12,114.4958385463889,1,1,4999.0,4999.0,0
364,2026-07-21,5,7,0,0,,12,5,762.7848556958332,3,3,6665.666666666667,0.0,0
365,2026-07-21,6,12,0,0,,18,6,618.1130092288889,2,1,11665.666666666666,0.0,0
366,2026-07-21,4,7,2,0,,13,4,146.55653106416665,2,2,5460.538461538462,0.0,0
367,2026-07-21,7,14,6,3,,30,7,212.9928308486111,2,2,7265.666666666667,6999.0,0
368,2026-07-21,6,11,0,0,,17,6,145.88839109027776,2,1,9940.176470588236,0.0,0
369,2026-07-21,4,8,2,2,,16,4,97.47250036305556,2,2,7124.0,6999.0,0
370,2026-07-21,5,10,1,0,,16,5,152.49017337722222,2,2,5249.0,0.0,0
371,2026-07-21,3,8,1,0,,12,3,404.30488756361115,3,2,9999.0,0.0,0
372,2026-07-21,10,16,5,10,8.0,49,9,40.42230052777778,2,2,5488.7959183673465,5399.0,1
373,2026-07-21,6,9,2,0,,17,6,464.9541524133333,3,2,7587.235294117647,0.0,0
374,2026-07-21,4,6,2,0,,12,4,413.2861560794445,3,2,9332.333333333334,0.0,0
375,2026-07-21,3,5,0,0,,8,3,666.2943212252777,2,1,10499.0,0.0,0
376,2026-07-21,6,16,4,1,,27,6,775.3013629308334,2,2,6036.037037037037,8999.0,0
377,2026-07-21,12,26,5,12,10.0,65,12,80.69968984583333,3,2,7122.076923076923,6999.0,0
378,2026-07-21,4,9,1,0,,14,4,1745.3943958666666,2,2,5570.428571428572,0.0,0
379,2026-07-21,7,15,2,0,,24,7,347.6519038408333,3,2,10665.666666666666,0.0,0
380,2026-07-21,11,24,7,11,8.0,61,12,45.02627485861111,2,2,5326.868852459016,5362.636363636364,0
381,2026-07-21,4,6,0,0,,10,4,3.6451110591666667,2,2,5599.0,0.0,0
382,2026-07-21,5,9,0,0,,14,5,326.2777959061111,4,3,11141.857142857143,0.0,0
383,2026-07-21,5,6,1,0,,12,5,1102.6260070175,3,2,11332.333333333334,0.0,0
384,2026-07-21,3,8,1,0,,12,3,744.4376203730554,3,2,8665.666666666666,0.0,0
385,2026-07-21,6,9,0,0,,15,6,580.0032943583334,4,3,9532.333333333334,0.0,0
386,2026-07-21,6,10,0,0,,16,6,1520.3373913819444,3,2,10999.0,0.0,0
387,2026-07-21,6,12,2,6,4.0,30,6,76.69303984416666,2,1,10332.333333333334,10332.333333333334,0
388,2026-07-21,6,12,4,1,,23,6,436.0075836625,3,2,8042.478260869565,6999.0,0
389,2026-07-21,6,13,2,2,,23,4,423.53628372111115,3,3,6825.086956521739,5999.0,0
390,2026-07-21,8,17,5,0,,30,8,260.2814713636111,2,1,11932.333333333334,0.0,0
391,2026-07-21,5,10,0,0,,15,5,80.36425686277778,3,2,8465.666666666666,0.0,0
392,2026-07-21,6,16,1,0,,23,6,514.8398335325,3,2,9781.608695652174,0.0,0
393,2026-07-21,7,14,2,0,,23,7,766.9906949088889,4,3,10738.130434782608,0.0,0
394,2026-07-21,3,5,1,0,,9,3,270.6076646977778,2,2,7665.666666666667,0.0,0
395,2026-07-21,5,13,2,0,,20,5,848.6608749005555,3,2,10799.0,0.0,0
396,2026-07-21,6,8,1,0,,15,6,138.17372142194444,2,2,5265.666666666667,0.0,0
397,2026-07-21,8,17,4,1,,30,8,205.18107855166667,2,2,5799.0,12999.0,0
398,2026-07-21,7,16,5,3,,31,7,166.05921069027778,3,2,11579.645161290322,11665.666666666666,0
399,2026-07-21,4,10,0,0,,14,4,132.54729317388887,2,2,7141.857142857143,0.0,0
400,2026-07-21,6,12,0,0,,18,6,245.53736833694447,2,2,5443.444444444444,0.0,0
401,2026-07-21,4,11,0,0,,15,4,150.99587974166667,3,2,10599.0,0.0,0
402,2026-07-21,7,13,4,3,,27,7,411.4820593897222,3,2,9739.74074074074,8999.0,0
403,2026-07-21,6,14,1,0,,21,6,248.49009471999997,3,2,7475.190476190476,0.0,0
404,2026-07-21,7,13,7,7,3.0,37,7,356.88066035500003,3,3,7593.594594594595,7570.428571428572,0
405,2026-07-21,4,9,2,1,1.0,17,4,339.87757349416665,3,3,7587.235294117647,6999.0,0
406,2026-07-21,5,10,1,0,,16,6,644.6550978588889,2,2,7749.0,0.0,0
407,2026-07-21,4,9,2,0,,15,4,1465.3537283605554,4,3,6865.666666666667,0.0,0
408,2026-07-21,2,5,0,0,,7,2,33.65972135361111,3,3,7570.428571428572,0.0,0
409,2026-07-21,6,13,3,2,,24,5,381.5142457527778,4,3,10415.666666666666,10999.0,0
410,2026-07-21,7,13,2,0,,22,7,399.3535144294445,2,2,5453.545454545455,0.0,0
411,2026-07-21,4,7,2,1,,14,4,1475.8047685094443,2,2,6856.142857142857,6999.0,0
412,2026-07-21,7,15,1,0,,23,7,905.0090893208334,3,3,6651.173913043478,0.0,0
413,2026-07-21,3,4,0,0,,7,3,971.3558148194445,1,1,6999.0,0.0,0
414,2026-07-21,4,9,2,0,,15,4,62.32606437166667,3,3,6065.666666666667,0.0,0
415,2026-07-21,4,6,1,0,,11,4,1859.6584828727778,2,2,5726.272727272727,0.0,0
416,2026-07-21,4,10,0,0,,14,4,555.5787017872223,3,2,6141.857142857143,0.0,0
417,2026-07-21,6,13,2,0,,21,7,608.2985439744444,3,3,7379.952380952381,0.0,0
418,2026-07-21,5,10,0,0,,15,5,568.6317939236111,4,3,7799.0,0.0,0
419,2026-07-21,4,9,2,0,,15,4,587.668988605,3,2,9532.333333333334,0.0,0
420,2026-07-21,5,11,0,0,,16,5,39.79963197722223,2,1,10499.0,0.0,0
421,2026-07-21,6,12,1,0,,19,6,296.3360463202778,2,2,5209.526315789473,0.0,0
422,2026-07-21,6,15,0,0,,21,7,78.71674033166666,2,2,7570.428571428572,0.0,0
423,2026-07-21,3,5,3,2,1.0,14,3,1784.8086584144446,2,2,8284.714285714286,6999.0,0
424,2026-07-21,5,11,3,0,,19,5,89.21137292944445,3,3,5525.315789473684,0.0,0
425,2026-07-21,4,7,2,1,1.0,15,4,870.8690378780556,2,2,5265.666666666667,4999.0,0
426,2026-07-21,4,8,3,4,3.0,22,4,844.9439360327779,2,2,6544.454545454545,6499.0,0
427,2026-07-21,6,9,1,0,,16,6,509.56099599972225,1,1,4999.0,0.0,0
428,2026-07-21,7,13,2,3,,25,7,218.1075713688889,3,2,10759.0,11665.666666666666,0
429,2026-07-21,6,14,4,0,,24,5,231.92631817777777,2,1,11332.333333333334,0.0,0
430,2026-07-21,4,10,0,0,,14,4,2197.062047451667,2,1,11284.714285714286,0.0,0
431,2026-07-21,4,8,3,1,,16,4,148.67990674083333,2,1,10999.0,8999.0,0
432,2026-07-21,4,8,2,0,,14,4,124.42838515944445,2,1,9570.42857142857,0.0,0
433,2026-07-21,6,14,3,6,5.0,34,5,640.6744828538889,2,2,5587.235294117647,5665.666666666667,1
434,2026-07-21,4,10,1,0,,15,4,133.75005564111112,3,2,10599.0,0.0,0
435,2026-07-21,5,13,1,0,,19,5,603.4362969544444,3,2,6051.631578947368,0.0,0
436,2026-07-21,5,11,1,0,,17,5,36.381503716666664,1,1,6999.0,0.0,0
437,2026-07-21,5,10,4,4,1.0,24,5,306.00755288444446,2,2,6332.333333333333,6999.0,0
438,2026-07-21,6,12,4,0,,22,6,39.25413129972222,2,2,6726.272727272727,0.0,0
439,2026-07-21,4,8,1,0,,13,4,1158.2015634422223,3,3,5922.076923076923,0.0,0
440,2026-07-21,8,18,3,8,6.0,43,10,447.608874865,1,1,6999.0,6999.0,0
441,2026-07-21,6,10,1,0,,17,6,129.6257696411111,2,2,5940.176470588235,0.0,0
442,2026-07-21,5,11,0,0,,16,5,1931.3731947491667,3,3,5374.0,0.0,0
443,2026-07-21,5,14,1,0,,20,6,71.23159854861112,4,3,11199.0,0.0,0
444,2026-07-21,4,8,0,0,,12,4,1100.7008757402778,1,1,4999.0,0.0,0
445,2026-07-21,6,12,2,6,4.0,30,6,840.1625548391667,4,3,6665.666666666667,6999.0,0
446,2026-07-21,9,20,5,5,1.0,40,9,759.7767735319445,3,2,11399.0,12199.0,0
447,2026-07-21,5,10,0,0,,15,5,174.1593092958333,2,2,5265.666666666667,0.0,0
448,2026-07-21,3,4,2,0,,9,3,726.6360228083333,2,1,10332.333333333334,0.0,0
449,2026-07-21,8,17,3,8,6.0,42,8,496.94202583861113,2,2,5141.857142857143,5249.0,1
450,2026-07-21,5,10,2,0,,17,5,497.91109566194444,1,1,4999.0,0.0,0
451,2026-07-21,8,12,2,0,,22,8,66.04936089666667,1,1,6999.0,0.0,0
452,2026-07-21,4,8,1,0,,13,4,473.70157217888885,2,1,12075.923076923076,0.0,0
453,2026-07-21,6,11,2,2,,21,6,70.49521186972223,2,2,5189.476190476191,4999.0,0
454,2026-07-21,4,5,1,0,,10,4,984.4915079319445,2,1,10999.0,0.0,0
455,2026-07-21,6,9,2,0,,17,6,67.14833240361111,1,1,6999.0,0.0,0
456,2026-07-21,5,8,3,1,,17,6,695.6883363977778,2,2,5234.294117647059,4999.0,0
457,2026-07-21,3,9,0,0,,12,3,164.51727822444442,3,2,8165.666666666667,0.0,0
458,2026-07-21,4,7,1,0,,12,4,614.1391051794445,2,1,11332.333333333334,0.0,0
459,2026-07-21,6,10,1,0,,17,6,707.5690030625,4,3,10410.764705882353,0.0,0
460,2026-07-21,3,5,0,0,,8,3,296.3021447630556,2,1,11499.0,0.0,0
461,2026-07-21,4,8,1,0,,13,4,391.92275546416664,2,2,6229.7692307692305,0.0,0
462,2026-07-21,6,12,0,0,,18,6,151.9197765847222,3,3,6999.0,0.0,0
463,2026-07-21,6,10,0,0,,16,6,234.33111201333335,3,2,11624.0,0.0,0
464,2026-07-21,7,12,4,1,,24,7,416.29509677833335,2,2,8249.0,6999.0,0
465,2026-07-21,7,17,4,2,,30,7,47.77320273888889,3,3,5665.666666666667,5999.0,0
466,2026-07-21,7,15,3,1,,26,7,109.10437909055557,3,3,6152.846153846154,6999.0,0
467,2026-07-21,5,12,0,0,,17,7,1327.183227853611,2,2,6763.705882352941,0.0,0
468,2026-07-21,3,6,0,0,,9,3,377.0795103708333,2,1,10776.777777777777,0.0,0
469,2026-07-21,6,12,1,0,,19,6,363.61559283472224,2,1,9841.105263157895,0.0,0
470,2026-07-21,7,16,2,7,2.0,34,7,568.2882761494445,3,3,8351.941176470587,8427.57142857143,1
471,2026-07-21,6,15,3,6,5.0,35,6,37.69667675972222,1,1,6999.0,6999.0,0
472,2026-07-21,2,4,0,0,,6,2,2307.3726632088888,1,1,6999.0,0.0,0
473,2026-07-21,6,9,1,0,,16,6,891.8882748249999,4,3,7624.0,0.0,0
474,2026-07-21,3,9,0,0,,12,3,945.6126037288889,2,1,10332.333333333334,0.0,0
475,2026-07-21,4,9,0,0,,13,4,189.10840875361112,2,1,11460.538461538461,0.0,0
476,2026-07-21,5,12,4,1,,22,5,536.7820024908333,4,3,7453.545454545455,6999.0,0
477,2026-07-21,3,8,0,3,2.0,16,3,51.24911647388888,4,3,7374.0,6999.0,0
478,2026-07-21,6,12,1,0,,19,6,617.0183430897222,3,3,8051.631578947368,0.0,0
479,2026-07-21,6,12,0,0,,18,6,1299.0812450402777,3,2,10554.555555555555,0.0,0
480,2026-07-21,5,12,1,0,,18,5,916.1526023636112,1,1,4999.0,0.0,0
481,2026-07-21,8,20,4,1,,33,8,630.3991953980556,3,3,5302.030303030303,4999.0,0
482,2026-07-21,7,14,0,0,,21,7,277.03544182055555,2,2,7570.428571428572,0.0,0
483,2026-07-21,5,9,4,2,,20,5,919.0323692255555,2,2,5599.0,4999.0,0
484,2026-07-21,3,8,0,0,,11,3,1315.3625378622223,3,2,8999.0,0.0,0
485,2026-07-21,7,16,1,0,,24,8,128.24024274777778,4,3,7832.333333333333,0.0,0
486,2026-07-21,4,7,1,0,,12,4,126.4569296525,4,3,7832.333333333333,0.0,0
487,2026-07-21,2,4,0,0,,6,2,1579.1163568827778,2,1,9665.666666666666,0.0,0
488,2026-07-21,3,4,0,0,,7,3,1133.9898496277779,1,1,4999.0,0.0,0
489,2026-07-21,7,13,2,2,,24,8,719.8879459119445,4,3,7415.666666666667,6999.0,0
490,2026-07-21,4,9,0,0,,13,4,89.80863426722222,3,2,10691.307692307691,0.0,0
491,2026-07-21,10,20,6,10,8.0,54,11,2.37106574,2,2,5184.185185185185,5199.0,0
492,2026-07-21,6,12,1,0,,19,6,1174.798321943889,4,3,8788.473684210527,0.0,0
493,2026-07-21,6,15,5,1,,27,6,705.051815286111,1,1,6999.0,6999.0,0
494,2026-07-21,8,12,4,0,,24,9,375.1439159075,3,2,9499.0,0.0,0
495,2026-07-21,4,8,0,0,,12,4,264.82832432416666,2,1,10999.0,0.0,0
496,2026-07-21,6,11,0,0,,17,6,231.91809727583333,1,1,4999.0,0.0,0
497,2026-07-21,6,12,1,0,,19,6,241.93166261555555,2,1,11946.368421052632,0.0,0
498,2026-07-21,4,7,0,0,,11,4,1550.7082600397223,1,1,4999.0,0.0,0
499,2026-07-21,3,7,0,0,,10,3,106.02061094333334,1,1,6999.0,0.0,0
500,2026-07-21,3,7,1,0,,11,3,1162.4190033769444,2,2,7180.818181818182,0.0,0
5,2026-07-28,6,12,3,0,,21,6,354.6447567833333,4,3,6427.571428571428,0.0,0
6,2026-07-28,6,12,1,0,,19,6,1021.3838033966667,2,2,7314.789473684211,0.0,0
7,2026-07-28,8,14,1,8,7.0,38,8,142.721350415,4,3,5841.105263157895,5749.0,0
8,2026-07-28,6,13,4,0,,23,6,768.4021093005555,4,3,10651.173913043478,0.0,0
9,2026-07-28,5,9,1,0,,15,6,958.2942987588889,2,1,10599.0,0.0,0
10,2026-07-28,6,12,0,0,,18,6,106.32673550305554,1,1,6999.0,0.0,0
11,2026-07-28,3,5,0,0,,8,3,756.8436182416666,2,2,6499.0,0.0,0
12,2026-07-28,4,12,0,0,,16,4,178.12742096666668,2,2,5999.0,0.0,0
13,2026-07-28,6,11,5,0,,22,6,83.7590615025,2,2,7271.727272727273,0.0,0
14,2026-07-28,6,13,0,0,,19,6,71.21255458916667,2,2,5209.526315789473,0.0,0
15,2026-07-28,8,13,3,8,6.0,38,8,271.91202525722224,3,2,6156.894736842105,5999.0,0
16,2026-07-28,5,11,2,0,,18,5,402.3456411152778,3,3,5999.0,0.0,0
17,2026-07-28,4,6,2,0,,12,3,513.0846299336112,2,2,6499.0,0.0,0
18,2026-07-28,4,8,0,0,,12,4,927.6831910494444,3,2,10665.666666666666,0.0,0
19,2026-07-28,5,8,4,0,,17,4,189.41620200111112,2,2,5704.882352941177,0.0,0
20,2026-07-28,9,15,5,1,,30,9,697.1892848394443,4,3,10799.0,12999.0,0
21,2026-07-28,3,8,0,0,,11,3,757.3829989247222,2,1,11180.818181818182,0.0,0
22,2026-07-28,5,8,3,5,5.0,26,5,40.78050185583333,3,2,11075.923076923076,11399.0,0
23,2026-07-28,7,13,3,0,,23,7,502.13486529694444,2,2,6477.260869565217,0.0,0
24,2026-07-28,5,11,0,0,,16,3,723.2644740305556,3,2,10249.0,0.0,0
25,2026-07-28,5,6,1,0,,12,5,1990.671399837778,2,2,6665.666666666667,0.0,0
26,2026-07-28,7,16,6,2,,31,7,226.39978119472224,2,2,5128.032258064516,4999.0,0
27,2026-07-28,3,4,0,0,,7,3,2520.1147641530556,3,3,8141.857142857143,0.0,0
28,2026-07-28,8,19,1,0,,28,7,126.80200686194443,3,3,7141.857142857143,0.0,0
29,2026-07-28,5,9,4,3,,21,5,65.75568177222223,2,2,6618.047619047619,6332.333333333333,0
30,2026-07-28,5,9,1,0,,15,5,149.82049569972222,3,3,7532.333333333333,0.0,0
31,2026-07-28,6,11,2,3,,22,6,546.3424425677778,3,2,10362.636363636364,10332.333333333334,0
32,2026-07-28,5,7,4,1,1.0,18,4,540.9392624088889,2,2,8665.666666666666,8999.0,0
33,2026-07-28,6,11,5,3,,25,6,144.58991016083334,3,2,10119.0,9665.666666666666,0
34,2026-07-28,3,5,1,0,,9,3,206.54831063749998,3,3,6554.555555555556,0.0,0
35,2026-07-28,5,9,2,0,,16,5,394.90324883805556,4,3,7749.0,0.0,0
36,2026-07-28,9,20,7,3,,39,8,0.24954588222222224,4,3,7511.820512820513,7665.666666666667,0
37,2026-07-28,4,6,3,0,,13,3,398.5823272841667,1,1,4999.0,0.0,0
38,2026-07-28,5,11,3,2,,21,5,542.0044201155555,4,3,10808.52380952381,10999.0,0
39,2026-07-28,7,13,3,3,1.0,27,7,394.54072538222226,2,2,5295.2962962962965,4999.0,0
40,2026-07-28,4,11,3,1,,19,4,317.54676685944446,3,2,10683.21052631579,6999.0,0
41,2026-07-28,4,9,0,0,,13,4,1528.4180377008333,3,2,9460.538461538461,0.0,0
42,2026-07-28,4,11,2,0,,17,4,45.49112347361111,2,2,5940.176470588235,0.0,0
43,2026-07-28,6,13,3,3,,25,6,44.38434648611111,3,2,11479.0,11665.666666666666,0
44,2026-07-28,6,14,1,0,,21,7,577.1656254780555,3,2,5570.428571428572,0.0,0
45,2026-07-28,5,11,0,0,,16,5,373.65941061666666,3,2,10874.0,0.0,0
46,2026-07-28,5,12,0,0,,17,5,488.1291321147222,4,3,9704.882352941177,0.0,0
47,2026-07-28,4,9,0,0,,13,4,687.6745365986112,3,3,6845.153846153846,0.0,0
48,2026-07-28,5,9,1,0,,15,5,322.41642065999997,2,2,6599.0,0.0,0
49,2026-07-28,9,20,5,1,,35,9,26.639111090277776,3,2,5913.285714285715,4999.0,0
50,2026-07-28,5,8,0,0,,13,5,215.08065313666668,3,3,6999.0,0.0,0
51,2026-07-28,8,17,1,0,,26,8,41.48591868083333,3,2,10691.307692307691,0.0,0
52,2026-07-28,6,11,3,3,,23,6,259.50918621777777,3,2,8999.0,8332.333333333334,0
53,2026-07-28,7,14,0,0,,21,7,144.32930846694444,2,2,5189.476190476191,0.0,0
54,2026-07-28,2,5,0,0,,7,2,102.42339437222222,3,2,8999.0,0.0,0
55,2026-07-28,7,14,1,0,,22,7,803.3549205161111,1,1,4999.0,0.0,0
56,2026-07-28,6,10,0,0,,16,6,503.1919633147222,2,2,5749.0,0.0,0
57,2026-07-28,8,14,5,2,1.0,30,8,415.3539232752778,1,1,4999.0,4999.0,0
58,2026-07-28,4,9,1,0,,14,4,38.92733623083333,1,1,4999.0,0.0,0
59,2026-07-28,5,12,0,0,,17,5,33.66396088861111,3,2,7940.176470588235,0.0,0
60,2026-07-28,7,13,5,2,,27,7,397.12198916138885,1,1,4999.0,4999.0,0
61,2026-07-28,3,5,0,0,,8,3,1748.4954059416666,2,2,8249.0,0.0,0
62,2026-07-28,5,11,0,0,,16,5,30.770789415833335,2,2,5249.0,0.0,0
63,2026-07-28,5,12,2,0,,19,5,120.19456012277779,2,2,7104.263157894737,0.0,0
64,2026-07-28,10,22,7,4,,43,10,469.3131565811111,2,2,5185.046511627907,4999.0,0
65,2026-07-28,2,5,0,0,,7,2,2297.9934022116668,3,2,8141.857142857143,0.0,0
66,2026-07-28,8,14,5,2,,29,8,190.1130078013889,4,3,7274.862068965517,6999.0,0
67,2026-07-28,4,9,1,0,,14,4,662.630592318889,2,1,10713.285714285714,0.0,0
68,2026-07-28,6,11,0,0,,17,6,752.0234678555555,2,1,11351.941176470587,0.0,0
69,2026-07-28,5,11,0,0,,16,5,95.19530280388888,1,1,6999.0,0.0,0
70,2026-07-28,6,8,0,0,,14,6,1028.9089236677778,3,3,7141.857142857143,0.0,0
71,2026-07-28,10,20,2,10,6.0,48,8,147.1690664563889,2,2,7249.0,7399.0,0
72,2026-07-28,5,8,0,0,,13,5,347.2488867444444,3,2,7460.538461538462,0.0,0
73,2026-07-28,8,14,2,0,,24,8,118.47201062416666,3,3,5749.0,0.0,0
74,2026-07-28,8,12,2,0,,22,7,538.8426138825,3,3,6999.0,0.0,0
75,2026-07-28,9,20,7,3,1.0,40,9,463.03090681666663,4,3,9249.0,8999.0,0
76,2026-07-28,5,9,0,0,,14,5,386.52638806805555,3,2,7284.714285714285,0.0,0
77,2026-07-28,6,11,3,0,,20,6,246.63219481916667,3,3,7099.0,0.0,0
78,2026-07-28,5,11,1,0,,17,5,588.2242135341668,3,3,5704.882352941177,0.0,0
79,2026-07-28,6,11,4,0,,21,6,176.23805460416668,2,2,7284.714285714285,0.0,0
80,2026-07-28,7,16,2,0,,25,7,127.30564516666666,4,3,7719.0,0.0,0
81,2026-07-28,5,11,2,0,,18,4,1015.1347037752777,2,2,6443.444444444444,0.0,0
82,2026-07-28,8,16,5,3,,32,8,199.07924391944442,3,2,11686.5,12999.0,0
83,2026-07-28,6,15,0,0,,21,6,1166.4530052500002,3,2,10713.285714285714,0.0,0
84,2026-07-28,6,10,3,3,,22,5,866.5006298008334,2,2,5362.636363636364,4999.0,0
85,2026-07-28,9,15,4,9,7.0,44,9,89.48620137055555,3,3,5408.090909090909,5221.222222222223,0
86,2026-07-28,6,14,2,0,,22,6,1948.7209880238888,2,2,5726.272727272727,0.0,0
87,2026-07-28,5,12,0,0,,17,5,88.72569763499999,3,2,7587.235294117647,0.0,0
88,2026-07-28,9,16,5,3,1.0,34,8,12.863716670555556,4,3,7587.235294117647,7665.666666666667,0
89,2026-07-28,4,6,0,0,,10,4,944.7747744180556,1,1,4999.0,0.0,0
90,2026-07-28,4,8,0,0,,12,4,941.7913762047222,2,1,9332.333333333334,0.0,0
91,2026-07-28,4,10,1,0,,15,4,1359.684933047222,3,2,10599.0,0.0,0
92,2026-07-28,5,10,0,0,,15,5,572.7120434225,3,2,10599.0,0.0,0
93,2026-07-28,10,21,3,10,6.0,50,9,327.6608906722222,3,2,7639.0,7599.0,0
94,2026-07-28,6,10,1,0,,17,6,588.8010807261112,3,2,5940.176470588235,0.0,0
95,2026-07-28,6,7,3,1,,17,6,709.3435692188889,4,3,8646.058823529413,12999.0,0
96,2026-07-28,6,14,3,6,5.0,34,6,90.027433605,2,2,7293.117647058823,7332.333333333333,0
97,2026-07-28,6,12,1,0,,19,6,580.4008974516667,3,2,10472.684210526315,0.0,0
98,2026-07-28,4,7,0,0,,11,4,384.63754488583334,2,2,7362.636363636364,0.0,0
99,2026-07-28,6,15,1,0,,22,5,1302.9992895094445,2,2,6817.181818181818,0.0,0
100,2026-07-28,6,8,2,0,,16,6,450.5999464730556,4,3,8999.0,0.0,0
101,2026-07-28,9,19,6,5,1.0,40,9,32.47766920555556,4,3,10099.0,8599.0,0
102,2026-07-28,8,13,5,8,5.0,39,8,43.83983890722222,3,3,5306.692307692308,5249.0,0
103,2026-07-28,7,11,1,0,,19,7,1137.9439366227778,3,2,9630.578947368422,0.0,0
104,2026-07-28,5,10,1,0,,16,5,672.9767761022223,2,2,7374.0,0.0,0
105,2026-07-28,7,14,2,2,,25,6,0.9820190638888889,3,2,11559.0,12999.0,0
106,2026-07-28,9,14,3,1,1.0,28,8,149.40173646805556,3,3,7213.285714285715,8999.0,0
107,2026-07-28,4,11,1,0,,16,4,1000.7190870127778,2,2,6749.0,0.0,0
108,2026-07-28,5,10,1,0,,16,5,608.0657369180556,3,2,9749.0,0.0,0
109,2026-07-28,5,13,1,0,,19,5,168.61659477305557,2,2,5209.526315789473,0.0,0
110,2026-07-28,6,13,1,0,,20,6,114.93414911111111,2,2,5399.0,0.0,0
111,2026-07-28,5,11,3,0,,19,5,107.70081784972223,4,3,9735.842105263158,0.0,0
112,2026-07-28,8,14,5,2,,29,8,318.3768438866667,2,2,5550.724137931034,4999.0,0
113,2026-07-28,8,14,3,8,7.0,40,8,111.65130438805556,4,3,9349.0,9499.0,0
114,2026-07-28,7,14,1,0,,22,7,1377.5520261952777,2,1,10999.0,0.0,0
115,2026-07-28,4,5,0,0,,9,4,472.2308107461111,1,1,6999.0,0.0,0
116,2026-07-28,6,11,1,0,,18,6,571.6447795394445,3,3,7110.111111111111,0.0,0
117,2026-07-28,4,6,1,0,,11,4,557.599733,2,2,6453.545454545455,0.0,0
118,2026-07-28,5,10,3,2,,20,5,1170.3035029227779,3,2,7599.0,6999.0,0
119,2026-07-28,8,18,1,0,,27,8,280.31164834416666,3,2,10702.703703703704,0.0,0
120,2026-07-28,4,8,1,0,,13,4,302.73763290444447,3,2,8229.76923076923,0.0,0
121,2026-07-28,6,12,1,0,,19,5,162.99195814055557,2,2,5630.578947368421,0.0,0
122,2026-07-28,7,12,6,3,,28,7,262.4013094141667,2,2,6713.285714285715,6332.333333333333,0
123,2026-07-28,6,12,1,0,,19,6,203.3961490436111,1,1,6999.0,0.0,0
124,2026-07-28,7,14,0,0,,21,6,571.5074783925,1,1,6999.0,0.0,0
125,2026-07-28,5,12,3,2,1.0,23,5,97.97897794555556,1,1,6999.0,6999.0,0
126,2026-07-28,5,9,3,0,,17,5,1001.6461019755556,2,2,5351.941176470588,0.0,0
127,2026-07-28,4,8,1,0,,13,4,1215.7478319636111,1,1,4999.0,0.0,0
128,2026-07-28,10,20,8,1,,39,10,463.2654362455556,3,2,11665.666666666666,12999.0,0
129,2026-07-28,8,17,5,1,,31,8,149.111491615,3,2,7837.709677419355,8999.0,0
130,2026-07-28,5,10,2,0,,17,5,81.77741203805556,4,3,11587.235294117647,0.0,0
131,2026-07-28,5,10,0,0,,15,6,499.7213816480555,1,1,4999.0,0.0,0
132,2026-07-28,6,10,4,3,2.0,25,6,305.3604312744444,3,3,6679.0,7665.666666666667,0
133,2026-07-28,7,11,3,2,1.0,24,7,318.5824215772222,2,2,6582.333333333333,5999.0,0
134,2026-07-28,2,2,0,0,,4,2,667.7868241147222,1,1,6999.0,0.0,0
135,2026-07-28,5,8,1,0,,14,5,576.5738722744444,3,2,11141.857142857143,0.0,0
136,2026-07-28,4,8,1,0,,13,4,507.6259692469444,2,2,5614.384615384615,0.0,0
137,2026-07-28,6,10,1,6,3.0,26,6,759.8242817622223,2,2,6229.7692307692305,6332.333333333333,1
138,2026-07-28,5,12,1,0,,18,5,1051.7504027008333,2,2,6776.777777777777,0.0,0
139,2026-07-28,6,14,0,0,,20,6,255.5589780088889,2,2,6799.0,0.0,0
140,2026-07-28,7,11,0,0,,18,7,84.53465997694445,2,2,6776.777777777777,0.0,0
141,2026-07-28,6,11,1,0,,18,5,60.963738132222225,3,3,7221.222222222223,0.0,0
142,2026-07-28,9,21,7,9,5.0,51,9,559.9096068155555,4,3,6920.568627450981,6776.777777777777,1
143,2026-07-28,5,9,4,1,,19,5,163.40674050777778,3,3,7314.789473684211,6999.0,0
144,2026-07-28,8,15,4,5,1.0,33,9,171.23816414222222,2,2,5302.030303030303,5399.0,0
145,2026-07-28,9,17,7,3,,36,9,223.64083568222222,3,2,10776.777777777777,11665.666666666666,0
146,2026-07-28,8,18,5,8,7.0,46,8,94.79501351972222,1,1,4999.0,4999.0,1
147,2026-07-28,4,6,0,0,,10,4,400.86978489694445,3,2,9399.0,0.0,0
148,2026-07-28,6,15,2,0,,23,7,38.31974787694444,1,1,4999.0,0.0,0
149,2026-07-28,4,9,0,0,,13,4,56.17933440694445,3,2,8075.923076923077,0.0,0
150,2026-07-28,3,7,0,0,,10,3,627.3417878258333,2,2,5199.0,0.0,0
151,2026-07-28,7,13,3,2,,25,7,268.6239217283333,2,1,10759.0,8999.0,0
152,2026-07-28,4,7,0,0,,11,4,316.9869814922222,3,3,5544.454545454545,0.0,0
153,2026-07-28,5,11,0,0,,16,5,216.93854877444443,4,3,10124.0,0.0,0
154,2026-07-28,2,3,1,1,,7,2,982.3691265961112,1,1,6999.0,6999.0,0
155,2026-07-28,5,5,1,0,,11,5,375.2043041041667,2,2,6635.363636363636,0.0,0
156,2026-07-28,6,8,5,1,,20,5,484.6518362097222,3,3,7299.0,6999.0,0
157,2026-07-28,12,22,5,12,9.0,60,11,522.5641312269444,4,3,5799.0,5832.333333333333,0
158,2026-07-28,3,6,1,0,,10,3,91.05764113444444,1,1,12999.0,0.0,0
159,2026-07-28,6,11,0,0,,17,6,396.6925497316667,3,3,5469.588235294118,0.0,0
160,2026-07-28,3,6,0,0,,9,3,288.0491250886111,2,2,6554.555555555556,0.0,0
161,2026-07-28,6,11,0,0,,17,6,845.5406046655555,2,2,6881.35294117647,0.0,0
162,2026-07-28,5,10,2,5,4.0,26,5,564.2413601605556,3,3,6768.2307692307695,6999.0,0
163,2026-07-28,3,6,0,1,,10,3,907.7567176933333,2,1,9799.0,8999.0,0
164,2026-07-28,8,15,4,8,6.0,41,7,1175.0454752233331,3,2,7828.268292682927,8249.0,0
165,2026-07-28,9,21,3,9,7.0,49,10,230.8088288961111,3,2,9896.959183673469,9887.888888888889,0
166,2026-07-28,8,17,6,8,6.0,45,8,1908.1539943936111,3,3,7132.333333333333,6999.0,0
167,2026-07-28,7,14,5,1,1.0,28,7,426.67576717472224,3,2,10784.714285714286,8999.0,0
168,2026-07-28,7,16,3,7,5.0,38,7,853.9990643372222,2,2,8156.894736842105,9570.42857142857,0
169,2026-07-28,4,5,0,0,,9,4,49.4070002375,2,1,9887.888888888889,0.0,0
170,2026-07-28,6,10,0,0,,16,6,1103.6254166030556,2,1,11749.0,0.0,0
171,2026-07-28,7,16,3,3,1.0,30,7,1022.7203015758333,4,3,7599.0,6999.0,0
172,2026-07-28,6,12,0,0,,18,6,66.07825253944445,3,2,7443.444444444444,0.0,0
173,2026-07-28,4,8,0,0,,12,4,199.75133102888887,3,3,8665.666666666666,0.0,0
174,2026-07-28,6,11,5,1,,23,5,80.13662853972221,2,2,5694.652173913043,8999.0,0
175,2026-07-28,7,14,2,0,,23,7,879.579386781111,4,3,9694.652173913044,0.0,0
176,2026-07-28,7,16,5,2,,30,7,168.0270183713889,2,2,5799.0,4999.0,0
177,2026-07-28,6,9,3,0,,18,6,1282.72538805,1,1,4999.0,0.0,0
178,2026-07-28,5,10,1,0,,16,5,382.951828565,3,2,9749.0,0.0,0
179,2026-07-28,4,8,0,0,,12,4,642.3803167355557,1,1,6999.0,0.0,0
180,2026-07-28,5,8,0,0,,13,6,89.81461528333334,1,1,4999.0,0.0,0
181,2026-07-28,7,12,1,0,,20,7,244.40314009166664,3,2,9799.0,0.0,0
182,2026-07-28,7,11,2,0,,20,7,99.35601965277777,2,2,7599.0,0.0,0
183,2026-07-28,6,13,0,0,,19,6,30.036568867222222,4,3,7104.263157894737,0.0,0
184,2026-07-28,6,8,1,0,,15,6,159.1261148175,3,3,6599.0,0.0,0
185,2026-07-28,7,13,3,0,,23,7,169.28239501083334,3,2,10390.304347826086,0.0,0
186,2026-07-28,6,10,2,0,,18,6,327.3867768883333,2,2,8332.333333333334,0.0,0
187,2026-07-28,4,7,2,0,,13,4,1465.7812340525,2,2,5306.692307692308,0.0,0
188,2026-07-28,5,7,3,5,5.0,25,5,491.1736936630556,3,3,6839.0,6999.0,0
189,2026-07-28,5,11,2,0,,18,5,96.536070765,2,2,7443.444444444444,0.0,0
190,2026-07-28,4,10,2,0,,16,4,508.68314958027776,3,3,6874.0,0.0,0
191,2026-07-28,5,12,3,1,,21,5,306.67847204583336,2,2,8427.57142857143,12999.0,0
192,2026-07-28,3,4,0,0,,7,3,6.509998654166667,2,1,11856.142857142857,0.0,0
193,2026-07-28,6,11,2,0,,19,5,68.17827072861111,3,2,6472.684210526316,0.0,0
194,2026-07-28,5,9,5,3,1.0,23,5,36.2569638925,1,1,4999.0,4999.0,0
195,2026-07-28,5,8,1,0,,14,4,422.92827527194447,2,2,6141.857142857143,0.0,0
196,2026-07-28,7,16,5,3,,31,7,314.11889081388887,1,1,6999.0,6999.0,0
197,2026-07-28,7,12,4,2,,25,7,46.30046078833333,3,2,10279.0,10999.0,0
198,2026-07-28,4,8,1,0,,13,4,420.2054793613889,2,1,11768.23076923077,0.0,0
199,2026-07-28,7,15,2,1,,25,7,289.8064495805556,3,2,7559.0,6999.0,0
200,2026-07-28,8,18,4,8,6.0,44,8,284.15398792055555,3,2,7999.0,8499.0,1
201,2026-07-28,6,9,1,0,,16,6,1123.0792246963888,4,3,8374.0,0.0,0
202,2026-07-28,5,13,1,0,,19,5,1889.4235514180557,3,2,11209.526315789473,0.0,0
203,2026-07-28,7,14,1,0,,22,6,260.10305516194444,4,3,9180.818181818182,0.0,0
204,2026-07-28,8,16,2,2,,28,8,226.86394109805553,1,1,6999.0,6999.0,0
205,2026-07-28,7,15,4,7,6.0,39,7,495.5142997113889,4,3,11255.410256410256,11570.42857142857,0
206,2026-07-28,5,9,3,1,1.0,19,4,189.16130530083333,2,2,6683.210526315789,6999.0,0
207,2026-07-28,3,6,0,0,,9,3,1534.2074658922222,2,1,9887.888888888889,0.0,0
208,2026-07-28,6,11,1,0,,18,6,290.9748645738889,4,3,10332.333333333334,0.0,0
209,2026-07-28,9,12,6,0,,27,9,48.26176775361111,2,2,5221.222222222223,0.0,0
210,2026-07-28,5,12,1,0,,18,5,1346.3424390916666,3,3,6110.111111111111,0.0,0
211,2026-07-28,2,5,1,0,,8,2,1308.29454336,2,1,9499.0,0.0,0
212,2026-07-28,4,8,1,0,,13,4,2415.5620177663886,2,1,10537.461538461539,0.0,0
213,2026-07-28,3,7,0,0,,10,3,1241.1525770702776,2,1,10599.0,0.0,0
214,2026-07-28,7,10,1,0,,18,7,316.90549785055555,4,3,9110.111111111111,0.0,0
215,2026-07-28,11,21,5,2,,39,10,759.7827398238888,4,3,11050.28205128205,8999.0,0
216,2026-07-28,8,18,4,8,7.0,45,8,169.5128654927778,2,2,7132.333333333333,7249.0,1
217,2026-07-28,4,6,0,0,,10,4,521.8007247302778,2,2,5399.0,0.0,0
218,2026-07-28,6,8,0,0,,14,6,543.9475267891667,1,1,4999.0,0.0,0
219,2026-07-28,7,12,2,0,,21,8,20.198540606944444,3,2,9951.380952380952,0.0,0
220,2026-07-28,7,15,2,0,,24,7,64.6142797061111,3,2,9165.666666666666,0.0,0
221,2026-07-28,7,15,2,2,1.0,27,7,102.35443523944444,3,2,9147.148148148148,10999.0,0
222,2026-07-28,5,11,0,0,,16,5,518.4059717730555,3,2,7499.0,0.0,0
223,2026-07-28,5,8,3,2,,18,5,1602.853456893889,3,3,6776.777777777777,6999.0,0
224,2026-07-28,6,10,3,6,5.0,30,6,55.931820426388896,2,2,7065.666666666667,6999.0,0
225,2026-07-28,4,9,1,0,,14,4,830.438948753611,1,1,6999.0,0.0,0
226,2026-07-28,1,1,0,0,,2,1,2761.9644752019444,1,1,8999.0,0.0,0
227,2026-07-28,5,8,4,0,,17,5,623.4897745572222,3,3,5822.529411764706,0.0,0
228,2026-07-28,6,9,4,2,1.0,22,6,1320.5176564566666,2,2,7362.636363636364,6999.0,0
229,2026-07-28,6,10,0,0,,16,5,319.17695048999997,2,2,6999.0,0.0,0
230,2026-07-28,6,13,1,0,,20,6,432.0716855163889,3,3,6399.0,0.0,0
231,2026-07-28,7,15,2,1,,25,7,558.9155884749999,3,3,5639.0,4999.0,0
232,2026-07-28,3,6,0,0,,9,3,1570.0041973808334,1,1,6999.0,0.0,0
233,2026-07-28,3,4,0,0,,7,3,976.6546616183334,1,1,12999.0,0.0,0
234,2026-07-28,3,6,2,0,,11,3,677.33977651,3,2,9908.09090909091,0.0,0
235,2026-07-28,5,11,4,2,,22,5,323.2239631252778,2,1,10271.727272727272,10999.0,0
236,2026-07-28,8,15,3,4,1.0,31,8,51.95347436805556,3,2,9966.741935483871,10499.0,0
237,2026-07-28,7,11,3,0,,21,7,22.36356402166667,2,2,5379.952380952381,0.0,0
238,2026-07-28,6,10,0,0,,16,6,885.9553663830557,2,2,5249.0,0.0,0
239,2026-07-28,5,10,2,0,,17,5,1008.8293557333333,3,2,10999.0,0.0,0
240,2026-07-28,8,18,5,4,1.0,36,9,244.36994886694444,4,3,6665.666666666667,6999.0,0
241,2026-07-28,6,10,1,0,,17,6,537.9937438327778,1,1,4999.0,0.0,0
242,2026-07-28,4,11,2,3,,20,4,396.9876794141667,2,2,6799.0,6999.0,0
243,2026-07-28,6,7,1,0,,14,6,1258.2691445052778,3,2,7284.714285714285,0.0,0
244,2026-07-28,6,10,1,0,,17,6,379.7171824011111,4,3,9587.235294117647,0.0,0
245,2026-07-28,7,16,6,1,,30,7,415.8383255627778,2,2,5665.666666666667,4999.0,0
246,2026-07-28,5,11,1,0,,17,5,538.6927622272223,4,3,8410.764705882353,0.0,0
247,2026-07-28,4,6,0,0,,10,4,304.0696858508333,3,2,9399.0,0.0,0
248,2026-07-28,7,18,6,1,1.0,33,8,9.499796174722222,2,1,11665.666666666666,8999.0,0
249,2026-07-28,1,1,0,0,,2,1,558.470958845,1,1,4999.0,0.0,0
250,2026-07-28,2,5,0,0,,7,2,761.1072694988889,3,2,10427.57142857143,0.0,0
251,2026-07-28,4,9,0,0,,13,4,540.4320553011111,2,2,5152.846153846154,0.0,0
252,2026-07-28,5,10,0,0,,15,5,94.21139715583334,3,2,8199.0,0.0,0
253,2026-07-28,4,8,0,0,,12,4,1326.11198166,2,1,11332.333333333334,0.0,0
254,2026-07-28,5,14,1,2,,22,5,217.24759083888887,3,3,7180.818181818182,7999.0,0
255,2026-07-28,5,10,4,0,,19,5,458.3936499786111,1,1,6999.0,0.0,0
256,2026-07-28,5,10,2,0,,17,5,1176.4782929358335,3,2,6410.764705882353,0.0,0
257,2026-07-28,3,9,1,0,,13,4,613.6099408263889,2,1,11460.538461538461,0.0,0
258,2026-07-28,8,12,0,0,,20,8,420.2172609938889,2,2,7599.0,0.0,0
259,2026-07-28,7,11,4,7,4.0,33,7,970.5499813241667,3,3,6999.0,6999.0,0
260,2026-07-28,6,13,0,0,,19,6,258.10733981833334,3,2,10367.421052631578,0.0,0
261,2026-07-28,4,8,1,0,,13,4,2230.3530906969445,2,1,10229.76923076923,0.0,0
262,2026-07-28,3,6,1,0,,10,3,946.5490742097222,3,2,8599.0,0.0,0
263,2026-07-28,7,13,2,3,,25,7,419.1533151888889,1,1,6999.0,6999.0,0
264,2026-07-28,2,2,0,0,,4,2,342.62262335861107,2,2,8999.0,0.0,0
265,2026-07-28,5,12,2,0,,19,5,673.5875897272222,2,2,7630.578947368421,0.0,0
266,2026-07-28,6,9,3,2,,20,6,791.8882605819445,2,2,7199.0,6999.0,0
267,2026-07-28,4,11,1,0,,16,4,913.9462386430555,2,2,5374.0,0.0,0
268,2026-07-28,7,16,3,7,4.0,37,6,62.134284155833335,3,3,6836.8378378378375,6713.285714285715,0
269,2026-07-28,7,14,1,0,,22,7,269.5008655763889,4,3,11180.818181818182,0.0,0
270,2026-07-28,6,17,0,0,,23,6,219.97354918333332,3,3,7172.913043478261,0.0,0
271,2026-07-28,2,4,0,0,,6,2,2411.962153636111,3,2,9665.666666666666,0.0,0
272,2026-07-28,7,13,4,3,,27,7,1442.7225343597222,1,1,4999.0,4999.0,0
273,2026-07-28,6,12,3,0,,21,6,297.9763556852778,4,3,6046.619047619048,0.0,0
274,2026-07-28,4,8,0,0,,12,5,1252.1029990166667,3,3,6165.666666666667,0.0,0
275,2026-07-28,5,9,1,0,,15,5,1642.6930593427778,3,3,6732.333333333333,0.0,0
276,2026-07-28,6,10,1,1,,18,6,784.8105922858333,3,2,7554.555555555556,6999.0,0
277,2026-07-28,3,6,0,0,,9,3,90.08484767138889,1,1,4999.0,0.0,0
278,2026-07-28,5,9,0,0,,14,5,793.4800698575,1,1,6999.0,0.0,0
279,2026-07-28,6,10,0,0,,16,7,34.89572509388889,2,1,10499.0,0.0,0
280,2026-07-28,6,15,4,0,,25,5,2017.8118483944445,4,3,5879.0,0.0,0
281,2026-07-28,4,8,3,2,,17,4,166.9851359061111,3,2,9704.882352941177,10999.0,1
282,2026-07-28,6,12,1,0,,19,6,210.60633501777778,3,2,10367.421052631578,0.0,0
283,2026-07-28,8,14,4,8,6.0,40,8,265.85004350027776,3,3,7399.0,7499.0,0
284,2026-07-28,7,17,2,0,,26,7,42.24568229,4,3,5691.307692307692,0.0,0
285,2026-07-28,7,12,5,7,6.0,37,7,51.21990912444444,3,2,10404.405405405405,10141.857142857143,0
286,2026-07-28,6,13,0,0,,19,6,57.6861876175,1,1,6999.0,0.0,0
287,2026-07-28,3,4,2,0,,9,3,581.5811726247223,2,2,6776.777777777777,0.0,0
288,2026-07-28,9,18,3,9,6.0,45,8,1032.6587954891668,2,1,11665.666666666666,11665.666666666666,0
289,2026-07-28,4,8,1,0,,13,4,171.3446888652778,3,3,6845.153846153846,0.0,0
290,2026-07-28,4,9,0,0,,13,4,89.28404627138889,3,2,8075.923076923077,0.0,0
291,2026-07-28,6,13,1,0,,20,6,355.76531579833335,4,3,8599.0,0.0,0
292,2026-07-28,7,18,4,1,,30,6,690.0854084761111,2,2,5532.333333333333,4999.0,0
293,2026-07-28,5,11,5,1,1.0,23,5,1480.1070735430555,2,1,11955.521739130434,12999.0,0
294,2026-07-28,7,12,3,0,,22,7,17.10281663583333,3,3,7544.454545454545,0.0,0
295,2026-07-28,6,11,0,0,,17,6,547.7178282627777,2,1,11822.529411764706,0.0,0
296,2026-07-28,4,9,0,0,,13,4,377.80791947722224,2,2,5306.692307692308,0.0,0
297,2026-07-28,6,13,1,0,,20,6,236.54610143611112,4,3,10699.0,0.0,0
298,2026-07-28,6,15,0,0,,21,6,368.49065186999997,3,2,7379.952380952381,0.0,0
299,2026-07-28,10,16,4,10,8.0,48,10,124.65637838277779,3,2,8290.666666666666,8399.0,1
300,2026-07-28,7,16,1,0,,24,7,65.48576724944445,3,3,6999.0,0.0,0
301,2026-07-28,5,9,2,0,,16,5,1280.2507344175,4,3,10624.0,0.0,0
302,2026-07-28,4,7,2,0,,13,4,1192.8097777302778,1,1,6999.0,0.0,0
303,2026-07-28,5,8,0,0,,13,5,271.1137187236111,3,2,9922.076923076924,0.0,0
304,2026-07-28,4,7,1,0,,12,4,1539.3336729044445,3,3,5499.0,0.0,0
305,2026-07-28,5,11,0,0,,16,5,19.36059186138889,2,2,5499.0,0.0,0
306,2026-07-28,6,10,0,0,,16,6,116.58430584222222,2,2,6999.0,0.0,0
307,2026-07-28,3,4,0,0,,7,3,811.2067499002778,2,1,10141.857142857143,0.0,0
308,2026-07-28,8,16,0,0,,24,8,1113.6639463963888,2,2,7499.0,0.0,0
309,2026-07-28,3,7,2,1,,13,3,1095.0613185408333,2,2,8383.615384615385,8999.0,0
310,2026-07-28,6,9,4,6,6.0,31,6,777.5057882872222,4,3,9708.677419354839,9332.333333333334,1
311,2026-07-28,4,7,2,0,,13,4,769.1787067661111,1,1,4999.0,0.0,0
312,2026-07-28,4,10,0,0,,14,4,127.71895387916668,3,3,6427.571428571428,0.0,0
313,2026-07-28,7,15,4,2,,28,7,1927.091695148889,3,2,5427.571428571428,4999.0,0
314,2026-07-28,5,10,0,0,,15,5,332.2593208405555,1,1,4999.0,0.0,0
315,2026-07-28,4,7,0,0,,11,5,1412.1008286072224,2,2,7180.818181818182,0.0,0
316,2026-07-28,4,9,0,0,,13,4,70.19198630583334,3,2,11306.692307692309,0.0,0
317,2026-07-28,8,15,3,8,6.0,40,8,1476.4087998041666,3,2,10999.0,10999.0,0
318,2026-07-28,5,8,0,0,,13,5,138.3393840313889,2,2,7306.692307692308,0.0,0
319,2026-07-28,7,17,3,0,,27,8,794.7505198794444,4,3,7887.888888888889,0.0,0
320,2026-07-28,7,16,3,7,5.0,38,7,24.83479680472222,1,1,4999.0,4999.0,0
321,2026-07-28,3,7,1,0,,11,3,336.9550963736111,3,2,6089.909090909091,0.0,0
322,2026-07-28,4,10,2,0,,16,4,547.9333558783334,2,1,12249.0,0.0,0
323,2026-07-28,8,16,2,8,5.0,39,8,176.33692742583332,2,2,7614.384615384615,7749.0,0
324,2026-07-28,5,8,1,1,1.0,16,5,70.72029343027778,2,2,5124.0,4999.0,0
325,2026-07-28,5,12,1,0,,18,5,794.1832040727777,2,2,5110.111111111111,0.0,0
326,2026-07-28,2,4,1,0,,7,2,1320.2032436225,1,1,4999.0,0.0,0
327,2026-07-28,9,20,3,3,,35,9,59.69105548388889,3,3,5399.0,5665.666666666667,0
328,2026-07-28,4,10,1,1,,16,5,1193.1704808377776,3,2,6249.0,4999.0,0
329,2026-07-28,5,6,3,2,1.0,17,5,153.92422619805555,2,2,6646.058823529412,6999.0,0
330,2026-07-28,4,10,0,0,,14,4,241.49008289694444,2,2,5570.428571428572,0.0,0
331,2026-07-28,2,4,0,0,,6,2,1291.5126791886112,2,2,7332.333333333333,0.0,0
332,2026-07-28,6,12,5,1,1.0,25,6,45.71134086222222,2,2,5239.0,4999.0,0
333,2026-07-28,4,6,2,1,,13,4,289.130896505,3,2,10691.307692307691,12999.0,0
334,2026-07-28,6,11,1,0,,18,6,119.22957204027777,3,3,6887.888888888889,0.0,0
335,2026-07-28,6,13,3,2,,24,6,1330.5383554369444,1,1,6999.0,6999.0,0
336,2026-07-28,5,13,0,0,,18,5,1105.406970051111,3,3,7110.111111111111,0.0,0
337,2026-07-28,4,8,1,0,,13,4,393.5339217038889,3,3,7152.846153846154,0.0,0
338,2026-07-28,4,10,1,0,,15,4,2090.7236951158334,2,2,8199.0,0.0,0
339,2026-07-28,6,12,3,1,,22,6,27.162337605555557,2,2,5362.636363636364,4999.0,0
340,2026-07-28,11,21,3,3,,38,11,86.67291270972221,3,3,5314.789473684211,4999.0,0
341,2026-07-28,9,18,6,9,6.0,48,9,183.00187468194446,2,2,5415.666666666667,5443.444444444444,0
342,2026-07-28,5,12,1,0,,18,5,267.1829291486111,4,3,6443.444444444444,0.0,0
343,2026-07-28,4,6,4,1,,15,4,550.498883006389,2,2,8065.666666666667,8999.0,0
344,2026-07-28,5,9,3,2,1.0,20,5,897.0992511330555,3,2,11899.0,12999.0,0
345,2026-07-28,7,14,5,3,1.0,30,7,676.8676451025001,2,2,5065.666666666667,4999.0,0
346,2026-07-28,7,16,2,3,,28,5,74.22337897888889,4,3,9784.714285714286,10332.333333333334,1
347,2026-07-28,6,15,1,2,,24,6,335.7302276072222,3,3,5415.666666666667,4999.0,0
348,2026-07-28,8,18,5,3,,34,7,302.48532568611114,3,3,6940.176470588235,6332.333333333333,0
349,2026-07-28,2,3,0,0,,5,2,609.9462150027778,2,1,9799.0,0.0,0
350,2026-07-28,3,5,1,0,,9,3,144.4581251336111,1,1,4999.0,0.0,0
351,2026-07-28,4,7,0,0,,11,4,287.4629511147222,1,1,4999.0,0.0,0
352,2026-07-28,5,10,0,0,,15,5,911.8204042783333,3,2,10865.666666666666,0.0,0
353,2026-07-28,7,11,6,2,,26,6,421.6751958611111,3,3,7460.538461538462,6999.0,0
354,2026-07-28,7,13,6,2,1.0,29,7,222.40066707444444,2,1,11205.896551724138,10999.0,0
355,2026-07-28,2,5,0,0,,7,2,1521.0486710625,2,1,12427.57142857143,0.0,0
356,2026-07-28,5,11,0,0,,16,5,1696.4249945669446,3,3,7124.0,0.0,0
357,2026-07-28,6,12,0,0,,18,6,345.2219285375,3,2,10776.777777777777,0.0,0
358,2026-07-28,10,20,8,3,,41,10,584.7360635677778,4,3,5730.707317073171,4999.0,0
359,2026-07-28,11,26,7,11,7.0,62,10,746.3388581808333,4,3,5579.645161290323,5362.636363636364,0
360,2026-07-28,9,19,4,9,5.0,46,8,403.3551625188889,3,2,9868.565217391304,10110.111111111111,0
361,2026-07-28,8,17,3,8,5.0,41,8,484.07928824694443,3,2,10364.853658536585,10499.0,1
362,2026-07-28,5,11,3,2,,21,5,211.89419760527778,3,3,7475.190476190476,6999.0,0
363,2026-07-28,12,19,5,12,10.0,58,12,282.4958385463889,1,1,4999.0,4999.0,0
364,2026-07-28,5,7,0,0,,12,5,930.7848556958332,3,3,6665.666666666667,0.0,0
365,2026-07-28,6,12,0,0,,18,6,786.1130092288889,2,1,11665.666666666666,0.0,0
366,2026-07-28,4,7,2,0,,13,4,314.5565310641667,2,2,5460.538461538462,0.0,0
367,2026-07-28,9,19,8,4,,40,9,15.94610799,4,3,7349.0,6999.0,0
368,2026-07-28,7,14,0,0,,21,7,70.97168896722222,4,3,9475.190476190477,0.0,0
369,2026-07-28,4,8,2,2,,16,4,265.4725003630556,2,2,7124.0,6999.0,0
370,2026-07-28,6,12,1,0,,19,6,114.90449297527778,2,2,5209.526315789473,0.0,0
371,2026-07-28,3,8,1,0,,12,3,572.3048875636111,3,2,9999.0,0.0,0
372,2026-07-28,12,19,5,12,10.0,58,10,104.35630888055556,2,2,5412.793103448276,5332.333333333333,0
373,2026-07-28,6,9,2,0,,17,6,632.9541524133333,3,2,7587.235294117647,0.0,0
374,2026-07-28,5,7,3,0,,15,5,107.33348928694446,3,2,10065.666666666666,0.0,0
375,2026-07-28,4,6,0,0,,10,4,165.13059339972222,2,1,10999.0,0.0,0
376,2026-07-28,6,16,4,1,,27,6,943.3013629308334,2,2,6036.037037037037,8999.0,0
377,2026-07-28,12,26,5,12,10.0,65,12,248.69968984583335,3,2,7122.076923076923,6999.0,0
378,2026-07-28,4,9,1,0,,14,4,1913.3943958666666,2,2,5570.428571428572,0.0,0
379,2026-07-28,7,15,2,0,,24,7,515.6519038408333,3,2,10665.666666666666,0.0,0
380,2026-07-28,11,24,7,11,8.0,61,12,213.02627485861112,2,2,5326.868852459016,5362.636363636364,0
381,2026-07-28,4,6,0,0,,10,4,171.64511105916665,2,2,5599.0,0.0,0
382,2026-07-28,6,12,0,0,,18,6,167.51581843111111,4,3,10887.888888888889,0.0,0
383,2026-07-28,5,6,1,0,,12,5,1270.6260070175,3,2,11332.333333333334,0.0,0
384,2026-07-28,3,8,1,0,,12,3,912.4376203730554,3,2,8665.666666666666,0.0,0
385,2026-07-28,7,11,0,0,,18,7,129.00690071388888,4,3,9887.888888888889,0.0,0
386,2026-07-28,6,10,0,0,,16,6,1688.3373913819444,3,2,10999.0,0.0,0
387,2026-07-28,6,12,2,6,4.0,30,6,244.6930398441667,2,1,10332.333333333334,10332.333333333334,0
388,2026-07-28,6,12,4,1,,23,6,604.0075836625001,3,2,8042.478260869565,6999.0,0
389,2026-07-28,7,15,3,3,,28,5,80.25377013222223,3,3,6856.142857142857,6332.333333333333,0
390,2026-07-28,9,19,6,0,,34,9,134.1602891725,2,1,11587.235294117647,0.0,0
391,2026-07-28,5,10,0,0,,15,5,248.36425686277778,3,2,8465.666666666666,0.0,0
392,2026-07-28,6,16,1,0,,23,6,682.8398335325,3,2,9781.608695652174,0.0,0
393,2026-07-28,7,14,2,0,,23,7,934.9906949088889,4,3,10738.130434782608,0.0,0
394,2026-07-28,3,5,1,0,,9,3,438.60766469777775,2,2,7665.666666666667,0.0,0
395,2026-07-28,5,13,2,0,,20,5,1016.6608749005555,3,2,10799.0,0.0,0
396,2026-07-28,6,8,1,0,,15,6,306.1737214219445,2,2,5265.666666666667,0.0,0
397,2026-07-28,9,18,5,1,,33,9,46.918194336944445,2,2,5726.272727272727,12999.0,0
398,2026-07-28,7,16,5,3,,31,7,334.0592106902778,3,2,11579.645161290322,11665.666666666666,0
399,2026-07-28,4,10,0,0,,14,4,300.54729317388893,2,2,7141.857142857143,0.0,0
400,2026-07-28,6,12,0,0,,18,6,413.53736833694444,2,2,5443.444444444444,0.0,0
401,2026-07-28,4,11,0,0,,15,4,318.99587974166667,3,2,10599.0,0.0,0
402,2026-07-28,8,14,5,3,,30,8,58.2054487025,3,2,10065.666666666666,8999.0,0
403,2026-07-28,6,14,1,0,,21,6,416.49009472,3,2,7475.190476190476,0.0,0
404,2026-07-28,7,13,7,7,3.0,37,7,524.880660355,3,3,7593.594594594595,7570.428571428572,0
405,2026-07-28,4,9,2,1,1.0,17,4,507.87757349416665,3,3,7587.235294117647,6999.0,0
406,2026-07-28,5,10,1,0,,16,6,812.6550978588889,2,2,7749.0,0.0,0
407,2026-07-28,4,9,2,0,,15,4,1633.3537283605554,4,3,6865.666666666667,0.0,0
408,2026-07-28,2,5,0,0,,7,2,201.65972135361113,3,3,7570.428571428572,0.0,0
409,2026-07-28,7,16,4,2,,29,6,32.10955476638889,4,3,10654.172413793103,10999.0,0
410,2026-07-28,7,13,2,0,,22,7,567.3535144294444,2,2,5453.545454545455,0.0,0
411,2026-07-28,5,10,2,2,,19,5,53.88903533305556,2,2,6893.736842105263,6999.0,0
412,2026-07-28,7,15,1,0,,23,7,1073.0090893208335,3,3,6651.173913043478,0.0,0
413,2026-07-28,4,7,0,0,,11,4,66.18967579694444,2,2,8089.909090909091,0.0,0
414,2026-07-28,4,9,2,0,,15,4,230.3260643716667,3,3,6065.666666666667,0.0,0
415,2026-07-28,4,6,1,0,,11,4,2027.6584828727778,2,2,5726.272727272727,0.0,0
416,2026-07-28,4,10,0,0,,14,4,723.5787017872223,3,2,6141.857142857143,0.0,0
417,2026-07-28,6,13,2,0,,21,7,776.2985439744444,3,3,7379.952380952381,0.0,0
418,2026-07-28,5,10,0,0,,15,5,736.6317939236111,4,3,7799.0,0.0,0
419,2026-07-28,4,9,2,0,,15,4,755.668988605,3,2,9532.333333333334,0.0,0
420,2026-07-28,5,11,0,0,,16,5,207.79963197722222,2,1,10499.0,0.0,0
421,2026-07-28,6,12,1,0,,19,6,464.3360463202778,2,2,5209.526315789473,0.0,0
422,2026-07-28,6,15,0,0,,21,7,246.71674033166667,2,2,7570.428571428572,0.0,0
423,2026-07-28,4,6,4,2,1.0,17,4,11.11013437861111,2,2,8057.823529411765,6999.0,0
424,2026-07-28,5,11,3,0,,19,5,257.21137292944445,3,3,5525.315789473684,0.0,0
425,2026-07-28,6,10,4,1,1.0,22,6,89.57915157416667,2,2,5180.818181818182,4999.0,0
426,2026-07-28,4,8,3,4,3.0,22,4,1012.9439360327779,2,2,6544.454545454545,6499.0,0
427,2026-07-28,6,9,1,0,,16,6,677.5609959997222,1,1,4999.0,0.0,0
428,2026-07-28,8,16,2,3,,29,8,55.476311725555554,4,3,10654.172413793103,11665.666666666666,0
429,2026-07-28,6,14,4,0,,24,5,399.9263181777778,2,1,11332.333333333334,0.0,0
430,2026-07-28,4,10,0,0,,14,4,2365.062047451667,2,1,11284.714285714286,0.0,0
431,2026-07-28,4,8,3,1,,16,4,316.67990674083336,2,1,10999.0,8999.0,0
432,2026-07-28,5,10,3,1,,19,5,83.64347008777777,2,1,9420.052631578947,8999.0,0
433,2026-07-28,7,17,4,7,6.0,41,6,125.71149075555556,3,2,5681.926829268293,5570.428571428572,1
434,2026-07-28,4,10,1,0,,15,4,301.7500556411111,3,2,10599.0,0.0,0
435,2026-07-28,5,13,1,0,,19,5,771.4362969544444,3,2,6051.631578947368,0.0,0
436,2026-07-28,5,11,1,0,,17,5,204.38150371666669,1,1,6999.0,0.0,0
437,2026-07-28,5,10,4,4,1.0,24,5,474.00755288444446,2,2,6332.333333333333,6999.0,0
438,2026-07-28,6,12,4,0,,22,6,207.25413129972222,2,2,6726.272727272727,0.0,0
439,2026-07-28,4,8,1,0,,13,4,1326.201563442222,3,3,5922.076923076923,0.0,0
440,2026-07-28,9,21,4,9,6.0,49,11,11.969896990555554,2,2,6958.183673469388,6999.0,0
441,2026-07-28,6,10,1,0,,17,6,297.6257696411111,2,2,5940.176470588235,0.0,0
442,2026-07-28,5,11,0,0,,16,5,2099.373194749167,3,3,5374.0,0.0,0
443,2026-07-28,5,14,1,0,,20,6,239.23159854861112,4,3,11199.0,0.0,0
444,2026-07-28,4,8,0,0,,12,4,1268.700875740278,1,1,4999.0,0.0,0
445,2026-07-28,6,12,2,6,4.0,30,6,1008.1625548391667,4,3,6665.666666666667,6999.0,0
446,2026-07-28,9,20,5,5,1.0,40,9,927.7767735319445,3,2,11399.0,12199.0,0
447,2026-07-28,5,10,0,0,,15,5,342.15930929583334,2,2,5265.666666666667,0.0,0
448,2026-07-28,3,4,2,0,,9,3,894.6360228083333,2,1,10332.333333333334,0.0,0
449,2026-07-28,10,20,3,10,8.0,51,10,70.39023774638889,3,3,5430.3725490196075,5599.0,0
450,2026-07-28,5,10,2,0,,17,5,665.9110956619445,1,1,4999.0,0.0,0
451,2026-07-28,8,12,2,0,,22,8,234.04936089666668,1,1,6999.0,0.0,0
452,2026-07-28,4,8,1,0,,13,4,641.7015721788889,2,1,12075.923076923076,0.0,0
453,2026-07-28,6,11,2,2,,21,6,238.49521186972223,2,2,5189.476190476191,4999.0,0
454,2026-07-28,5,7,1,0,,13,5,65.6997133925,2,1,10537.461538461539,0.0,0
455,2026-07-28,6,9,2,0,,17,6,235.1483324036111,1,1,6999.0,0.0,0
456,2026-07-28,6,9,3,1,,19,7,90.32658423361111,2,2,5209.526315789473,4999.0,0
457,2026-07-28,3,9,0,0,,12,3,332.51727822444445,3,2,8165.666666666667,0.0,0
458,2026-07-28,4,7,1,0,,12,4,782.1391051794445,2,1,11332.333333333334,0.0,0
459,2026-07-28,6,10,1,0,,17,6,875.5690030625,4,3,10410.764705882353,0.0,0
460,2026-07-28,3,5,0,0,,8,3,464.3021447630556,2,1,11499.0,0.0,0
461,2026-07-28,5,10,1,0,,16,5,138.68175335722222,2,2,5999.0,0.0,0
462,2026-07-28,6,12,0,0,,18,6,319.91977658472223,3,3,6999.0,0.0,0
463,2026-07-28,6,10,0,0,,16,6,402.3311120133333,3,2,11624.0,0.0,0
464,2026-07-28,7,12,4,1,,24,7,584.2950967783333,2,2,8249.0,6999.0,0
465,2026-07-28,7,17,4,2,,30,7,215.7732027388889,3,3,5665.666666666667,5999.0,0
466,2026-07-28,7,15,3,1,,26,7,277.10437909055554,3,3,6152.846153846154,6999.0,0
467,2026-07-28,5,12,0,0,,17,7,1495.183227853611,2,2,6763.705882352941,0.0,0
468,2026-07-28,3,6,0,0,,9,3,545.0795103708333,2,1,10776.777777777777,0.0,0
469,2026-07-28,6,12,1,0,,19,6,531.6155928347222,2,1,9841.105263157895,0.0,0
470,2026-07-28,8,19,2,8,3.0,40,8,160.3796378675,4,3,8199.0,8249.0,0
471,2026-07-28,6,15,3,6,5.0,35,6,205.6966767597222,1,1,6999.0,6999.0,1
472,2026-07-28,2,4,0,0,,6,2,2475.3726632088888,1,1,6999.0,0.0,0
473,2026-07-28,7,10,1,0,,18,7,116.5403771375,4,3,7554.555555555556,0.0,0
474,2026-07-28,3,9,0,0,,12,3,1113.6126037288889,2,1,10332.333333333334,0.0,0
475,2026-07-28,5,12,0,0,,17,5,44.020793552777775,2,1,11116.64705882353,0.0,0
476,2026-07-28,5,12,4,1,,22,5,704.7820024908333,4,3,7453.545454545455,6999.0,0
477,2026-07-28,3,8,0,3,2.0,16,3,219.2491164738889,4,3,7374.0,6999.0,0
478,2026-07-28,6,12,1,0,,19,6,785.0183430897222,3,3,8051.631578947368,0.0,0
479,2026-07-28,6,12,0,0,,18,6,1467.0812450402777,3,2,10554.555555555555,0.0,0
480,2026-07-28,5,12,1,0,,18,5,1084.152602363611,1,1,4999.0,0.0,0
481,2026-07-28,8,20,4,1,,33,8,798.3991953980556,3,3,5302.030303030303,4999.0,0
482,2026-07-28,7,14,0,0,,21,7,445.0354418205556,2,2,7570.428571428572,0.0,0
483,2026-07-28,5,9,4,2,,20,5,1087.0323692255556,2,2,5599.0,4999.0,0
484,2026-07-28,4,9,1,0,,14,4,140.78552967722223,4,3,8141.857142857143,0.0,0
485,2026-07-28,7,16,1,0,,24,8,296.24024274777776,4,3,7832.333333333333,0.0,0
486,2026-07-28,4,7,1,0,,12,4,294.45692965250004,4,3,7832.333333333333,0.0,0
487,2026-07-28,2,4,0,0,,6,2,1747.1163568827778,2,1,9665.666666666666,0.0,0
488,2026-07-28,3,4,0,0,,7,3,1301.9898496277779,1,1,4999.0,0.0,0
489,2026-07-28,7,13,2,2,,24,8,887.8879459119445,4,3,7415.666666666667,6999.0,0
490,2026-07-28,4,9,0,0,,13,4,257.8086342672222,3,2,10691.307692307691,0.0,0
491,2026-07-28,10,20,6,10,8.0,54,11,170.37106573999998,2,2,5184.185185185185,5199.0,1
492,2026-07-28,6,12,1,0,,19,6,1342.798321943889,4,3,8788.473684210527,0.0,0
493,2026-07-28,6,15,5,1,,27,6,873.051815286111,1,1,6999.0,6999.0,0
494,2026-07-28,8,12,4,0,,24,9,543.1439159075,3,2,9499.0,0.0,0
495,2026-07-28,4,8,0,0,,12,4,432.8283243241667,2,1,10999.0,0.0,0
496,2026-07-28,6,11,0,0,,17,6,399.9180972758333,1,1,4999.0,0.0,0
497,2026-07-28,6,12,1,0,,19,6,409.9316626155556,2,1,11946.368421052632,0.0,0
498,2026-07-28,6,10,0,0,,16,6,17.0027478475,1,1,4999.0,0.0,0
499,2026-07-28,3,7,0,0,,10,3,274.02061094333334,1,1,6999.0,0.0,0
500,2026-07-28,3,7,1,0,,11,3,1330.4190033769444,2,2,7180.818181818182,0.0,0
5,2026-08-04,6,12,3,0,,21,6,522.6447567833334,4,3,6427.571428571428,0.0,0
6,2026-08-04,6,12,1,0,,19,6,1189.3838033966665,2,2,7314.789473684211,0.0,0
7,2026-08-04,8,14,1,8,7.0,38,8,310.721350415,4,3,5841.105263157895,5749.0,1
8,2026-08-04,8,18,6,0,,32,8,17.539653979166665,4,3,10249.0,0.0,0
9,2026-08-04,5,9,1,0,,15,6,1126.2942987588888,2,1,10599.0,0.0,0
10,2026-08-04,6,12,0,0,,18,6,274.32673550305554,1,1,6999.0,0.0,0
11,2026-08-04,3,5,0,0,,8,3,924.8436182416666,2,2,6499.0,0.0,0
12,2026-08-04,4,12,0,0,,16,4,346.12742096666665,2,2,5999.0,0.0,0
13,2026-08-04,6,11,5,0,,22,6,251.7590615025,2,2,7271.727272727273,0.0,0
14,2026-08-04,6,13,0,0,,19,6,239.21255458916667,2,2,5209.526315789473,0.0,0
15,2026-08-04,8,13,3,8,6.0,38,8,439.91202525722224,3,2,6156.894736842105,5999.0,0
16,2026-08-04,5,11,2,0,,18,5,570.3456411152778,3,3,5999.0,0.0,0
17,2026-08-04,4,6,2,0,,12,3,681.084629933611,2,2,6499.0,0.0,0
18,2026-08-04,4,8,0,0,,12,4,1095.6831910494445,3,2,10665.666666666666,0.0,0
19,2026-08-04,6,10,5,1,,22,5,9.583512044444445,2,2,5544.454545454545,4999.0,0
20,2026-08-04,9,15,5,1,,30,9,865.1892848394443,4,3,10799.0,12999.0,0
21,2026-08-04,4,11,0,0,,15,4,72.92385085027779,3,2,10332.333333333334,0.0,0
22,2026-08-04,6,10,3,6,5.0,30,6,80.30716798,3,2,10932.333333333334,10999.0,0
23,2026-08-04,7,13,3,0,,23,7,670.1348652969444,2,2,6477.260869565217,0.0,0
24,2026-08-04,5,11,0,0,,16,3,891.2644740305556,3,2,10249.0,0.0,0
25,2026-08-04,5,6,1,0,,12,5,2158.6713998377777,2,2,6665.666666666667,0.0,0
26,2026-08-04,7,16,6,2,,31,7,394.3997811947222,2,2,5128.032258064516,4999.0,0
27,2026-08-04,4,6,0,0,,10,4,112.99251380666666,3,3,7799.0,0.0,0
28,2026-08-04,8,19,1,0,,28,7,294.80200686194445,3,3,7141.857142857143,0.0,0
29,2026-08-04,5,9,4,3,,21,5,233.75568177222223,2,2,6618.047619047619,6332.333333333333,0
30,2026-08-04,5,9,1,0,,15,5,317.82049569972224,3,3,7532.333333333333,0.0,0
31,2026-08-04,6,11,2,3,,22,6,714.3424425677778,3,2,10362.636363636364,10332.333333333334,0
32,2026-08-04,5,7,4,1,1.0,18,4,708.9392624088889,2,2,8665.666666666666,8999.0,0
33,2026-08-04,6,11,5,3,,25,6,312.5899101608333,3,2,10119.0,9665.666666666666,0
34,2026-08-04,3,5,1,0,,9,3,374.5483106375,3,3,6554.555555555556,0.0,0
35,2026-08-04,5,9,2,0,,16,5,562.9032488380556,4,3,7749.0,0.0,0
36,2026-08-04,9,20,7,3,,39,8,168.24954588222224,4,3,7511.820512820513,7665.666666666667,0
37,2026-08-04,4,6,3,0,,13,3,566.5823272841667,1,1,4999.0,0.0,0
38,2026-08-04,6,14,4,2,,26,6,58.35954460361111,4,3,10614.384615384615,10999.0,0
39,2026-08-04,7,13,3,3,1.0,27,7,562.5407253822223,2,2,5295.2962962962965,4999.0,0
40,2026-08-04,5,14,4,1,,24,5,43.54892263638889,3,2,11165.666666666666,6999.0,0
41,2026-08-04,4,9,0,0,,13,4,1696.4180377008333,3,2,9460.538461538461,0.0,0
42,2026-08-04,4,11,2,0,,17,4,213.4911234736111,2,2,5940.176470588235,0.0,0
43,2026-08-04,6,13,3,3,,25,6,212.3843464861111,3,2,11479.0,11665.666666666666,0
44,2026-08-04,6,14,1,0,,21,7,745.1656254780555,3,2,5570.428571428572,0.0,0
45,2026-08-04,5,11,0,0,,16,5,541.6594106166667,3,2,10874.0,0.0,0
46,2026-08-04,5,12,0,0,,17,5,656.1291321147222,4,3,9704.882352941177,0.0,0
47,2026-08-04,5,12,0,0,,17,5,113.68731214722223,3,3,6999.0,0.0,0
48,2026-08-04,5,9,1,0,,15,5,490.41642065999997,2,2,6599.0,0.0,0
49,2026-08-04,9,20,5,1,,35,9,194.6391110902778,3,2,5913.285714285715,4999.0,0
50,2026-08-04,5,8,0,0,,13,5,383.0806531366666,3,3,6999.0,0.0,0
51,2026-08-04,8,17,1,0,,26,8,209.48591868083332,3,2,10691.307692307691,0.0,0
52,2026-08-04,6,11,3,3,,23,6,427.50918621777777,3,2,8999.0,8332.333333333334,0
53,2026-08-04,7,14,0,0,,21,7,312.32930846694444,2,2,5189.476190476191,0.0,0
54,2026-08-04,3,8,0,0,,11,3,157.43273131,4,3,7908.090909090909,0.0,0
55,2026-08-04,7,14,1,0,,22,7,971.3549205161111,1,1,4999.0,0.0,0
56,2026-08-04,7,11,0,0,,18,7,7.983007321666666,2,2,5665.666666666667,0.0,0
57,2026-08-04,8,14,5,2,1.0,30,8,583.3539232752778,1,1,4999.0,4999.0,0
58,2026-08-04,5,10,1,0,,16,5,167.66385556861113,2,2,5499.0,0.0,0
59,2026-08-04,5,12,0,0,,17,5,201.66396088861111,3,2,7940.176470588235,0.0,0
60,2026-08-04,8,15,6,2,,31,8,144.40131570777777,1,1,4999.0,4999.0,0
61,2026-08-04,3,5,0,0,,8,3,1916.4954059416666,2,2,8249.0,0.0,0
62,2026-08-04,5,11,0,0,,16,5,198.77078941583332,2,2,5249.0,0.0,0
63,2026-08-04,5,12,2,0,,19,5,288.1945601227778,2,2,7104.263157894737,0.0,0
64,2026-08-04,10,22,7,4,,43,10,637.3131565811111,2,2,5185.046511627907,4999.0,0
65,2026-08-04,2,5,0,0,,7,2,2465.9934022116668,3,2,8141.857142857143,0.0,0
66,2026-08-04,9,15,5,2,,31,9,74.9425564663889,4,3,7257.064516129032,6999.0,0
67,2026-08-04,4,9,1,0,,14,4,830.630592318889,2,1,10713.285714285714,0.0,0
68,2026-08-04,6,11,0,0,,17,6,920.0234678555555,2,1,11351.941176470587,0.0,0
69,2026-08-04,5,11,0,0,,16,5,263.19530280388886,1,1,6999.0,0.0,0
70,2026-08-04,6,8,0,0,,14,6,1196.9089236677778,3,3,7141.857142857143,0.0,0
71,2026-08-04,10,20,2,10,6.0,48,8,315.16906645638886,2,2,7249.0,7399.0,0
72,2026-08-04,5,8,0,0,,13,5,515.2488867444445,3,2,7460.538461538462,0.0,0
73,2026-08-04,8,14,2,0,,24,8,286.47201062416667,3,3,5749.0,0.0,0
74,2026-08-04,8,12,2,0,,22,7,706.8426138825,3,3,6999.0,0.0,0
75,2026-08-04,9,20,7,3,1.0,40,9,631.0309068166666,4,3,9249.0,8999.0,0
76,2026-08-04,5,9,0,0,,14,5,554.5263880680556,3,2,7284.714285714285,0.0,0
77,2026-08-04,6,11,3,0,,20,6,414.63219481916667,3,3,7099.0,0.0,0
78,2026-08-04,5,11,1,0,,17,5,756.2242135341668,3,3,5704.882352941177,0.0,0
79,2026-08-04,6,11,4,0,,21,6,344.2380546041667,2,2,7284.714285714285,0.0,0
80,2026-08-04,7,16,2,0,,25,7,295.3056451666667,4,3,7719.0,0.0,0
81,2026-08-04,7,14,2,0,,23,6,55.646948531666666,3,3,7085.95652173913,0.0,0
82,2026-08-04,9,19,5,3,,36,9,41.20218593138888,3,2,11387.888888888889,12999.0,0
83,2026-08-04,6,15,0,0,,21,6,1334.4530052500002,3,2,10713.285714285714,0.0,0
84,2026-08-04,7,12,4,3,,26,6,42.42620313333334,2,2,5306.692307692308,4999.0,0
85,2026-08-04,9,15,4,9,7.0,44,9,257.4862013705556,3,3,5408.090909090909,5221.222222222223,0
86,2026-08-04,6,14,2,0,,22,6,2116.720988023889,2,2,5726.272727272727,0.0,0
87,2026-08-04,5,12,0,0,,17,5,256.725697635,3,2,7587.235294117647,0.0,0
88,2026-08-04,9,16,5,3,1.0,34,8,180.86371667055556,4,3,7587.235294117647,7665.666666666667,0
89,2026-08-04,4,6,0,0,,10,4,1112.7747744180556,1,1,4999.0,0.0,0
90,2026-08-04,5,10,1,0,,16,5,16.264733995,2,1,9999.0,0.0,0
91,2026-08-04,6,13,2,0,,21,6,71.09682602833333,4,3,10332.333333333334,0.0,0
92,2026-08-04,5,10,0,0,,15,5,740.7120434225,3,2,10599.0,0.0,0
93,2026-08-04,10,21,3,10,6.0,50,9,495.6608906722222,3,2,7639.0,7599.0,0
94,2026-08-04,6,10,1,0,,17,6,756.8010807261112,3,2,5940.176470588235,0.0,0
95,2026-08-04,8,11,4,1,,24,8,45.63888935083333,4,3,9582.333333333334,12999.0,0
96,2026-08-04,6,14,3,6,5.0,34,6,258.027433605,2,2,7293.117647058823,7332.333333333333,1
97,2026-08-04,6,12,1,0,,19,6,748.4008974516668,3,2,10472.684210526315,0.0,0
98,2026-08-04,4,7,0,0,,11,4,552.6375448858333,2,2,7362.636363636364,0.0,0
99,2026-08-04,7,16,1,0,,24,6,89.30425756527777,2,2,6832.333333333333,0.0,0
100,2026-08-04,6,8,2,0,,16,6,618.5999464730555,4,3,8999.0,0.0,0
101,2026-08-04,9,19,6,5,1.0,40,9,200.47766920555554,4,3,10099.0,8599.0,0
102,2026-08-04,9,15,5,9,5.0,43,9,145.60944689333334,3,3,5278.069767441861,5221.222222222223,0
103,2026-08-04,7,11,1,0,,19,7,1305.943936622778,3,2,9630.578947368422,0.0,0
104,2026-08-04,6,13,1,0,,20,6,43.507945194166666,2,2,7299.0,0.0,0
105,2026-08-04,8,15,2,2,,27,7,54.36597255527778,3,2,11665.666666666666,12999.0,0
106,2026-08-04,10,17,4,1,1.0,33,9,7.3263089075000005,3,3,7180.818181818182,8999.0,0
107,2026-08-04,5,13,1,0,,19,5,106.50254828777777,2,2,6788.473684210527,0.0,0
108,2026-08-04,5,10,1,0,,16,5,776.0657369180556,3,2,9749.0,0.0,0
109,2026-08-04,5,13,1,0,,19,5,336.6165947730555,2,2,5209.526315789473,0.0,0
110,2026-08-04,6,13,1,0,,20,6,282.93414911111114,2,2,5399.0,0.0,0
111,2026-08-04,5,11,3,0,,19,5,275.7008178497222,4,3,9735.842105263158,0.0,0
112,2026-08-04,8,14,5,2,,29,8,486.3768438866667,2,2,5550.724137931034,4999.0,0
113,2026-08-04,8,14,3,8,7.0,40,8,279.65130438805556,4,3,9349.0,9499.0,0
114,2026-08-04,7,14,1,0,,22,7,1545.5520261952777,2,1,10999.0,0.0,0
115,2026-08-04,4,5,0,0,,9,4,640.2308107461112,1,1,6999.0,0.0,0
116,2026-08-04,7,13,1,0,,21,7,112.47770618388888,3,3,7094.238095238095,0.0,0
117,2026-08-04,4,6,1,0,,11,4,725.599733,2,2,6453.545454545455,0.0,0
118,2026-08-04,5,10,3,2,,20,5,1338.3035029227779,3,2,7599.0,6999.0,0
119,2026-08-04,8,18,1,0,,27,8,448.31164834416666,3,2,10702.703703703704,0.0,0
120,2026-08-04,4,8,1,0,,13,4,470.73763290444447,3,2,8229.76923076923,0.0,0
121,2026-08-04,6,12,1,0,,19,5,330.99195814055554,2,2,5630.578947368421,0.0,0
122,2026-08-04,7,12,6,3,,28,7,430.4013094141667,2,2,6713.285714285715,6332.333333333333,0
123,2026-08-04,6,12,1,0,,19,6,371.3961490436111,1,1,6999.0,0.0,0
124,2026-08-04,7,14,0,0,,21,6,739.5074783924999,1,1,6999.0,0.0,0
125,2026-08-04,6,14,4,2,1.0,27,6,83.16703267055556,1,1,6999.0,6999.0,0
126,2026-08-04,5,9,3,0,,17,5,1169.6461019755557,2,2,5351.941176470588,0.0,0
127,2026-08-04,4,8,1,0,,13,4,1383.7478319636111,1,1,4999.0,0.0,0
128,2026-08-04,10,20,8,1,,39,10,631.2654362455555,3,2,11665.666666666666,12999.0,0
129,2026-08-04,8,17,5,1,,31,8,317.11149161500003,3,2,7837.709677419355,8999.0,0
130,2026-08-04,6,11,2,0,,19,6,74.75280413444445,4,3,11314.78947368421,0.0,0
131,2026-08-04,5,10,0,0,,15,6,667.7213816480556,1,1,4999.0,0.0,0
132,2026-08-04,6,10,4,3,2.0,25,6,473.3604312744444,3,3,6679.0,7665.666666666667,0
133,2026-08-04,7,11,3,2,1.0,24,7,486.5824215772222,2,2,6582.333333333333,5999.0,0
134,2026-08-04,2,2,0,0,,4,2,835.7868241147222,1,1,6999.0,0.0,0
135,2026-08-04,5,8,1,0,,14,5,744.5738722744444,3,2,11141.857142857143,0.0,0
136,2026-08-04,7,12,3,0,,22,6,1.5341938397222223,2,2,5362.636363636364,0.0,0
137,2026-08-04,7,13,2,7,4.0,33,7,77.85259473666667,2,2,5968.69696969697,6141.857142857143,0
138,2026-08-04,5,12,1,0,,18,5,1219.7504027008333,2,2,6776.777777777777,0.0,0
139,2026-08-04,6,14,0,0,,20,6,423.5589780088889,2,2,6799.0,0.0,0
140,2026-08-04,7,11,0,0,,18,7,252.53465997694445,2,2,6776.777777777777,0.0,0
141,2026-08-04,6,11,1,0,,18,5,228.9637381322222,3,3,7221.222222222223,0.0,0
142,2026-08-04,10,23,7,10,6.0,56,10,96.71642846027777,4,3,7070.428571428572,6999.0,0
143,2026-08-04,5,9,4,1,,19,5,331.4067405077777,3,3,7314.789473684211,6999.0,0
144,2026-08-04,8,15,4,5,1.0,33,9,339.2381641422223,2,2,5302.030303030303,5399.0,0
145,2026-08-04,10,18,8,4,,40,10,92.2064748988889,3,2,10999.0,11999.0,0
146,2026-08-04,9,21,5,9,8.0,52,9,10.217501333333335,1,1,4999.0,4999.0,0
147,2026-08-04,4,6,0,0,,10,4,568.8697848969445,3,2,9399.0,0.0,0
148,2026-08-04,7,17,3,0,,27,8,83.97794817,1,1,4999.0,0.0,0
149,2026-08-04,4,9,0,0,,13,4,224.17933440694443,3,2,8075.923076923077,0.0,0
150,2026-08-04,4,10,0,0,,14,4,49.12859925833334,3,3,5427.571428571428,0.0,0
151,2026-08-04,8,14,3,3,,28,8,26.041074983055555,2,1,10570.42857142857,8999.0,0
152,2026-08-04,5,9,0,0,,14,5,111.22758617638888,3,3,5427.571428571428,0.0,0
153,2026-08-04,5,11,0,0,,16,5,384.9385487744444,4,3,10124.0,0.0,0
154,2026-08-04,2,3,1,1,,7,2,1150.369126596111,1,1,6999.0,6999.0,0
155,2026-08-04,5,5,1,0,,11,5,543.2043041041667,2,2,6635.363636363636,0.0,0
156,2026-08-04,7,9,6,2,,24,6,104.96614185694445,3,3,8249.0,9999.0,0
157,2026-08-04,12,22,5,12,9.0,60,11,690.5641312269445,4,3,5799.0,5832.333333333333,0
158,2026-08-04,4,7,1,0,,12,4,63.041547466944444,2,1,12332.333333333334,0.0,0
159,2026-08-04,6,11,0,0,,17,6,564.6925497316666,3,3,5469.588235294118,0.0,0
160,2026-08-04,3,6,0,0,,9,3,456.0491250886111,2,2,6554.555555555556,0.0,0
161,2026-08-04,6,11,0,0,,17,6,1013.5406046655555,2,2,6881.35294117647,0.0,0
162,2026-08-04,5,10,2,5,4.0,26,5,732.2413601605556,3,3,6768.2307692307695,6999.0,1
163,2026-08-04,3,6,0,1,,10,3,1075.7567176933333,2,1,9799.0,8999.0,0
164,2026-08-04,8,15,4,8,6.0,41,7,1343.0454752233331,3,2,7828.268292682927,8249.0,0
165,2026-08-04,9,21,3,9,7.0,49,10,398.8088288961111,3,2,9896.959183673469,9887.888888888889,0
166,2026-08-04,8,17,6,8,6.0,45,8,2076.153994393611,3,3,7132.333333333333,6999.0,0
167,2026-08-04,8,17,6,1,1.0,33,8,6.888536936944444,3,2,10756.575757575758,8999.0,0
168,2026-08-04,8,19,3,8,5.0,43,8,98.4184277175,2,2,7789.697674418605,8999.0,0
169,2026-08-04,4,5,0,0,,9,4,217.40700023749997,2,1,9887.888888888889,0.0,0
170,2026-08-04,6,10,0,0,,16,6,1271.6254166030556,2,1,11749.0,0.0,0
171,2026-08-04,7,16,3,3,1.0,30,7,1190.7203015758332,4,3,7599.0,6999.0,0
172,2026-08-04,6,12,0,0,,18,6,234.07825253944443,3,2,7443.444444444444,0.0,0
173,2026-08-04,4,8,0,0,,12,4,367.7513310288889,3,3,8665.666666666666,0.0,0
174,2026-08-04,8,16,6,2,,32,7,13.87751724472222,2,2,5499.0,6999.0,0
175,2026-08-04,7,14,2,0,,23,7,1047.579386781111,4,3,9694.652173913044,0.0,0
176,2026-08-04,7,16,5,2,,30,7,336.02701837138886,2,2,5799.0,4999.0,0
177,2026-08-04,6,9,3,0,,18,6,1450.72538805,1,1,4999.0,0.0,0
178,2026-08-04,5,10,1,0,,16,5,550.951828565,3,2,9749.0,0.0,0
179,2026-08-04,5,9,0,0,,14,5,53.48628017722223,1,1,6999.0,0.0,0
180,2026-08-04,5,8,0,0,,13,6,257.81461528333335,1,1,4999.0,0.0,0
181,2026-08-04,7,12,1,0,,20,7,412.40314009166667,3,2,9799.0,0.0,0
182,2026-08-04,7,11,2,0,,20,7,267.3560196527778,2,2,7599.0,0.0,0
183,2026-08-04,7,16,0,0,,23,7,133.64088885027778,4,3,7085.95652173913,0.0,0
184,2026-08-04,6,8,1,0,,15,6,327.1261148175,3,3,6599.0,0.0,0
185,2026-08-04,7,13,3,0,,23,7,337.28239501083334,3,2,10390.304347826086,0.0,0
186,2026-08-04,7,13,2,0,,22,7,157.43270167333333,2,2,8362.636363636364,0.0,0
187,2026-08-04,5,9,2,0,,16,5,26.987868510555554,3,2,5749.0,0.0,0
188,2026-08-04,5,7,3,5,5.0,25,5,659.1736936630556,3,3,6839.0,6999.0,1
189,2026-08-04,5,11,2,0,,18,5,264.536070765,2,2,7443.444444444444,0.0,0
190,2026-08-04,5,13,2,0,,20,5,113.3169489675,3,3,6899.0,0.0,0
191,2026-08-04,5,12,3,1,,21,5,474.67847204583336,2,2,8427.57142857143,12999.0,0
192,2026-08-04,3,4,0,0,,7,3,174.50999865416668,2,1,11856.142857142857,0.0,0
193,2026-08-04,6,11,2,0,,19,5,236.1782707286111,3,2,6472.684210526316,0.0,0
194,2026-08-04,5,9,5,3,1.0,23,5,204.2569638925,1,1,4999.0,4999.0,0
195,2026-08-04,5,8,1,0,,14,4,590.9282752719444,2,2,6141.857142857143,0.0,0
196,2026-08-04,7,16,5,3,,31,7,482.11889081388887,1,1,6999.0,6999.0,0
197,2026-08-04,7,12,4,2,,25,7,214.30046078833334,3,2,10279.0,10999.0,0
198,2026-08-04,4,8,1,0,,13,4,588.2054793613889,2,1,11768.23076923077,0.0,0
199,2026-08-04,8,17,2,1,,28,8,100.98668023138889,3,2,7570.428571428572,6999.0,0
200,2026-08-04,10,24,5,10,8.0,57,10,27.88293830583333,3,2,7946.368421052632,8399.0,1
201,2026-08-04,6,9,1,0,,16,6,1291.0792246963888,4,3,8374.0,0.0,0
202,2026-08-04,5,13,1,0,,19,5,2057.4235514180555,3,2,11209.526315789473,0.0,0
203,2026-08-04,7,14,1,0,,22,6,428.10305516194444,4,3,9180.818181818182,0.0,0
204,2026-08-04,8,16,2,2,,28,8,394.86394109805553,1,1,6999.0,6999.0,0
205,2026-08-04,7,15,4,7,6.0,39,7,663.514299711389,4,3,11255.410256410256,11570.42857142857,0
206,2026-08-04,5,9,3,1,1.0,19,4,357.1613053008333,2,2,6683.210526315789,6999.0,0
207,2026-08-04,4,9,0,0,,13,4,134.4979888113889,2,1,9614.384615384615,0.0,0
208,2026-08-04,6,11,1,0,,18,6,458.97486457388885,4,3,10332.333333333334,0.0,0
209,2026-08-04,9,12,6,0,,27,9,216.2617677536111,2,2,5221.222222222223,0.0,0
210,2026-08-04,5,12,1,0,,18,5,1514.3424390916666,3,3,6110.111111111111,0.0,0
211,2026-08-04,2,5,1,0,,8,2,1476.29454336,2,1,9499.0,0.0,0
212,2026-08-04,4,8,1,0,,13,4,2583.5620177663886,2,1,10537.461538461539,0.0,0
213,2026-08-04,3,7,0,0,,10,3,1409.1525770702776,2,1,10599.0,0.0,0
214,2026-08-04,7,10,1,0,,18,7,484.90549785055555,4,3,9110.111111111111,0.0,0
215,2026-08-04,11,21,5,2,,39,10,927.7827398238888,4,3,11050.28205128205,8999.0,0
216,2026-08-04,10,21,5,10,8.0,54,10,55.774901721944445,3,3,6961.962962962963,6999.0,1
217,2026-08-04,4,6,0,0,,10,4,689.8007247302778,2,2,5399.0,0.0,0
218,2026-08-04,6,8,0,0,,14,6,711.9475267891667,1,1,4999.0,0.0,0
219,2026-08-04,8,13,2,0,,23,9,162.54578114055556,4,3,9694.652173913044,0.0,0
220,2026-08-04,7,15,2,0,,24,7,232.61427970611112,3,2,9165.666666666666,0.0,0
221,2026-08-04,7,15,2,2,1.0,27,7,270.35443523944446,3,2,9147.148148148148,10999.0,0
222,2026-08-04,5,11,0,0,,16,5,686.4059717730555,3,2,7499.0,0.0,0
223,2026-08-04,6,10,4,3,,23,6,38.623952611944446,3,3,6825.086956521739,6999.0,0
224,2026-08-04,6,10,3,6,5.0,30,6,223.93182042638887,2,2,7065.666666666667,6999.0,1
225,2026-08-04,4,9,1,0,,14,4,998.438948753611,1,1,6999.0,0.0,0
226,2026-08-04,1,1,0,0,,2,1,2929.9644752019444,1,1,8999.0,0.0,0
227,2026-08-04,5,8,4,0,,17,5,791.4897745572222,3,3,5822.529411764706,0.0,0
228,2026-08-04,7,10,5,3,1.0,26,7,155.53312572138887,2,2,7306.692307692308,6999.0,0
229,2026-08-04,7,11,0,0,,18,6,101.387122645,2,2,6776.777777777777,0.0,0
230,2026-08-04,6,13,1,0,,20,6,600.0716855163889,3,3,6399.0,0.0,0
231,2026-08-04,8,17,2,1,,28,8,147.65426167694443,3,3,5713.285714285715,4999.0,0
232,2026-08-04,3,6,0,0,,9,3,1738.0041973808334,1,1,6999.0,0.0,0
233,2026-08-04,4,5,0,0,,9,4,11.760735502500001,2,1,12110.111111111111,0.0,0
234,2026-08-04,3,6,2,0,,11,3,845.33977651,3,2,9908.09090909091,0.0,0
235,2026-08-04,6,13,5,3,,27,6,42.769958889722226,2,1,10036.037037037036,10332.333333333334,0
236,2026-08-04,8,15,3,4,1.0,31,8,219.95347436805557,3,2,9966.741935483871,10499.0,0
237,2026-08-04,7,11,3,0,,21,7,190.36356402166666,2,2,5379.952380952381,0.0,0
238,2026-08-04,6,10,0,0,,16,6,1053.9553663830557,2,2,5249.0,0.0,0
239,2026-08-04,6,12,2,0,,20,6,86.45392840444445,3,2,11299.0,0.0,0
240,2026-08-04,8,18,5,4,1.0,36,9,412.3699488669444,4,3,6665.666666666667,6999.0,0
241,2026-08-04,6,10,1,0,,17,6,705.9937438327778,1,1,4999.0,0.0,0
242,2026-08-04,4,11,2,3,,20,4,564.9876794141667,2,2,6799.0,6999.0,0
243,2026-08-04,6,7,1,0,,14,6,1426.2691445052778,3,2,7284.714285714285,0.0,0
244,2026-08-04,7,13,1,0,,21,7,18.901838960555555,4,3,9665.666666666666,0.0,0
245,2026-08-04,7,16,6,1,,30,7,583.8383255627778,2,2,5665.666666666667,4999.0,0
246,2026-08-04,5,11,1,0,,17,5,706.6927622272221,4,3,8410.764705882353,0.0,0
247,2026-08-04,4,6,0,0,,10,4,472.0696858508333,3,2,9399.0,0.0,0
248,2026-08-04,7,18,6,1,1.0,33,8,177.4997961747222,2,1,11665.666666666666,8999.0,0
249,2026-08-04,1,1,0,0,,2,1,726.4709588449999,1,1,4999.0,0.0,0
250,2026-08-04,3,8,1,0,,12,3,50.98360589166666,3,2,10165.666666666666,0.0,0
251,2026-08-04,4,9,0,0,,13,4,708.4320553011111,2,2,5152.846153846154,0.0,0
252,2026-08-04,5,10,0,0,,15,5,262.2113971558333,3,2,8199.0,0.0,0
253,2026-08-04,5,11,1,0,,17,5,132.36346393305556,4,3,10057.823529411764,0.0,0
254,2026-08-04,5,14,1,2,,22,5,385.24759083888887,3,3,7180.818181818182,7999.0,0
255,2026-08-04,5,10,4,0,,19,5,626.393649978611,1,1,6999.0,0.0,0
256,2026-08-04,5,10,2,0,,17,5,1344.4782929358335,3,2,6410.764705882353,0.0,0
257,2026-08-04,3,9,1,0,,13,4,781.6099408263889,2,1,11460.538461538461,0.0,0
258,2026-08-04,8,12,0,0,,20,8,588.2172609938889,2,2,7599.0,0.0,0
259,2026-08-04,7,11,4,7,4.0,33,7,1138.5499813241668,3,3,6999.0,6999.0,1
260,2026-08-04,7,16,0,0,,23,7,76.53136185833334,3,2,10477.260869565218,0.0,0
261,2026-08-04,4,8,1,0,,13,4,2398.3530906969445,2,1,10229.76923076923,0.0,0
262,2026-08-04,3,6,1,0,,10,3,1114.5490742097222,3,2,8599.0,0.0,0
263,2026-08-04,7,13,2,3,,25,7,587.1533151888889,1,1,6999.0,6999.0,0
264,2026-08-04,3,4,0,0,,7,3,93.42186412527778,3,2,10141.857142857143,0.0,0
265,2026-08-04,5,12,2,0,,19,5,841.5875897272222,2,2,7630.578947368421,0.0,0
266,2026-08-04,7,10,3,3,,23,7,100.53760757388888,2,2,7172.913043478261,6999.0,0
267,2026-08-04,4,11,1,0,,16,4,1081.9462386430555,2,2,5374.0,0.0,0
268,2026-08-04,9,19,4,9,4.0,45,8,51.434505280833335,4,3,7265.666666666667,7221.222222222223,1
269,2026-08-04,8,15,1,0,,24,8,46.103076941111105,4,3,10665.666666666666,0.0,0
270,2026-08-04,7,20,0,0,,27,7,151.892537775,3,3,7147.148148148148,0.0,0
271,2026-08-04,2,4,0,0,,6,2,2579.962153636111,3,2,9665.666666666666,0.0,0
272,2026-08-04,7,13,4,3,,27,7,1610.7225343597222,1,1,4999.0,4999.0,0
273,2026-08-04,7,13,3,0,,23,7,107.59473390916666,4,3,5955.521739130435,0.0,0
274,2026-08-04,4,8,0,0,,12,5,1420.1029990166667,3,3,6165.666666666667,0.0,0
275,2026-08-04,7,13,2,0,,22,7,5.968797336111111,3,3,6271.727272727273,0.0,0
276,2026-08-04,8,13,3,2,,26,8,55.23884643777778,3,2,7383.615384615385,6999.0,0
277,2026-08-04,3,6,0,0,,9,3,258.0848476713889,1,1,4999.0,0.0,0
278,2026-08-04,5,9,0,0,,14,5,961.4800698575,1,1,6999.0,0.0,0
279,2026-08-04,6,10,0,0,,16,7,202.8957250938889,2,1,10499.0,0.0,0
280,2026-08-04,6,15,4,0,,25,5,2185.8118483944445,4,3,5879.0,0.0,0
281,2026-08-04,5,11,4,3,1.0,24,5,33.78155103305556,3,2,10332.333333333334,11665.666666666666,0
282,2026-08-04,6,12,1,0,,19,6,378.6063350177777,3,2,10367.421052631578,0.0,0
283,2026-08-04,8,14,4,8,6.0,40,8,433.8500435002778,3,3,7399.0,7499.0,0
284,2026-08-04,7,17,2,0,,26,7,210.24568229,4,3,5691.307692307692,0.0,0
285,2026-08-04,7,12,5,7,6.0,37,7,219.21990912444443,3,2,10404.405405405405,10141.857142857143,0
286,2026-08-04,6,13,0,0,,19,6,225.6861876175,1,1,6999.0,0.0,0
287,2026-08-04,4,5,2,0,,11,4,47.388884519166666,2,2,6453.545454545455,0.0,0
288,2026-08-04,10,20,4,10,6.0,50,9,143.06870368777777,2,1,11479.0,11399.0,0
289,2026-08-04,5,9,2,0,,16,5,66.00577468305555,3,3,6499.0,0.0,0
290,2026-08-04,4,9,0,0,,13,4,257.2840462713889,3,2,8075.923076923077,0.0,0
291,2026-08-04,6,13,1,0,,20,6,523.7653157983334,4,3,8599.0,0.0,0
292,2026-08-04,7,18,4,1,,30,6,858.0854084761111,2,2,5532.333333333333,4999.0,0
293,2026-08-04,5,11,5,1,1.0,23,5,1648.1070735430555,2,1,11955.521739130434,12999.0,0
294,2026-08-04,7,12,3,0,,22,7,185.10281663583334,3,3,7544.454545454545,0.0,0
295,2026-08-04,6,11,0,0,,17,6,715.7178282627777,2,1,11822.529411764706,0.0,0
296,2026-08-04,4,9,0,0,,13,4,545.8079194772222,2,2,5306.692307692308,0.0,0
297,2026-08-04,6,13,1,0,,20,6,404.5461014361111,4,3,10699.0,0.0,0
298,2026-08-04,6,15,0,0,,21,6,536.49065187,3,2,7379.952380952381,0.0,0
299,2026-08-04,13,20,6,13,10.0,62,13,63.024246398611105,3,2,7999.0,8075.923076923077,0
300,2026-08-04,7,16,1,0,,24,7,233.48576724944445,3,3,6999.0,0.0,0
301,2026-08-04,5,9,2,0,,16,5,1448.2507344175,4,3,10624.0,0.0,0
302,2026-08-04,4,7,2,0,,13,4,1360.8097777302778,1,1,6999.0,0.0,0
303,2026-08-04,5,8,0,0,,13,5,439.1137187236111,3,2,9922.076923076924,0.0,0
304,2026-08-04,4,7,1,0,,12,4,1707.3336729044445,3,3,5499.0,0.0,0
305,2026-08-04,5,11,0,0,,16,5,187.36059186138888,2,2,5499.0,0.0,0
306,2026-08-04,6,10,0,0,,16,6,284.5843058422222,2,2,6999.0,0.0,0
307,2026-08-04,3,4,0,0,,7,3,979.2067499002778,2,1,10141.857142857143,0.0,0
308,2026-08-04,8,16,0,0,,24,8,1281.663946396389,2,2,7499.0,0.0,0
309,2026-08-04,4,10,3,1,,18,4,5.392850524722222,3,2,8110.111111111111,8999.0,0
310,2026-08-04,8,12,5,8,8.0,41,8,1.8146473349999999,4,3,10364.853658536585,10249.0,0
311,2026-08-04,4,7,2,0,,13,4,937.1787067661111,1,1,4999.0,0.0,0
312,2026-08-04,5,11,0,0,,16,5,60.052256211111114,3,3,6249.0,0.0,0
313,2026-08-04,7,15,4,2,,28,7,2095.091695148889,3,2,5427.571428571428,4999.0,0
314,2026-08-04,5,10,0,0,,15,5,500.2593208405555,1,1,4999.0,0.0,0
315,2026-08-04,5,8,0,0,,13,6,93.16511533250001,2,2,7460.538461538462,0.0,0
316,2026-08-04,4,9,0,0,,13,4,238.19198630583332,3,2,11306.692307692309,0.0,0
317,2026-08-04,8,15,3,8,6.0,40,8,1644.4087998041666,3,2,10999.0,10999.0,0
318,2026-08-04,5,8,0,0,,13,5,306.33938403138893,2,2,7306.692307692308,0.0,0
319,2026-08-04,7,17,3,0,,27,8,962.7505198794444,4,3,7887.888888888889,0.0,0
320,2026-08-04,7,16,3,7,5.0,38,7,192.83479680472223,1,1,4999.0,4999.0,0
321,2026-08-04,3,7,1,0,,11,3,504.9550963736111,3,2,6089.909090909091,0.0,0
322,2026-08-04,4,10,2,0,,16,4,715.9333558783334,2,1,12249.0,0.0,0
323,2026-08-04,8,16,2,8,5.0,39,8,344.3369274258334,2,2,7614.384615384615,7749.0,0
324,2026-08-04,5,8,1,1,1.0,16,5,238.72029343027776,2,2,5124.0,4999.0,0
325,2026-08-04,5,12,1,0,,18,5,962.1832040727777,2,2,5110.111111111111,0.0,0
326,2026-08-04,2,4,1,0,,7,2,1488.2032436225,1,1,4999.0,0.0,0
327,2026-08-04,9,20,3,3,,35,9,227.69105548388887,3,3,5399.0,5665.666666666667,0
328,2026-08-04,5,11,2,1,,19,6,63.22522946083334,3,2,6051.631578947368,4999.0,0
329,2026-08-04,5,6,3,2,1.0,17,5,321.9242261980555,2,2,6646.058823529412,6999.0,0
330,2026-08-04,4,10,0,0,,14,4,409.49008289694444,2,2,5570.428571428572,0.0,0
331,2026-08-04,2,4,0,0,,6,2,1459.5126791886112,2,2,7332.333333333333,0.0,0
332,2026-08-04,7,15,6,1,1.0,30,7,35.61265004972222,3,3,5599.0,4999.0,0
333,2026-08-04,5,9,2,1,,17,5,98.98826438972222,3,2,10999.0,12999.0,1
334,2026-08-04,6,11,1,0,,18,6,287.2295720402778,3,3,6887.888888888889,0.0,0
335,2026-08-04,6,13,3,2,,24,6,1498.5383554369444,1,1,6999.0,6999.0,0
336,2026-08-04,6,16,0,0,,22,6,164.2484243277778,4,3,7362.636363636364,0.0,0
337,2026-08-04,4,8,1,0,,13,4,561.533921703889,3,3,7152.846153846154,0.0,0
338,2026-08-04,4,10,1,0,,15,4,2258.7236951158334,2,2,8199.0,0.0,0
339,2026-08-04,6,12,3,1,,22,6,195.16233760555556,2,2,5362.636363636364,4999.0,0
340,2026-08-04,11,21,3,3,,38,11,254.67291270972223,3,3,5314.789473684211,4999.0,0
341,2026-08-04,9,18,6,9,6.0,48,9,351.0018746819444,2,2,5415.666666666667,5443.444444444444,1
342,2026-08-04,5,12,1,0,,18,5,435.1829291486111,4,3,6443.444444444444,0.0,0
343,2026-08-04,5,9,5,1,,20,5,122.9684380313889,3,2,8499.0,8999.0,0
344,2026-08-04,5,9,3,2,1.0,20,5,1065.0992511330555,3,2,11899.0,12999.0,0
345,2026-08-04,7,14,5,3,1.0,30,7,844.8676451025001,2,2,5065.666666666667,4999.0,0
346,2026-08-04,8,17,3,4,1.0,33,6,157.85313309194447,4,3,9665.666666666666,9999.0,0
347,2026-08-04,6,15,1,2,,24,6,503.7302276072222,3,3,5415.666666666667,4999.0,0
348,2026-08-04,9,20,5,3,,37,8,106.47760020194444,4,3,6999.0,6332.333333333333,0
349,2026-08-04,3,5,0,0,,8,3,135.50855530027778,2,1,10499.0,0.0,0
350,2026-08-04,3,5,1,0,,9,3,312.4581251336111,1,1,4999.0,0.0,0
351,2026-08-04,4,7,0,0,,11,4,455.4629511147222,1,1,4999.0,0.0,0
352,2026-08-04,5,10,0,0,,15,5,1079.8204042783334,3,2,10865.666666666666,0.0,0
353,2026-08-04,7,11,6,2,,26,6,589.6751958611111,3,3,7460.538461538462,6999.0,0
354,2026-08-04,7,13,6,2,1.0,29,7,390.4006670744444,2,1,11205.896551724138,10999.0,0
355,2026-08-04,2,5,0,0,,7,2,1689.0486710625,2,1,12427.57142857143,0.0,0
356,2026-08-04,5,11,0,0,,16,5,1864.4249945669446,3,3,7124.0,0.0,0
357,2026-08-04,6,12,0,0,,18,6,513.2219285375,3,2,10776.777777777777,0.0,0
358,2026-08-04,10,20,8,3,,41,10,752.7360635677778,4,3,5730.707317073171,4999.0,0
359,2026-08-04,11,26,7,11,7.0,62,10,914.3388581808333,4,3,5579.645161290323,5362.636363636364,0
360,2026-08-04,9,19,4,9,5.0,46,8,571.3551625188888,3,2,9868.565217391304,10110.111111111111,0
361,2026-08-04,9,19,4,9,6.0,47,9,71.53636516638889,3,2,10190.489361702128,10332.333333333334,0
362,2026-08-04,6,14,4,3,,27,6,121.1807586525,3,3,7295.2962962962965,6999.0,0
363,2026-08-04,12,19,5,12,10.0,58,12,450.4958385463889,1,1,4999.0,4999.0,0
364,2026-08-04,5,7,0,0,,12,5,1098.7848556958334,3,3,6665.666666666667,0.0,0
365,2026-08-04,6,12,0,0,,18,6,954.1130092288889,2,1,11665.666666666666,0.0,0
366,2026-08-04,6,12,2,0,,20,6,75.13006348,2,2,5299.0,0.0,0
367,2026-08-04,9,19,8,4,,40,9,183.94610799,4,3,7349.0,6999.0,0
368,2026-08-04,7,14,0,0,,21,7,238.97168896722224,4,3,9475.190476190477,0.0,0
369,2026-08-04,5,10,2,2,,19,5,100.13137150111112,2,2,7104.263157894737,6999.0,0
370,2026-08-04,7,15,1,0,,23,7,112.52203019527778,2,2,5172.913043478261,0.0,0
371,2026-08-04,3,8,1,0,,12,3,740.304887563611,3,2,9999.0,0.0,0
372,2026-08-04,12,19,5,12,10.0,58,10,272.35630888055556,2,2,5412.793103448276,5332.333333333333,0
373,2026-08-04,6,9,2,0,,17,6,800.9541524133333,3,2,7587.235294117647,0.0,0
374,2026-08-04,5,7,3,0,,15,5,275.3334892869444,3,2,10065.666666666666,0.0,0
375,2026-08-04,4,6,0,0,,10,4,333.1305933997222,2,1,10999.0,0.0,0
376,2026-08-04,6,16,4,1,,27,6,1111.3013629308334,2,2,6036.037037037037,8999.0,0
377,2026-08-04,12,26,5,12,10.0,65,12,416.69968984583335,3,2,7122.076923076923,6999.0,1
378,2026-08-04,6,13,2,0,,21,6,78.1605756025,3,2,5951.380952380952,0.0,0
379,2026-08-04,7,15,2,0,,24,7,683.6519038408334,3,2,10665.666666666666,0.0,0
380,2026-08-04,11,24,7,11,8.0,61,12,381.0262748586111,2,2,5326.868852459016,5362.636363636364,0
381,2026-08-04,4,6,0,0,,10,4,339.6451110591667,2,2,5599.0,0.0,0
382,2026-08-04,6,12,0,0,,18,6,335.51581843111114,4,3,10887.888888888889,0.0,0
383,2026-08-04,5,6,1,0,,12,5,1438.6260070175,3,2,11332.333333333334,0.0,0
384,2026-08-04,3,8,1,0,,12,3,1080.4376203730556,3,2,8665.666666666666,0.0,0
385,2026-08-04,8,12,1,0,,21,8,147.85963494111112,4,3,10332.333333333334,0.0,0
386,2026-08-04,6,10,0,0,,16,6,1856.3373913819444,3,2,10999.0,0.0,0
387,2026-08-04,6,12,2,6,4.0,30,6,412.69303984416666,2,1,10332.333333333334,10332.333333333334,1
388,2026-08-04,6,12,4,1,,23,6,772.0075836625001,3,2,8042.478260869565,6999.0,0
389,2026-08-04,7,15,3,3,,28,5,248.2537701322222,3,3,6856.142857142857,6332.333333333333,0
390,2026-08-04,10,20,6,0,,36,10,16.18356204638889,3,2,11221.222222222223,0.0,0
391,2026-08-04,5,10,0,0,,15,5,416.3642568627778,3,2,8465.666666666666,0.0,0
392,2026-08-04,6,16,1,0,,23,6,850.8398335325,3,2,9781.608695652174,0.0,0
393,2026-08-04,7,14,2,0,,23,7,1102.9906949088888,4,3,10738.130434782608,0.0,0
394,2026-08-04,3,5,1,0,,9,3,606.6076646977779,2,2,7665.666666666667,0.0,0
395,2026-08-04,5,13,2,0,,20,5,1184.6608749005557,3,2,10799.0,0.0,0
396,2026-08-04,6,8,1,0,,15,6,474.1737214219445,2,2,5265.666666666667,0.0,0
397,2026-08-04,9,18,5,1,,33,9,214.91819433694442,2,2,5726.272727272727,12999.0,0
398,2026-08-04,8,18,6,3,,35,8,58.74805883,3,2,11741.857142857143,11665.666666666666,0
399,2026-08-04,4,10,0,0,,14,4,468.54729317388893,2,2,7141.857142857143,0.0,0
400,2026-08-04,6,12,0,0,,18,6,581.5373683369444,2,2,5443.444444444444,0.0,0
401,2026-08-04,5,14,0,0,,19,5,109.39801810111112,3,2,10472.684210526315,0.0,0
402,2026-08-04,8,14,5,3,,30,8,226.2054487025,3,2,10065.666666666666,8999.0,0
403,2026-08-04,6,14,1,0,,21,6,584.49009472,3,2,7475.190476190476,0.0,0
404,2026-08-04,7,13,7,7,3.0,37,7,692.880660355,3,3,7593.594594594595,7570.428571428572,0
405,2026-08-04,5,10,2,1,1.0,19,5,25.011127586944447,3,3,7525.315789473684,6999.0,0
406,2026-08-04,5,10,1,0,,16,6,980.6550978588889,2,2,7749.0,0.0,0
407,2026-08-04,4,9,2,0,,15,4,1801.3537283605554,4,3,6865.666666666667,0.0,0
408,2026-08-04,2,5,0,0,,7,2,369.6597213536111,3,3,7570.428571428572,0.0,0
409,2026-08-04,7,16,4,2,,29,6,200.1095547663889,4,3,10654.172413793103,10999.0,0
410,2026-08-04,7,13,2,0,,22,7,735.3535144294444,2,2,5453.545454545455,0.0,0
411,2026-08-04,5,10,2,2,,19,5,221.88903533305555,2,2,6893.736842105263,6999.0,0
412,2026-08-04,8,18,1,0,,27,8,150.64147837555558,3,3,6406.407407407408,0.0,0
413,2026-08-04,4,7,0,0,,11,4,234.18967579694444,2,2,8089.909090909091,0.0,0
414,2026-08-04,4,9,2,0,,15,4,398.3260643716667,3,3,6065.666666666667,0.0,0
415,2026-08-04,4,6,1,0,,11,4,2195.6584828727778,2,2,5726.272727272727,0.0,0
416,2026-08-04,5,12,0,0,,17,5,36.18441659944445,4,3,6057.823529411765,0.0,0
417,2026-08-04,6,13,2,0,,21,7,944.2985439744444,3,3,7379.952380952381,0.0,0
418,2026-08-04,5,10,0,0,,15,5,904.6317939236111,4,3,7799.0,0.0,0
419,2026-08-04,4,9,2,0,,15,4,923.668988605,3,2,9532.333333333334,0.0,0
420,2026-08-04,6,13,0,0,,19,6,87.8272957825,2,1,10893.736842105263,0.0,0
421,2026-08-04,6,12,1,0,,19,6,632.3360463202779,2,2,5209.526315789473,0.0,0
422,2026-08-04,6,15,0,0,,21,7,414.71674033166664,2,2,7570.428571428572,0.0,0
423,2026-08-04,4,6,4,2,1.0,17,4,179.11013437861112,2,2,8057.823529411765,6999.0,1
424,2026-08-04,6,13,3,0,,22,6,44.15875083583334,3,3,5453.545454545455,0.0,0
425,2026-08-04,7,12,5,1,1.0,26,7,8.258780885833334,2,2,5152.846153846154,4999.0,0
426,2026-08-04,4,8,3,4,3.0,22,4,1180.9439360327779,2,2,6544.454545454545,6499.0,0
427,2026-08-04,6,9,1,0,,16,6,845.5609959997222,1,1,4999.0,0.0,0
428,2026-08-04,8,16,2,3,,29,8,223.47631172555558,4,3,10654.172413793103,11665.666666666666,0
429,2026-08-04,6,14,4,0,,24,5,567.9263181777777,2,1,11332.333333333334,0.0,0
430,2026-08-04,5,13,0,0,,18,5,94.96895459083332,2,1,11443.444444444445,0.0,0
431,2026-08-04,4,8,3,1,,16,4,484.67990674083336,2,1,10999.0,8999.0,0
432,2026-08-04,5,10,3,1,,19,5,251.64347008777779,2,1,9420.052631578947,8999.0,0
433,2026-08-04,9,19,5,9,8.0,50,8,67.43163895277777,3,2,5879.0,5887.888888888889,0
434,2026-08-04,4,10,1,0,,15,4,469.7500556411111,3,2,10599.0,0.0,0
435,2026-08-04,5,13,1,0,,19,5,939.4362969544444,3,2,6051.631578947368,0.0,0
436,2026-08-04,6,13,1,0,,20,6,61.21094570638889,2,2,6799.0,0.0,0
437,2026-08-04,5,10,4,4,1.0,24,5,642.0075528844445,2,2,6332.333333333333,6999.0,0
438,2026-08-04,8,18,6,1,,33,8,42.03062771416667,2,2,6756.575757575758,6999.0,0
439,2026-08-04,4,8,1,0,,13,4,1494.201563442222,3,3,5922.076923076923,0.0,0
440,2026-08-04,9,21,4,9,6.0,49,11,179.96989699055558,2,2,6958.183673469388,6999.0,0
441,2026-08-04,6,10,1,0,,17,6,465.6257696411111,2,2,5940.176470588235,0.0,0
442,2026-08-04,5,11,0,0,,16,5,2267.373194749167,3,3,5374.0,0.0,0
443,2026-08-04,5,14,1,0,,20,6,407.23159854861115,4,3,11199.0,0.0,0
444,2026-08-04,4,8,0,0,,12,4,1436.700875740278,1,1,4999.0,0.0,0
445,2026-08-04,6,12,2,6,4.0,30,6,1176.1625548391667,4,3,6665.666666666667,6999.0,0
446,2026-08-04,9,20,5,5,1.0,40,9,1095.7767735319444,3,2,11399.0,12199.0,0
447,2026-08-04,5,10,0,0,,15,5,510.15930929583334,2,2,5265.666666666667,0.0,0
448,2026-08-04,4,6,2,1,,13,4,86.25567551527777,2,1,10845.153846153846,12999.0,0
449,2026-08-04,10,20,3,10,8.0,51,10,238.3902377463889,3,3,5430.3725490196075,5599.0,0
450,2026-08-04,6,12,2,0,,20,6,16.73280769138889,2,2,5799.0,0.0,0
451,2026-08-04,8,12,2,0,,22,8,402.04936089666666,1,1,6999.0,0.0,0
452,2026-08-04,5,11,2,1,,19,5,166.42961348083332,3,2,11104.263157894737,8999.0,0
453,2026-08-04,6,11,2,2,,21,6,406.49521186972225,2,2,5189.476190476191,4999.0,0
454,2026-08-04,5,7,1,0,,13,5,233.6997133925,2,1,10537.461538461539,0.0,0
455,2026-08-04,6,9,2,0,,17,6,403.1483324036111,1,1,6999.0,0.0,0
456,2026-08-04,7,12,4,1,,24,8,149.75725537833335,2,2,5332.333333333333,4999.0,0
457,2026-08-04,3,9,0,0,,12,3,500.51727822444445,3,2,8165.666666666667,0.0,0
458,2026-08-04,4,7,1,0,,12,4,950.1391051794445,2,1,11332.333333333334,0.0,0
459,2026-08-04,6,10,1,0,,17,6,1043.5690030624999,4,3,10410.764705882353,0.0,0
460,2026-08-04,3,5,0,0,,8,3,632.3021447630555,2,1,11499.0,0.0,0
461,2026-08-04,5,10,1,0,,16,5,306.68175335722225,2,2,5999.0,0.0,0
462,2026-08-04,6,12,0,0,,18,6,487.91977658472223,3,3,6999.0,0.0,0
463,2026-08-04,6,10,0,0,,16,6,570.3311120133334,3,2,11624.0,0.0,0
464,2026-08-04,7,12,4,1,,24,7,752.2950967783333,2,2,8249.0,6999.0,0
465,2026-08-04,8,20,5,2,,35,8,140.0844782363889,3,3,5570.428571428572,5999.0,0
466,2026-08-04,9,18,4,1,,32,9,47.41581849305556,3,3,5936.5,6999.0,0
467,2026-08-04,5,12,0,0,,17,7,1663.183227853611,2,2,6763.705882352941,0.0,0
468,2026-08-04,3,6,0,0,,9,3,713.0795103708334,2,1,10776.777777777777,0.0,0
469,2026-08-04,6,12,1,0,,19,6,699.6155928347222,2,1,9841.105263157895,0.0,0
470,2026-08-04,8,19,2,8,3.0,40,8,328.3796378675,4,3,8199.0,8249.0,0
471,2026-08-04,8,19,3,8,7.0,45,8,19.06785954888889,1,1,6999.0,6999.0,0
472,2026-08-04,2,4,0,0,,6,2,2643.3726632088888,1,1,6999.0,0.0,0
473,2026-08-04,7,10,1,0,,18,7,284.5403771375,4,3,7554.555555555556,0.0,0
474,2026-08-04,6,14,0,0,,20,6,0.6056494255555556,4,3,10099.0,0.0,0
475,2026-08-04,6,14,0,0,,20,6,78.12958826666667,3,2,10799.0,0.0,0
476,2026-08-04,5,12,4,1,,22,5,872.7820024908333,4,3,7453.545454545455,6999.0,0
477,2026-08-04,5,12,1,3,2.0,23,5,39.673675464166664,4,3,7259.869565217391,6999.0,0
478,2026-08-04,6,12,1,0,,19,6,953.0183430897222,3,3,8051.631578947368,0.0,0
479,2026-08-04,6,12,0,0,,18,6,1635.0812450402777,3,2,10554.555555555555,0.0,0
480,2026-08-04,5,12,1,0,,18,5,1252.152602363611,1,1,4999.0,0.0,0
481,2026-08-04,8,20,4,1,,33,8,966.3991953980556,3,3,5302.030303030303,4999.0,0
482,2026-08-04,7,14,0,0,,21,7,613.0354418205555,2,2,7570.428571428572,0.0,0
483,2026-08-04,7,12,6,2,,27,7,51.77441136805556,2,2,5443.444444444444,4999.0,0
484,2026-08-04,5,11,1,0,,17,5,9.779532407777777,4,3,8999.0,0.0,0
485,2026-08-04,7,16,1,0,,24,8,464.24024274777776,4,3,7832.333333333333,0.0,0
486,2026-08-04,4,7,1,0,,12,4,462.45692965250004,4,3,7832.333333333333,0.0,0
487,2026-08-04,2,4,0,0,,6,2,1915.1163568827778,2,1,9665.666666666666,0.0,0
488,2026-08-04,3,4,0,0,,7,3,1469.9898496277779,1,1,4999.0,0.0,0
489,2026-08-04,8,15,2,3,,28,9,103.96590309833333,4,3,7356.142857142857,6999.0,0
490,2026-08-04,5,10,0,0,,15,5,94.82315564472222,3,2,10465.666666666666,0.0,0
491,2026-08-04,11,22,6,11,9.0,59,12,78.65745114305557,2,2,5168.4915254237285,5180.818181818182,1
492,2026-08-04,6,12,1,0,,19,6,1510.798321943889,4,3,8788.473684210527,0.0,0
493,2026-08-04,7,18,5,1,,31,7,83.06624912888888,2,2,6869.967741935484,6999.0,0
494,2026-08-04,8,12,4,0,,24,9,711.1439159075,3,2,9499.0,0.0,0
495,2026-08-04,5,11,0,0,,16,5,111.60626750416667,2,1,10749.0,0.0,0
496,2026-08-04,6,11,0,0,,17,6,567.9180972758334,1,1,4999.0,0.0,0
497,2026-08-04,6,12,1,0,,19,6,577.9316626155555,2,1,11946.368421052632,0.0,0
498,2026-08-04,7,13,0,0,,20,7,39.29397765166667,1,1,4999.0,0.0,0
499,2026-08-04,3,7,0,0,,10,3,442.02061094333334,1,1,6999.0,0.0,0
500,2026-08-04,4,9,1,0,,14,4,164.05137514944443,2,2,6713.285714285715,0.0,0
5,2026-08-11,6,12,3,0,,21,6,690.6447567833333,4,3,6427.571428571428,0.0,0
6,2026-08-11,6,12,1,0,,19,6,1357.3838033966665,2,2,7314.789473684211,0.0,0
7,2026-08-11,9,17,2,9,8.0,45,9,42.71240938305556,4,3,5710.111111111111,5665.666666666667,0
8,2026-08-11,8,18,6,0,,32,8,185.53965397916667,4,3,10249.0,0.0,0
9,2026-08-11,5,9,1,0,,15,6,1294.2942987588888,2,1,10599.0,0.0,0
10,2026-08-11,6,12,0,0,,18,6,442.3267355030556,1,1,6999.0,0.0,0
11,2026-08-11,3,5,0,0,,8,3,1092.8436182416667,2,2,6499.0,0.0,0
12,2026-08-11,5,14,0,0,,19,5,121.56518075444444,2,2,5841.105263157895,0.0,0
13,2026-08-11,6,11,5,0,,22,6,419.75906150249995,2,2,7271.727272727273,0.0,0
14,2026-08-11,7,16,1,0,,24,7,141.41773413722223,2,2,5165.666666666667,0.0,0
15,2026-08-11,9,16,3,9,6.0,43,9,5.495653304166667,4,3,6161.790697674419,6110.111111111111,0
16,2026-08-11,6,12,2,0,,20,6,20.01213632472222,3,3,5899.0,0.0,0
17,2026-08-11,4,6,2,0,,12,3,849.084629933611,2,2,6499.0,0.0,0
18,2026-08-11,5,11,0,0,,16,5,65.19174789527779,3,2,10499.0,0.0,0
19,2026-08-11,6,10,5,1,,22,5,177.58351204444443,2,2,5544.454545454545,4999.0,0
20,2026-08-11,9,15,5,1,,30,9,1033.1892848394443,4,3,10799.0,12999.0,0
21,2026-08-11,4,11,0,0,,15,4,240.92385085027777,3,2,10332.333333333334,0.0,0
22,2026-08-11,6,10,3,6,5.0,30,6,248.30716798,3,2,10932.333333333334,10999.0,1
23,2026-08-11,7,13,3,0,,23,7,838.1348652969444,2,2,6477.260869565217,0.0,0
24,2026-08-11,5,11,0,0,,16,3,1059.2644740305554,3,2,10249.0,0.0,0
25,2026-08-11,5,6,1,0,,12,5,2326.6713998377777,2,2,6665.666666666667,0.0,0
26,2026-08-11,8,18,6,2,,34,8,118.77443059000001,2,2,5351.941176470588,4999.0,0
27,2026-08-11,4,6,0,0,,10,4,280.9925138066667,3,3,7799.0,0.0,0
28,2026-08-11,8,19,1,0,,28,7,462.80200686194445,3,3,7141.857142857143,0.0,0
29,2026-08-11,6,12,4,3,,25,6,5.210447945555556,2,2,6679.0,6332.333333333333,0
30,2026-08-11,5,9,1,0,,15,5,485.82049569972224,3,3,7532.333333333333,0.0,0
31,2026-08-11,6,11,2,3,,22,6,882.3424425677778,3,2,10362.636363636364,10332.333333333334,0
32,2026-08-11,5,7,4,1,1.0,18,4,876.9392624088889,2,2,8665.666666666666,8999.0,0
33,2026-08-11,6,11,5,3,,25,6,480.5899101608333,3,2,10119.0,9665.666666666666,0
34,2026-08-11,3,5,1,0,,9,3,542.5483106375,3,3,6554.555555555556,0.0,0
35,2026-08-11,5,9,2,0,,16,5,730.9032488380557,4,3,7749.0,0.0,0
36,2026-08-11,9,20,7,3,,39,8,336.2495458822222,4,3,7511.820512820513,7665.666666666667,0
37,2026-08-11,4,6,3,0,,13,3,734.5823272841667,1,1,4999.0,0.0,0
38,2026-08-11,9,17,5,3,,34,9,14.978080927777777,4,3,10940.176470588236,11665.666666666666,0
39,2026-08-11,7,13,3,3,1.0,27,7,730.5407253822223,2,2,5295.2962962962965,4999.0,0
40,2026-08-11,5,14,4,1,,24,5,211.5489226363889,3,2,11165.666666666666,6999.0,0
41,2026-08-11,4,9,0,0,,13,4,1864.4180377008333,3,2,9460.538461538461,0.0,0
42,2026-08-11,4,11,2,0,,17,4,381.49112347361114,2,2,5940.176470588235,0.0,0
43,2026-08-11,6,13,3,3,,25,6,380.3843464861111,3,2,11479.0,11665.666666666666,0
44,2026-08-11,7,17,1,0,,25,8,30.587589301666668,3,2,5479.0,0.0,0
45,2026-08-11,5,11,0,0,,16,5,709.6594106166666,3,2,10874.0,0.0,0
46,2026-08-11,5,12,0,0,,17,5,824.1291321147222,4,3,9704.882352941177,0.0,0
47,2026-08-11,5,12,0,0,,17,5,281.6873121472222,3,3,6999.0,0.0,0
48,2026-08-11,5,9,1,0,,15,5,658.4164206600001,2,2,6599.0,0.0,0
49,2026-08-11,9,20,5,1,,35,9,362.63911109027777,3,2,5913.285714285715,4999.0,0
50,2026-08-11,6,11,0,0,,17,6,74.76338451,4,3,7704.882352941177,0.0,0
51,2026-08-11,8,17,1,0,,26,8,377.4859186808334,3,2,10691.307692307691,0.0,0
52,2026-08-11,6,11,3,3,,23,6,595.5091862177778,3,2,8999.0,8332.333333333334,0
53,2026-08-11,7,14,0,0,,21,7,480.32930846694444,2,2,5189.476190476191,0.0,0
54,2026-08-11,3,8,0,0,,11,3,325.43273131,4,3,7908.090909090909,0.0,0
55,2026-08-11,7,14,1,0,,22,7,1139.3549205161112,1,1,4999.0,0.0,0
56,2026-08-11,7,11,0,0,,18,7,175.9830073216667,2,2,5665.666666666667,0.0,0
57,2026-08-11,8,14,5,2,1.0,30,8,751.3539232752778,1,1,4999.0,4999.0,0
58,2026-08-11,5,10,1,0,,16,5,335.6638555686111,2,2,5499.0,0.0,0
59,2026-08-11,5,12,0,0,,17,5,369.6639608886111,3,2,7940.176470588235,0.0,0
60,2026-08-11,8,15,6,2,,31,8,312.40131570777777,1,1,4999.0,4999.0,0
61,2026-08-11,3,5,0,0,,8,3,2084.495405941667,2,2,8249.0,0.0,0
62,2026-08-11,5,11,0,0,,16,5,366.77078941583335,2,2,5249.0,0.0,0
63,2026-08-11,5,12,2,0,,19,5,456.1945601227778,2,2,7104.263157894737,0.0,0
64,2026-08-11,10,22,7,4,,43,10,805.3131565811111,2,2,5185.046511627907,4999.0,0
65,2026-08-11,2,5,0,0,,7,2,2633.9934022116668,3,2,8141.857142857143,0.0,0
66,2026-08-11,9,15,5,2,,31,9,242.94255646638888,4,3,7257.064516129032,6999.0,0
67,2026-08-11,6,14,2,0,,22,5,99.86121126361111,3,2,10089.90909090909,0.0,0
68,2026-08-11,6,11,0,0,,17,6,1088.0234678555555,2,1,11351.941176470587,0.0,0
69,2026-08-11,5,11,0,0,,16,5,431.1953028038889,1,1,6999.0,0.0,0
70,2026-08-11,6,8,0,0,,14,6,1364.9089236677778,3,3,7141.857142857143,0.0,0
71,2026-08-11,10,20,2,10,6.0,48,8,483.16906645638886,2,2,7249.0,7399.0,0
72,2026-08-11,5,8,0,0,,13,5,683.2488867444445,3,2,7460.538461538462,0.0,0
73,2026-08-11,8,14,2,0,,24,8,454.4720106241666,3,3,5749.0,0.0,0
74,2026-08-11,8,12,2,0,,22,7,874.8426138825,3,3,6999.0,0.0,0
75,2026-08-11,9,20,7,3,1.0,40,9,799.0309068166666,4,3,9249.0,8999.0,0
76,2026-08-11,5,9,0,0,,14,5,722.5263880680556,3,2,7284.714285714285,0.0,0
77,2026-08-11,6,11,3,0,,20,6,582.6321948191667,3,3,7099.0,0.0,0
78,2026-08-11,6,14,1,0,,21,6,89.10133163277777,3,3,5570.428571428572,0.0,0
79,2026-08-11,6,11,4,0,,21,6,512.2380546041667,2,2,7284.714285714285,0.0,0
80,2026-08-11,7,16,2,0,,25,7,463.3056451666667,4,3,7719.0,0.0,0
81,2026-08-11,7,14,2,0,,23,6,223.64694853166668,3,3,7085.95652173913,0.0,0
82,2026-08-11,10,22,5,3,,40,10,2.184887439722222,3,2,11249.0,12999.0,0
83,2026-08-11,6,15,0,0,,21,6,1502.4530052500002,3,2,10713.285714285714,0.0,0
84,2026-08-11,8,14,4,3,,29,7,99.85752442583333,2,2,5274.862068965517,4999.0,0
85,2026-08-11,10,16,4,10,7.0,47,10,84.04459533638888,3,3,5381.978723404255,5199.0,0
86,2026-08-11,7,16,2,0,,25,8,23.98153689722222,2,2,5639.0,0.0,0
87,2026-08-11,6,13,0,0,,19,6,111.36554826361112,3,2,7735.8421052631575,0.0,0
88,2026-08-11,9,16,5,3,1.0,34,8,348.86371667055556,4,3,7587.235294117647,7665.666666666667,0
89,2026-08-11,5,9,0,0,,14,5,128.38354457805556,3,3,5713.285714285715,0.0,0
90,2026-08-11,5,10,1,0,,16,5,184.264733995,2,1,9999.0,0.0,0
91,2026-08-11,6,13,2,0,,21,6,239.0968260283333,4,3,10332.333333333334,0.0,0
92,2026-08-11,5,10,0,0,,15,5,908.7120434225,3,2,10599.0,0.0,0
93,2026-08-11,10,21,3,10,6.0,50,9,663.6608906722223,3,2,7639.0,7599.0,0
94,2026-08-11,6,10,1,0,,17,6,924.8010807261112,3,2,5940.176470588235,0.0,0
95,2026-08-11,8,11,4,1,,24,8,213.63888935083332,4,3,9582.333333333334,12999.0,0
96,2026-08-11,7,15,3,7,6.0,38,7,77.06118605333333,3,3,7051.631578947368,6999.0,0
97,2026-08-11,7,13,1,0,,21,7,20.41575495527778,3,2,10713.285714285714,0.0,0
98,2026-08-11,4,7,0,0,,11,4,720.6375448858333,2,2,7362.636363636364,0.0,0
99,2026-08-11,8,17,1,0,,26,7,6.6120509513888885,2,2,6845.153846153846,0.0,0
100,2026-08-11,6,8,2,0,,16,6,786.5999464730555,4,3,8999.0,0.0,0
101,2026-08-11,9,19,6,5,1.0,40,9,368.47766920555557,4,3,10099.0,8599.0,0
102,2026-08-11,9,15,5,9,5.0,43,9,313.60944689333337,3,3,5278.069767441861,5221.222222222223,0
103,2026-08-11,7,11,1,0,,19,7,1473.943936622778,3,2,9630.578947368422,0.0,0
104,2026-08-11,6,13,1,0,,20,6,211.50794519416667,2,2,7299.0,0.0,0
105,2026-08-11,8,15,2,2,,27,7,222.36597255527778,3,2,11665.666666666666,12999.0,0
106,2026-08-11,10,17,4,1,1.0,33,9,175.3263089075,3,3,7180.818181818182,8999.0,0
107,2026-08-11,5,13,1,0,,19,5,274.5025482877778,2,2,6788.473684210527,0.0,0
108,2026-08-11,6,12,2,0,,20,7,71.81719283722222,3,2,9799.0,0.0,0
109,2026-08-11,5,13,1,0,,19,5,504.6165947730555,2,2,5209.526315789473,0.0,0
110,2026-08-11,6,13,1,0,,20,6,450.93414911111114,2,2,5399.0,0.0,0
111,2026-08-11,5,11,3,0,,19,5,443.7008178497222,4,3,9735.842105263158,0.0,0
112,2026-08-11,9,15,5,2,,31,9,8.717812539444445,2,2,5515.129032258064,4999.0,0
113,2026-08-11,8,14,3,8,7.0,40,8,447.65130438805556,4,3,9349.0,9499.0,1
114,2026-08-11,7,14,1,0,,22,7,1713.5520261952777,2,1,10999.0,0.0,0
115,2026-08-11,5,8,0,0,,13,5,57.11061735611111,1,1,6999.0,0.0,0
116,2026-08-11,7,13,1,0,,21,7,280.47770618388887,3,3,7094.238095238095,0.0,0
117,2026-08-11,4,6,1,0,,11,4,893.599733,2,2,6453.545454545455,0.0,0
118,2026-08-11,5,10,3,2,,20,5,1506.3035029227779,3,2,7599.0,6999.0,0
119,2026-08-11,8,18,1,0,,27,8,616.3116483441667,3,2,10702.703703703704,0.0,0
120,2026-08-11,4,8,1,0,,13,4,638.7376329044444,3,2,8229.76923076923,0.0,0
121,2026-08-11,7,13,1,0,,21,6,117.975885925,2,2,5570.428571428572,0.0,0
122,2026-08-11,7,12,6,3,,28,7,598.4013094141667,2,2,6713.285714285715,6332.333333333333,0
123,2026-08-11,6,12,1,0,,19,6,539.3961490436111,1,1,6999.0,0.0,0
124,2026-08-11,7,14,0,0,,21,6,907.5074783924999,1,1,6999.0,0.0,0
125,2026-08-11,6,14,4,2,1.0,27,6,251.16703267055559,1,1,6999.0,6999.0,0
126,2026-08-11,5,9,3,0,,17,5,1337.6461019755557,2,2,5351.941176470588,0.0,0
127,2026-08-11,4,8,1,0,,13,4,1551.7478319636111,1,1,4999.0,0.0,0
128,2026-08-11,10,20,8,1,,39,10,799.2654362455555,3,2,11665.666666666666,12999.0,0
129,2026-08-11,8,17,5,1,,31,8,485.11149161500003,3,2,7837.709677419355,8999.0,0
130,2026-08-11,6,11,2,0,,19,6,242.75280413444446,4,3,11314.78947368421,0.0,0
131,2026-08-11,5,10,0,0,,15,6,835.7213816480556,1,1,4999.0,0.0,0
132,2026-08-11,6,10,4,3,2.0,25,6,641.3604312744444,3,3,6679.0,7665.666666666667,0
133,2026-08-11,8,12,4,2,1.0,27,8,126.52869812166666,3,3,6850.851851851852,5999.0,0
134,2026-08-11,3,3,0,0,,6,3,109.13594224388889,1,1,6999.0,0.0,0
135,2026-08-11,5,8,1,0,,14,5,912.5738722744444,3,2,11141.857142857143,0.0,0
136,2026-08-11,7,12,3,0,,22,6,169.53419383972223,2,2,5362.636363636364,0.0,0
137,2026-08-11,8,16,2,8,4.0,38,8,35.37984869638889,2,2,5841.105263157895,5999.0,0
138,2026-08-11,5,12,1,0,,18,5,1387.7504027008333,2,2,6776.777777777777,0.0,0
139,2026-08-11,6,14,0,0,,20,6,591.558978008889,2,2,6799.0,0.0,0
140,2026-08-11,7,11,0,0,,18,7,420.5346599769444,2,2,6776.777777777777,0.0,0
141,2026-08-11,6,11,1,0,,18,5,396.9637381322222,3,3,7221.222222222223,0.0,0
142,2026-08-11,10,23,7,10,6.0,56,10,264.71642846027777,4,3,7070.428571428572,6999.0,1
143,2026-08-11,5,9,4,1,,19,5,499.4067405077777,3,3,7314.789473684211,6999.0,0
144,2026-08-11,9,17,5,5,1.0,37,10,166.31734329583333,2,2,5269.27027027027,5399.0,0
145,2026-08-11,11,19,9,4,,43,11,36.32216557861111,3,2,11138.53488372093,11999.0,0
146,2026-08-11,9,21,5,9,8.0,52,9,178.21750133333333,1,1,4999.0,4999.0,0
147,2026-08-11,4,6,0,0,,10,4,736.8697848969445,3,2,9399.0,0.0,0
148,2026-08-11,7,17,3,0,,27,8,251.97794817,1,1,4999.0,0.0,0
149,2026-08-11,6,13,0,0,,19,5,97.58739271138889,3,2,8367.421052631578,0.0,0
150,2026-08-11,4,10,0,0,,14,4,217.12859925833334,3,3,5427.571428571428,0.0,0
151,2026-08-11,9,15,3,3,,30,9,91.04535692166667,2,1,10465.666666666666,8999.0,0
152,2026-08-11,5,9,0,0,,14,5,279.2275861763889,3,3,5427.571428571428,0.0,0
153,2026-08-11,5,11,0,0,,16,5,552.9385487744445,4,3,10124.0,0.0,0
154,2026-08-11,2,3,1,1,,7,2,1318.369126596111,1,1,6999.0,6999.0,0
155,2026-08-11,5,5,1,0,,11,5,711.2043041041667,2,2,6635.363636363636,0.0,0
156,2026-08-11,8,10,7,3,,28,7,6.698332548888889,3,3,8070.428571428572,8999.0,0
157,2026-08-11,12,22,5,12,9.0,60,11,858.5641312269445,4,3,5799.0,5832.333333333333,0
158,2026-08-11,4,7,1,0,,12,4,231.04154746694445,2,1,12332.333333333334,0.0,0
159,2026-08-11,6,11,0,0,,17,6,732.6925497316666,3,3,5469.588235294118,0.0,0
160,2026-08-11,3,6,0,0,,9,3,624.049125088611,2,2,6554.555555555556,0.0,0
161,2026-08-11,6,11,0,0,,17,6,1181.5406046655557,2,2,6881.35294117647,0.0,0
162,2026-08-11,7,14,2,7,6.0,36,7,4.176480036944445,4,3,7610.111111111111,8141.857142857143,0
163,2026-08-11,3,6,0,1,,10,3,1243.7567176933333,2,1,9799.0,8999.0,0
164,2026-08-11,8,15,4,8,6.0,41,7,1511.0454752233331,3,2,7828.268292682927,8249.0,0
165,2026-08-11,9,21,3,9,7.0,49,10,566.8088288961111,3,2,9896.959183673469,9887.888888888889,1
166,2026-08-11,8,17,6,8,6.0,45,8,2244.153994393611,3,3,7132.333333333333,6999.0,0
167,2026-08-11,8,17,6,1,1.0,33,8,174.88853693694446,3,2,10756.575757575758,8999.0,0
168,2026-08-11,9,22,3,9,5.0,48,9,147.25963732444444,2,2,7499.0,8554.555555555555,0
169,2026-08-11,4,5,0,0,,9,4,385.4070002375,2,1,9887.888888888889,0.0,0
170,2026-08-11,6,10,0,0,,16,6,1439.6254166030556,2,1,11749.0,0.0,0
171,2026-08-11,7,16,3,3,1.0,30,7,1358.7203015758332,4,3,7599.0,6999.0,0
172,2026-08-11,6,12,0,0,,18,6,402.0782525394444,3,2,7443.444444444444,0.0,0
173,2026-08-11,4,8,0,0,,12,4,535.7513310288889,3,3,8665.666666666666,0.0,0
174,2026-08-11,9,19,6,2,,36,8,150.16525536999998,3,2,5887.888888888889,6999.0,0
175,2026-08-11,7,14,2,0,,23,7,1215.579386781111,4,3,9694.652173913044,0.0,0
176,2026-08-11,9,21,5,3,,38,9,94.93996023083334,3,3,6104.263157894737,4999.0,0
177,2026-08-11,6,9,3,0,,18,6,1618.72538805,1,1,4999.0,0.0,0
178,2026-08-11,6,12,1,0,,19,6,10.138167064166666,3,2,9841.105263157895,0.0,0
179,2026-08-11,5,9,0,0,,14,5,221.48628017722223,1,1,6999.0,0.0,0
180,2026-08-11,5,8,0,0,,13,6,425.8146152833333,1,1,4999.0,0.0,0
181,2026-08-11,7,12,1,0,,20,7,580.4031400916666,3,2,9799.0,0.0,0
182,2026-08-11,7,11,2,0,,20,7,435.3560196527778,2,2,7599.0,0.0,0
183,2026-08-11,7,16,0,0,,23,7,301.6408888502778,4,3,7085.95652173913,0.0,0
184,2026-08-11,6,8,1,0,,15,6,495.1261148175,3,3,6599.0,0.0,0
185,2026-08-11,7,13,3,0,,23,7,505.28239501083334,3,2,10390.304347826086,0.0,0
186,2026-08-11,7,13,2,0,,22,7,325.4327016733333,2,2,8362.636363636364,0.0,0
187,2026-08-11,5,9,2,0,,16,5,194.98786851055556,3,2,5749.0,0.0,0
188,2026-08-11,7,9,4,7,7.0,34,7,143.24792590333334,3,3,6351.941176470588,6427.571428571428,0
189,2026-08-11,5,11,2,0,,18,5,432.536070765,2,2,7443.444444444444,0.0,0
190,2026-08-11,5,13,2,0,,20,5,281.3169489675,3,3,6899.0,0.0,0
191,2026-08-11,5,12,3,1,,21,5,642.6784720458334,2,2,8427.57142857143,12999.0,0
192,2026-08-11,3,4,0,0,,7,3,342.5099986541666,2,1,11856.142857142857,0.0,0
193,2026-08-11,6,11,2,0,,19,5,404.17827072861115,3,2,6472.684210526316,0.0,0
194,2026-08-11,6,10,5,3,1.0,25,6,66.35269228083332,1,1,4999.0,4999.0,0
195,2026-08-11,5,8,1,0,,14,4,758.9282752719444,2,2,6141.857142857143,0.0,0
196,2026-08-11,7,16,5,3,,31,7,650.1188908138889,1,1,6999.0,6999.0,0
197,2026-08-11,7,12,4,2,,25,7,382.3004607883333,3,2,10279.0,10999.0,0
198,2026-08-11,4,8,1,0,,13,4,756.2054793613889,2,1,11768.23076923077,0.0,0
199,2026-08-11,8,17,2,1,,28,8,268.9866802313889,3,2,7570.428571428572,6999.0,0
200,2026-08-11,11,27,5,11,9.0,63,11,19.151142449722222,3,2,7856.142857142857,8271.727272727272,1
201,2026-08-11,6,9,1,0,,16,6,1459.0792246963888,4,3,8374.0,0.0,0
202,2026-08-11,5,13,1,0,,19,5,2225.4235514180555,3,2,11209.526315789473,0.0,0
203,2026-08-11,7,14,1,0,,22,6,596.1030551619444,4,3,9180.818181818182,0.0,0
204,2026-08-11,8,16,2,2,,28,8,562.8639410980555,1,1,6999.0,6999.0,0
205,2026-08-11,7,15,4,7,6.0,39,7,831.514299711389,4,3,11255.410256410256,11570.42857142857,0
206,2026-08-11,7,11,5,1,1.0,25,5,54.67887436083333,3,3,6999.0,6999.0,0
207,2026-08-11,5,12,0,0,,17,5,53.93640529194444,2,1,9469.588235294117,0.0,0
208,2026-08-11,6,11,1,0,,18,6,626.9748645738889,4,3,10332.333333333334,0.0,0
209,2026-08-11,9,12,6,0,,27,9,384.26176775361114,2,2,5221.222222222223,0.0,0
210,2026-08-11,5,12,1,0,,18,5,1682.3424390916666,3,3,6110.111111111111,0.0,0
211,2026-08-11,3,7,1,0,,11,3,145.0103445697222,2,1,10453.545454545454,0.0,0
212,2026-08-11,4,8,1,0,,13,4,2751.5620177663886,2,1,10537.461538461539,0.0,0
213,2026-08-11,4,8,0,0,,12,4,35.77652848388889,2,1,10999.0,0.0,0
214,2026-08-11,8,13,1,0,,22,8,123.33143507361112,4,3,8726.272727272728,0.0,0
215,2026-08-11,11,21,5,2,,39,10,1095.782739823889,4,3,11050.28205128205,8999.0,0
216,2026-08-11,11,23,5,11,9.0,59,11,138.93912827083332,3,3,6965.1016949152545,6999.0,0
217,2026-08-11,4,6,0,0,,10,4,857.8007247302778,2,2,5399.0,0.0,0
218,2026-08-11,6,8,0,0,,14,6,879.9475267891667,1,1,4999.0,0.0,0
219,2026-08-11,8,13,2,0,,23,9,330.54578114055556,4,3,9694.652173913044,0.0,0
220,2026-08-11,7,15,2,0,,24,7,400.61427970611106,3,2,9165.666666666666,0.0,0
221,2026-08-11,8,17,3,2,1.0,31,8,153.3492605411111,4,3,9063.516129032258,10999.0,0
222,2026-08-11,5,11,0,0,,16,5,854.4059717730555,3,2,7499.0,0.0,0
223,2026-08-11,6,10,4,3,,23,6,206.62395261194445,3,3,6825.086956521739,6999.0,0
224,2026-08-11,8,12,4,8,7.0,39,8,9.555877684166667,2,2,7050.282051282052,6999.0,0
225,2026-08-11,4,9,1,0,,14,4,1166.4389487536112,1,1,6999.0,0.0,0
226,2026-08-11,1,1,0,0,,2,1,3097.9644752019444,1,1,8999.0,0.0,0
227,2026-08-11,5,8,4,0,,17,5,959.4897745572222,3,3,5822.529411764706,0.0,0
228,2026-08-11,8,13,5,3,1.0,30,8,145.16694355722223,3,3,7132.333333333333,6999.0,0
229,2026-08-11,7,11,0,0,,18,6,269.387122645,2,2,6776.777777777777,0.0,0
230,2026-08-11,6,13,1,0,,20,6,768.0716855163889,3,3,6399.0,0.0,0
231,2026-08-11,8,17,2,1,,28,8,315.65426167694443,3,3,5713.285714285715,4999.0,0
232,2026-08-11,4,7,0,0,,11,4,62.60967630444445,1,1,6999.0,0.0,0
233,2026-08-11,4,5,0,0,,9,4,179.76073550249998,2,1,12110.111111111111,0.0,0
234,2026-08-11,3,6,2,0,,11,3,1013.33977651,3,2,9908.09090909091,0.0,0
235,2026-08-11,6,13,5,3,,27,6,210.7699588897222,2,1,10036.037037037036,10332.333333333334,0
236,2026-08-11,9,17,4,4,1.0,35,9,140.76881372583333,3,2,10199.0,10499.0,0
237,2026-08-11,7,11,3,0,,21,7,358.36356402166666,2,2,5379.952380952381,0.0,0
238,2026-08-11,6,10,0,0,,16,6,1221.9553663830554,2,2,5249.0,0.0,0
239,2026-08-11,6,12,2,0,,20,6,254.45392840444444,3,2,11299.0,0.0,0
240,2026-08-11,8,18,5,4,1.0,36,9,580.3699488669445,4,3,6665.666666666667,6999.0,0
241,2026-08-11,6,10,1,0,,17,6,873.9937438327778,1,1,4999.0,0.0,0
242,2026-08-11,4,11,2,3,,20,4,732.9876794141667,2,2,6799.0,6999.0,0
243,2026-08-11,6,7,1,0,,14,6,1594.2691445052778,3,2,7284.714285714285,0.0,0
244,2026-08-11,7,13,1,0,,21,7,186.90183896055555,4,3,9665.666666666666,0.0,0
245,2026-08-11,7,16,6,1,,30,7,751.8383255627778,2,2,5665.666666666667,4999.0,0
246,2026-08-11,5,11,1,0,,17,5,874.6927622272221,4,3,8410.764705882353,0.0,0
247,2026-08-11,4,6,0,0,,10,4,640.0696858508334,3,2,9399.0,0.0,0
248,2026-08-11,7,18,6,1,1.0,33,8,345.4997961747222,2,1,11665.666666666666,8999.0,0
249,2026-08-11,3,4,0,0,,7,3,15.205936181111111,2,2,5570.428571428572,0.0,0
250,2026-08-11,3,8,1,0,,12,3,218.98360589166666,3,2,10165.666666666666,0.0,0
251,2026-08-11,5,12,0,0,,17,5,146.09018140916666,2,2,5116.64705882353,0.0,0
252,2026-08-11,6,12,1,0,,19,6,26.484257300833335,3,2,7946.368421052632,0.0,0
253,2026-08-11,5,11,1,0,,17,5,300.3634639330556,4,3,10057.823529411764,0.0,0
254,2026-08-11,5,14,1,2,,22,5,553.2475908388889,3,3,7180.818181818182,7999.0,0
255,2026-08-11,5,10,4,0,,19,5,794.393649978611,1,1,6999.0,0.0,0
256,2026-08-11,5,10,2,0,,17,5,1512.4782929358335,3,2,6410.764705882353,0.0,0
257,2026-08-11,3,9,1,0,,13,4,949.6099408263889,2,1,11460.538461538461,0.0,0
258,2026-08-11,8,12,0,0,,20,8,756.2172609938889,2,2,7599.0,0.0,0
259,2026-08-11,9,15,6,9,6.0,45,8,140.24754460972224,3,3,6999.0,6999.0,0
260,2026-08-11,7,16,0,0,,23,7,244.53136185833333,3,2,10477.260869565218,0.0,0
261,2026-08-11,4,8,1,0,,13,4,2566.3530906969445,2,1,10229.76923076923,0.0,0
262,2026-08-11,3,6,1,0,,10,3,1282.5490742097222,3,2,8599.0,0.0,0
263,2026-08-11,7,13,2,3,,25,7,755.1533151888889,1,1,6999.0,6999.0,0
264,2026-08-11,3,4,0,0,,7,3,261.4218641252778,3,2,10141.857142857143,0.0,0
265,2026-08-11,5,12,2,0,,19,5,1009.5875897272222,2,2,7630.578947368421,0.0,0
266,2026-08-11,7,10,3,3,,23,7,268.5376075738889,2,2,7172.913043478261,6999.0,0
267,2026-08-11,4,11,1,0,,16,4,1249.9462386430557,2,2,5374.0,0.0,0
268,2026-08-11,10,22,4,10,5.0,51,9,130.10259846888889,4,3,7234.294117647059,7199.0,1
269,2026-08-11,8,15,1,0,,24,8,214.1030769411111,4,3,10665.666666666666,0.0,0
270,2026-08-11,7,20,0,0,,27,7,319.89253777500005,3,3,7147.148148148148,0.0,0
271,2026-08-11,2,4,0,0,,6,2,2747.962153636111,3,2,9665.666666666666,0.0,0
272,2026-08-11,7,13,4,3,,27,7,1778.7225343597222,1,1,4999.0,4999.0,0
273,2026-08-11,7,13,3,0,,23,7,275.5947339091667,4,3,5955.521739130435,0.0,0
274,2026-08-11,4,8,0,0,,12,5,1588.1029990166667,3,3,6165.666666666667,0.0,0
275,2026-08-11,7,13,2,0,,22,7,173.96879733611112,3,3,6271.727272727273,0.0,0
276,2026-08-11,8,13,3,2,,26,8,223.23884643777777,3,2,7383.615384615385,6999.0,0
277,2026-08-11,4,8,0,0,,12,4,109.95101507944445,1,1,4999.0,0.0,0
278,2026-08-11,6,12,0,0,,18,6,94.45023502305555,2,2,7110.111111111111,0.0,0
279,2026-08-11,6,10,0,0,,16,7,370.8957250938889,2,1,10499.0,0.0,0
280,2026-08-11,6,15,4,0,,25,5,2353.8118483944445,4,3,5879.0,0.0,0
281,2026-08-11,6,14,5,3,1.0,29,6,110.21999988277777,3,2,10516.241379310344,11665.666666666666,0
282,2026-08-11,6,12,1,0,,19,6,546.6063350177777,3,2,10367.421052631578,0.0,0
283,2026-08-11,8,14,4,8,6.0,40,8,601.8500435002778,3,3,7399.0,7499.0,0
284,2026-08-11,7,17,2,0,,26,7,378.24568229,4,3,5691.307692307692,0.0,0
285,2026-08-11,7,12,5,7,6.0,37,7,387.2199091244444,3,2,10404.405405405405,10141.857142857143,0
286,2026-08-11,7,14,0,0,,21,7,101.57875905055556,1,1,6999.0,0.0,0
287,2026-08-11,4,5,2,0,,11,4,215.38888451916668,2,2,6453.545454545455,0.0,0
288,2026-08-11,10,20,4,10,6.0,50,9,311.0687036877778,2,1,11479.0,11399.0,1
289,2026-08-11,5,9,2,0,,16,5,234.00577468305553,3,3,6499.0,0.0,0
290,2026-08-11,5,10,1,0,,16,5,26.9234626525,3,2,7874.0,0.0,0
291,2026-08-11,7,14,1,0,,22,7,166.32744323694445,4,3,8635.363636363636,0.0,0
292,2026-08-11,7,18,4,1,,30,6,1026.085408476111,2,2,5532.333333333333,4999.0,0
293,2026-08-11,5,11,5,1,1.0,23,5,1816.1070735430555,2,1,11955.521739130434,12999.0,0
294,2026-08-11,7,12,3,0,,22,7,353.10281663583334,3,3,7544.454545454545,0.0,0
295,2026-08-11,6,11,0,0,,17,6,883.7178282627777,2,1,11822.529411764706,0.0,0
296,2026-08-11,4,9,0,0,,13,4,713.8079194772223,2,2,5306.692307692308,0.0,0
297,2026-08-11,6,13,1,0,,20,6,572.5461014361111,4,3,10699.0,0.0,0
298,2026-08-11,6,15,0,0,,21,6,704.49065187,3,2,7379.952380952381,0.0,0
299,2026-08-11,13,20,6,13,10.0,62,13,231.02424639861113,3,2,7999.0,8075.923076923077,0
300,2026-08-11,8,18,1,0,,27,8,0.07195453416666667,3,3,6999.0,0.0,0
301,2026-08-11,5,9,2,0,,16,5,1616.2507344175,4,3,10624.0,0.0,0
302,2026-08-11,4,7,2,0,,13,4,1528.8097777302778,1,1,6999.0,0.0,0
303,2026-08-11,5,8,0,0,,13,5,607.1137187236111,3,2,9922.076923076924,0.0,0
304,2026-08-11,4,7,1,0,,12,4,1875.3336729044445,3,3,5499.0,0.0,0
305,2026-08-11,5,11,0,0,,16,5,355.3605918613889,2,2,5499.0,0.0,0
306,2026-08-11,6,10,0,0,,16,6,452.5843058422222,2,2,6999.0,0.0,0
307,2026-08-11,3,4,0,0,,7,3,1147.2067499002778,2,1,10141.857142857143,0.0,0
308,2026-08-11,8,16,0,0,,24,8,1449.663946396389,2,2,7499.0,0.0,0
309,2026-08-11,4,10,3,1,,18,4,173.3928505247222,3,2,8110.111111111111,8999.0,0
310,2026-08-11,8,12,5,8,8.0,41,8,169.81464733500002,4,3,10364.853658536585,10249.0,0
311,2026-08-11,4,7,2,0,,13,4,1105.1787067661112,1,1,4999.0,0.0,0
312,2026-08-11,5,11,0,0,,16,5,228.05225621111111,3,3,6249.0,0.0,0
313,2026-08-11,8,17,5,2,,32,8,164.23405511833332,3,2,5499.0,4999.0,0
314,2026-08-11,6,11,0,0,,17,6,6.404412248333333,1,1,4999.0,0.0,0
315,2026-08-11,5,8,0,0,,13,6,261.1651153325,2,2,7460.538461538462,0.0,0
316,2026-08-11,4,9,0,0,,13,4,406.1919863058333,3,2,11306.692307692309,0.0,0
317,2026-08-11,9,17,3,9,6.0,44,9,27.610717723888886,3,2,11180.818181818182,11221.222222222223,1
318,2026-08-11,5,8,0,0,,13,5,474.33938403138893,2,2,7306.692307692308,0.0,0
319,2026-08-11,7,17,3,0,,27,8,1130.7505198794445,4,3,7887.888888888889,0.0,0
320,2026-08-11,7,16,3,7,5.0,38,7,360.8347968047222,1,1,4999.0,4999.0,0
321,2026-08-11,5,10,1,0,,16,5,4.183201777777778,3,2,5749.0,0.0,0
322,2026-08-11,4,10,2,0,,16,4,883.9333558783334,2,1,12249.0,0.0,0
323,2026-08-11,8,16,2,8,5.0,39,8,512.3369274258333,2,2,7614.384615384615,7749.0,1
324,2026-08-11,6,10,1,1,1.0,19,6,139.15615580722223,2,2,5104.263157894737,4999.0,0
325,2026-08-11,6,14,1,0,,21,6,155.51498480583334,2,2,5094.238095238095,0.0,0
326,2026-08-11,4,7,2,0,,13,3,164.1008328325,1,1,4999.0,0.0,0
327,2026-08-11,10,23,3,3,,39,10,167.46448094444443,3,3,5409.25641025641,5665.666666666667,0
328,2026-08-11,6,12,3,2,,23,7,101.36574642527778,3,2,5868.565217391304,4999.0,0
329,2026-08-11,6,9,4,2,1.0,22,6,58.974985070277775,3,3,6999.0,6999.0,0
330,2026-08-11,5,12,0,0,,17,5,114.47837027888889,2,2,5469.588235294118,0.0,0
331,2026-08-11,3,7,0,0,,10,3,13.083909408611111,2,2,7199.0,0.0,0
332,2026-08-11,8,17,6,1,1.0,33,8,134.18469292444445,3,3,5544.454545454545,4999.0,0
333,2026-08-11,6,12,3,2,1.0,24,6,139.54454644416666,4,3,10415.666666666666,10999.0,0
334,2026-08-11,6,11,1,0,,18,6,455.2295720402778,3,3,6887.888888888889,0.0,0
335,2026-08-11,6,13,3,2,,24,6,1666.5383554369444,1,1,6999.0,6999.0,0
336,2026-08-11,6,16,0,0,,22,6,332.2484243277778,4,3,7362.636363636364,0.0,0
337,2026-08-11,4,8,1,0,,13,4,729.5339217038888,3,3,7152.846153846154,0.0,0
338,2026-08-11,5,11,1,0,,17,5,158.1399209347222,2,2,8057.823529411765,0.0,0
339,2026-08-11,8,18,4,1,,31,7,59.19678533916667,2,2,5257.064516129032,4999.0,0
340,2026-08-11,11,21,3,3,,38,11,422.67291270972225,3,3,5314.789473684211,4999.0,0
341,2026-08-11,11,22,8,11,8.0,60,11,66.91851468499999,2,2,5332.333333333333,5362.636363636364,1
342,2026-08-11,5,12,1,0,,18,5,603.1829291486112,4,3,6443.444444444444,0.0,0
343,2026-08-11,6,10,5,1,,22,6,13.514250857222223,3,2,8544.454545454546,8999.0,0
344,2026-08-11,7,15,5,3,1.0,31,7,1.8896976952777778,4,3,10999.0,11665.666666666666,0
345,2026-08-11,7,14,5,3,1.0,30,7,1012.8676451025001,2,2,5065.666666666667,4999.0,0
346,2026-08-11,8,17,3,4,1.0,33,6,325.8531330919444,4,3,9665.666666666666,9999.0,0
347,2026-08-11,6,15,1,2,,24,6,671.7302276072222,3,3,5415.666666666667,4999.0,0
348,2026-08-11,9,20,5,3,,37,8,274.4776002019445,4,3,6999.0,6332.333333333333,0
349,2026-08-11,5,7,0,0,,12,5,22.972396803055556,2,1,10665.666666666666,0.0,0
350,2026-08-11,4,8,1,0,,13,4,59.499958426666666,1,1,4999.0,0.0,0
351,2026-08-11,4,7,0,0,,11,4,623.4629511147223,1,1,4999.0,0.0,0
352,2026-08-11,7,13,0,0,,20,8,9.254239462500001,4,3,10299.0,0.0,0
353,2026-08-11,7,11,6,2,,26,6,757.6751958611111,3,3,7460.538461538462,6999.0,0
354,2026-08-11,7,13,6,2,1.0,29,7,558.4006670744444,2,1,11205.896551724138,10999.0,0
355,2026-08-11,2,5,0,0,,7,2,1857.0486710625,2,1,12427.57142857143,0.0,0
356,2026-08-11,5,11,0,0,,16,5,2032.4249945669446,3,3,7124.0,0.0,0
357,2026-08-11,6,12,0,0,,18,6,681.2219285375,3,2,10776.777777777777,0.0,0
358,2026-08-11,10,20,8,3,,41,10,920.7360635677778,4,3,5730.707317073171,4999.0,0
359,2026-08-11,11,26,7,11,7.0,62,10,1082.3388581808333,4,3,5579.645161290323,5362.636363636364,0
360,2026-08-11,9,19,4,9,5.0,46,8,739.3551625188888,3,2,9868.565217391304,10110.111111111111,0
361,2026-08-11,9,19,4,9,6.0,47,9,239.5363651663889,3,2,10190.489361702128,10332.333333333334,0
362,2026-08-11,6,14,4,3,,27,6,289.1807586525,3,3,7295.2962962962965,6999.0,0
363,2026-08-11,12,19,5,12,10.0,58,12,618.4958385463889,1,1,4999.0,4999.0,0
364,2026-08-11,5,7,0,0,,12,5,1266.7848556958334,3,3,6665.666666666667,0.0,0
365,2026-08-11,7,13,0,0,,20,7,53.15413075972222,2,1,11799.0,0.0,0
366,2026-08-11,6,12,2,0,,20,6,243.13006348,2,2,5299.0,0.0,0
367,2026-08-11,9,19,8,4,,40,9,351.94610799,4,3,7349.0,6999.0,0
368,2026-08-11,8,17,0,0,,25,8,90.09956128777777,4,3,9239.0,0.0,0
369,2026-08-11,5,10,2,2,,19,5,268.1313715011111,2,2,7104.263157894737,6999.0,0
370,2026-08-11,7,15,1,0,,23,7,280.52203019527775,2,2,5172.913043478261,0.0,0
371,2026-08-11,3,8,1,0,,12,3,908.304887563611,3,2,9999.0,0.0,0
372,2026-08-11,12,19,5,12,10.0,58,10,440.35630888055556,2,2,5412.793103448276,5332.333333333333,0
373,2026-08-11,6,9,2,0,,17,6,968.9541524133333,3,2,7587.235294117647,0.0,0
374,2026-08-11,5,7,3,0,,15,5,443.3334892869444,3,2,10065.666666666666,0.0,0
375,2026-08-11,4,6,0,0,,10,4,501.1305933997222,2,1,10999.0,0.0,0
376,2026-08-11,6,16,4,1,,27,6,1279.3013629308332,2,2,6036.037037037037,8999.0,0
377,2026-08-11,13,27,5,13,11.0,69,13,42.59166146055556,3,2,7114.942028985507,6999.0,0
378,2026-08-11,6,13,2,0,,21,6,246.16057560250002,3,2,5951.380952380952,0.0,0
379,2026-08-11,7,15,2,0,,24,7,851.6519038408334,3,2,10665.666666666666,0.0,0
380,2026-08-11,12,27,8,12,8.0,67,13,91.7847890875,2,2,5297.507462686567,5332.333333333333,0
381,2026-08-11,4,6,0,0,,10,4,507.6451110591667,2,2,5599.0,0.0,0
382,2026-08-11,6,12,0,0,,18,6,503.51581843111114,4,3,10887.888888888889,0.0,0
383,2026-08-11,6,8,1,0,,15,6,104.85711977194445,3,2,11132.333333333334,0.0,0
384,2026-08-11,3,8,1,0,,12,3,1248.4376203730556,3,2,8665.666666666666,0.0,0
385,2026-08-11,8,12,1,0,,21,8,315.8596349411111,4,3,10332.333333333334,0.0,0
386,2026-08-11,7,12,1,0,,20,8,95.67784084472221,3,2,11399.0,0.0,0
387,2026-08-11,7,13,2,7,5.0,34,7,160.24398802944444,2,1,10646.058823529413,10713.285714285714,0
388,2026-08-11,6,12,4,1,,23,6,940.0075836625001,3,2,8042.478260869565,6999.0,0
389,2026-08-11,7,15,3,3,,28,5,416.25377013222226,3,3,6856.142857142857,6332.333333333333,0
390,2026-08-11,10,20,6,0,,36,10,184.1835620463889,3,2,11221.222222222223,0.0,0
391,2026-08-11,5,10,0,0,,15,5,584.3642568627778,3,2,8465.666666666666,0.0,0
392,2026-08-11,6,16,1,0,,23,6,1018.8398335325,3,2,9781.608695652174,0.0,0
393,2026-08-11,8,15,2,0,,25,8,49.746197609444444,4,3,10919.0,0.0,0
394,2026-08-11,3,5,1,0,,9,3,774.6076646977779,2,2,7665.666666666667,0.0,0
395,2026-08-11,5,13,2,0,,20,5,1352.6608749005557,3,2,10799.0,0.0,0
396,2026-08-11,6,8,1,0,,15,6,642.1737214219445,2,2,5265.666666666667,0.0,0
397,2026-08-11,9,18,5,1,,33,9,382.91819433694445,2,2,5726.272727272727,12999.0,0
398,2026-08-11,9,20,6,3,,38,9,22.73420394472222,3,2,11525.315789473685,11665.666666666666,0
399,2026-08-11,4,10,0,0,,14,4,636.5472931738889,2,2,7141.857142857143,0.0,0
400,2026-08-11,6,12,0,0,,18,6,749.5373683369444,2,2,5443.444444444444,0.0,0
401,2026-08-11,5,14,0,0,,19,5,277.3980181011111,3,2,10472.684210526315,0.0,0
402,2026-08-11,8,14,5,3,,30,8,394.2054487025,3,2,10065.666666666666,8999.0,0
403,2026-08-11,7,16,1,0,,24,7,155.12088814444445,3,2,7582.333333333333,0.0,0
404,2026-08-11,7,13,7,7,3.0,37,7,860.880660355,3,3,7593.594594594595,7570.428571428572,0
405,2026-08-11,6,13,2,1,1.0,23,6,19.163155323055555,3,3,7433.782608695652,6999.0,0
406,2026-08-11,5,10,1,0,,16,6,1148.655097858889,2,2,7749.0,0.0,0
407,2026-08-11,5,11,2,0,,18,5,86.70946689916666,4,3,6554.555555555556,0.0,0
408,2026-08-11,3,7,0,0,,10,3,94.23086083861112,3,3,7399.0,0.0,0
409,2026-08-11,7,16,4,2,,29,6,368.1095547663889,4,3,10654.172413793103,10999.0,0
410,2026-08-11,7,13,2,0,,22,7,903.3535144294444,2,2,5453.545454545455,0.0,0
411,2026-08-11,6,13,2,2,,23,6,14.86527046138889,2,2,6912.04347826087,6999.0,0
412,2026-08-11,8,18,1,0,,27,8,318.64147837555555,3,3,6406.407407407408,0.0,0
413,2026-08-11,4,7,0,0,,11,4,402.18967579694447,2,2,8089.909090909091,0.0,0
414,2026-08-11,5,10,2,1,,18,5,86.64864856638889,3,3,5887.888888888889,4999.0,0
415,2026-08-11,4,6,1,0,,11,4,2363.658482872778,2,2,5726.272727272727,0.0,0
416,2026-08-11,5,12,0,0,,17,5,204.18441659944446,4,3,6057.823529411765,0.0,0
417,2026-08-11,6,13,2,0,,21,7,1112.2985439744443,3,3,7379.952380952381,0.0,0
418,2026-08-11,6,12,0,0,,18,6,93.36520737305555,4,3,7999.0,0.0,0
419,2026-08-11,4,9,2,0,,15,4,1091.668988605,3,2,9532.333333333334,0.0,0
420,2026-08-11,6,13,0,0,,19,6,255.82729578250002,2,1,10893.736842105263,0.0,0
421,2026-08-11,6,12,1,0,,19,6,800.3360463202779,2,2,5209.526315789473,0.0,0
422,2026-08-11,6,15,0,0,,21,7,582.7167403316668,2,2,7570.428571428572,0.0,0
423,2026-08-11,5,8,5,3,2.0,23,5,144.14638279416667,3,3,7346.826086956522,6332.333333333333,0
424,2026-08-11,7,16,3,0,,26,7,69.68844983416668,4,3,5537.461538461538,0.0,0
425,2026-08-11,7,12,5,1,1.0,26,7,176.25878088583332,2,2,5152.846153846154,4999.0,0
426,2026-08-11,4,8,3,4,3.0,22,4,1348.9439360327779,2,2,6544.454545454545,6499.0,0
427,2026-08-11,6,9,1,0,,16,6,1013.5609959997222,1,1,4999.0,0.0,0
428,2026-08-11,8,16,2,3,,29,8,391.47631172555555,4,3,10654.172413793103,11665.666666666666,0
429,2026-08-11,6,14,4,0,,24,5,735.9263181777778,2,1,11332.333333333334,0.0,0
430,2026-08-11,5,13,0,0,,18,5,262.96895459083333,2,1,11443.444444444445,0.0,0
431,2026-08-11,4,8,3,1,,16,4,652.6799067408333,2,1,10999.0,8999.0,0
432,2026-08-11,6,12,3,1,,22,6,30.16172128666667,2,1,9362.636363636364,8999.0,0
433,2026-08-11,9,19,5,9,8.0,50,8,235.43163895277777,3,2,5879.0,5887.888888888889,1
434,2026-08-11,5,11,2,0,,18,5,30.9522079225,3,2,10999.0,0.0,0
435,2026-08-11,5,13,1,0,,19,5,1107.4362969544445,3,2,6051.631578947368,0.0,0
436,2026-08-11,6,13,1,0,,20,6,229.2109457063889,2,2,6799.0,0.0,0
437,2026-08-11,6,13,5,4,1.0,29,6,106.76609117055555,2,2,6102.448275862069,6999.0,0
438,2026-08-11,8,18,6,1,,33,8,210.03062771416668,2,2,6756.575757575758,6999.0,0
439,2026-08-11,4,8,1,0,,13,4,1662.201563442222,3,3,5922.076923076923,0.0,0
440,2026-08-11,9,21,4,9,6.0,49,11,347.9698969905556,2,2,6958.183673469388,6999.0,0
441,2026-08-11,6,10,1,0,,17,6,633.6257696411111,2,2,5940.176470588235,0.0,0
442,2026-08-11,5,11,0,0,,16,5,2435.3731947491665,3,3,5374.0,0.0,0
443,2026-08-11,5,14,1,0,,20,6,575.2315985486111,4,3,11199.0,0.0,0
444,2026-08-11,4,8,0,0,,12,4,1604.700875740278,1,1,4999.0,0.0,0
445,2026-08-11,6,12,2,6,4.0,30,6,1344.1625548391667,4,3,6665.666666666667,6999.0,1
446,2026-08-11,9,20,5,5,1.0,40,9,1263.7767735319444,3,2,11399.0,12199.0,0
447,2026-08-11,5,10,0,0,,15,5,678.1593092958333,2,2,5265.666666666667,0.0,0
448,2026-08-11,5,7,3,1,,16,5,86.170888835,2,1,11249.0,12999.0,0
449,2026-08-11,10,20,3,10,8.0,51,10,406.3902377463889,3,3,5430.3725490196075,5599.0,1
450,2026-08-11,6,12,2,0,,20,6,184.73280769138887,2,2,5799.0,0.0,0
451,2026-08-11,8,12,2,0,,22,8,570.0493608966666,1,1,6999.0,0.0,0
452,2026-08-11,5,11,2,1,,19,5,334.4296134808334,3,2,11104.263157894737,8999.0,0
453,2026-08-11,6,11,2,2,,21,6,574.4952118697222,2,2,5189.476190476191,4999.0,0
454,2026-08-11,5,7,1,0,,13,5,401.69971339250003,2,1,10537.461538461539,0.0,0
455,2026-08-11,6,9,2,0,,17,6,571.1483324036111,1,1,6999.0,0.0,0
456,2026-08-11,7,12,4,1,,24,8,317.7572553783333,2,2,5332.333333333333,4999.0,0
457,2026-08-11,4,10,0,0,,14,4,121.52624651277777,3,2,7999.0,0.0,0
458,2026-08-11,4,7,1,0,,12,4,1118.1391051794444,2,1,11332.333333333334,0.0,0
459,2026-08-11,6,10,1,0,,17,6,1211.5690030624999,4,3,10410.764705882353,0.0,0
460,2026-08-11,3,5,0,0,,8,3,800.3021447630555,2,1,11499.0,0.0,0
461,2026-08-11,5,10,1,0,,16,5,474.68175335722225,2,2,5999.0,0.0,0
462,2026-08-11,6,12,0,0,,18,6,655.9197765847222,3,3,6999.0,0.0,0
463,2026-08-11,6,10,0,0,,16,6,738.3311120133334,3,2,11624.0,0.0,0
464,2026-08-11,8,13,4,1,,26,8,81.4381497611111,3,2,8306.692307692309,6999.0,0
465,2026-08-11,8,20,5,2,,35,8,308.0844782363889,3,3,5570.428571428572,5999.0,0
466,2026-08-11,9,18,4,1,,32,9,215.41581849305555,3,3,5936.5,6999.0,0
467,2026-08-11,5,12,0,0,,17,7,1831.183227853611,2,2,6763.705882352941,0.0,0
468,2026-08-11,3,6,0,0,,9,3,881.0795103708334,2,1,10776.777777777777,0.0,0
469,2026-08-11,6,12,1,0,,19,6,867.6155928347222,2,1,9841.105263157895,0.0,0
470,2026-08-11,9,22,2,9,3.0,45,9,151.03214982972221,4,3,8243.444444444445,8332.333333333334,0
471,2026-08-11,9,20,4,9,7.0,49,10,47.83405163138889,1,1,6999.0,6999.0,0
472,2026-08-11,2,4,0,0,,6,2,2811.3726632088888,1,1,6999.0,0.0,0
473,2026-08-11,7,10,1,0,,18,7,452.5403771375,4,3,7554.555555555556,0.0,0
474,2026-08-11,7,16,1,0,,24,7,148.98393926694445,4,3,10082.333333333334,0.0,0
475,2026-08-11,6,14,0,0,,20,6,246.12958826666664,3,2,10799.0,0.0,0
476,2026-08-11,5,12,4,1,,22,5,1040.7820024908333,4,3,7453.545454545455,6999.0,0
477,2026-08-11,6,13,2,3,2.0,26,6,93.13688601305556,4,3,7229.7692307692305,6999.0,0
478,2026-08-11,6,12,1,0,,19,6,1121.0183430897223,3,3,8051.631578947368,0.0,0
479,2026-08-11,6,12,0,0,,18,6,1803.0812450402777,3,2,10554.555555555555,0.0,0
480,2026-08-11,5,12,1,0,,18,5,1420.152602363611,1,1,4999.0,0.0,0
481,2026-08-11,8,20,4,1,,33,8,1134.3991953980556,3,3,5302.030303030303,4999.0,0
482,2026-08-11,7,14,0,0,,21,7,781.0354418205555,2,2,7570.428571428572,0.0,0
483,2026-08-11,7,12,6,2,,27,7,219.77441136805555,2,2,5443.444444444444,4999.0,0
484,2026-08-11,5,11,1,0,,17,5,177.77953240777777,4,3,8999.0,0.0,0
485,2026-08-11,7,16,1,0,,24,8,632.2402427477778,4,3,7832.333333333333,0.0,0
486,2026-08-11,4,7,1,0,,12,4,630.4569296525,4,3,7832.333333333333,0.0,0
487,2026-08-11,2,4,0,0,,6,2,2083.116356882778,2,1,9665.666666666666,0.0,0
488,2026-08-11,4,7,0,0,,11,4,149.46574795194445,1,1,4999.0,0.0,0
489,2026-08-11,8,15,2,3,,28,9,271.96590309833334,4,3,7356.142857142857,6999.0,0
490,2026-08-11,5,10,0,0,,15,5,262.8231556447222,3,2,10465.666666666666,0.0,0
491,2026-08-11,12,25,6,12,10.0,65,13,105.46546220777778,3,3,5306.692307692308,5165.666666666667,0
492,2026-08-11,6,12,1,0,,19,6,1678.798321943889,4,3,8788.473684210527,0.0,0
493,2026-08-11,9,22,7,1,,39,9,43.35859971194445,2,2,6896.4358974358975,6999.0,0
494,2026-08-11,8,12,4,0,,24,9,879.1439159075,3,2,9499.0,0.0,0
495,2026-08-11,5,11,0,0,,16,5,279.6062675041667,2,1,10749.0,0.0,0
496,2026-08-11,6,11,0,0,,17,6,735.9180972758334,1,1,4999.0,0.0,0
497,2026-08-11,6,12,1,0,,19,6,745.9316626155555,2,1,11946.368421052632,0.0,0
498,2026-08-11,7,13,0,0,,20,7,207.29397765166667,1,1,4999.0,0.0,0
499,2026-08-11,4,9,1,0,,14,5,23.619341173888888,1,1,6999.0,0.0,0
500,2026-08-11,5,11,1,0,,17,5,144.9986843738889,2,2,6410.764705882353,0.0,0
5,2026-08-18,8,15,4,0,,27,8,25.159711874722223,4,3,6999.0,0.0,0
6,2026-08-18,6,12,1,0,,19,6,1525.3838033966665,2,2,7314.789473684211,0.0,0
7,2026-08-18,9,17,2,9,8.0,45,9,210.71240938305553,4,3,5710.111111111111,5665.666666666667,0
8,2026-08-18,8,18,6,0,,32,8,353.5396539791667,4,3,10249.0,0.0,0
9,2026-08-18,5,9,1,0,,15,6,1462.2942987588888,2,1,10599.0,0.0,0
10,2026-08-18,7,15,0,0,,22,7,82.3938995311111,1,1,6999.0,0.0,0
11,2026-08-18,3,5,0,0,,8,3,1260.8436182416667,2,2,6499.0,0.0,0
12,2026-08-18,5,14,0,0,,19,5,289.56518075444444,2,2,5841.105263157895,0.0,0
13,2026-08-18,6,11,5,0,,22,6,587.7590615025,2,2,7271.727272727273,0.0,0
14,2026-08-18,7,16,1,0,,24,7,309.4177341372222,2,2,5165.666666666667,0.0,0
15,2026-08-18,9,16,3,9,6.0,43,9,173.49565330416667,4,3,6161.790697674419,6110.111111111111,0
16,2026-08-18,6,12,2,0,,20,6,188.0121363247222,3,3,5899.0,0.0,0
17,2026-08-18,5,9,2,0,,16,4,34.40178349277778,2,2,6624.0,0.0,0
18,2026-08-18,5,11,0,0,,16,5,233.19174789527779,3,2,10499.0,0.0,0
19,2026-08-18,7,12,6,1,,26,6,140.0760609661111,3,2,6383.615384615385,4999.0,0
20,2026-08-18,9,15,5,1,,30,9,1201.1892848394443,4,3,10799.0,12999.0,0
21,2026-08-18,4,11,0,0,,15,4,408.92385085027774,3,2,10332.333333333334,0.0,0
22,2026-08-18,7,13,3,7,6.0,36,7,151.1354305775,3,2,11165.666666666666,11284.714285714286,1
23,2026-08-18,7,13,3,0,,23,7,1006.1348652969444,2,2,6477.260869565217,0.0,0
24,2026-08-18,6,12,0,0,,18,4,153.9722726472222,3,2,10554.555555555555,0.0,0
25,2026-08-18,5,6,1,0,,12,5,2494.6713998377777,2,2,6665.666666666667,0.0,0
26,2026-08-18,8,18,6,2,,34,8,286.77443059,2,2,5351.941176470588,4999.0,0
27,2026-08-18,4,6,0,0,,10,4,448.99251380666664,3,3,7799.0,0.0,0
28,2026-08-18,8,19,1,0,,28,7,630.8020068619444,3,3,7141.857142857143,0.0,0
29,2026-08-18,7,15,4,3,,29,7,31.302174461944443,2,2,6723.137931034483,6332.333333333333,0
30,2026-08-18,6,12,2,0,,20,6,96.72724615777778,4,3,7499.0,0.0,0
31,2026-08-18,6,11,2,3,,22,6,1050.3424425677779,3,2,10362.636363636364,10332.333333333334,0
32,2026-08-18,6,8,4,1,1.0,20,5,122.2723966225,3,2,9099.0,8999.0,0
33,2026-08-18,6,11,5,3,,25,6,648.5899101608334,3,2,10119.0,9665.666666666666,0
34,2026-08-18,3,5,1,0,,9,3,710.5483106375001,3,3,6554.555555555556,0.0,0
35,2026-08-18,5,9,2,0,,16,5,898.9032488380557,4,3,7749.0,0.0,0
36,2026-08-18,9,20,7,3,,39,8,504.2495458822222,4,3,7511.820512820513,7665.666666666667,0
37,2026-08-18,5,9,3,0,,17,4,59.379163488611105,1,1,4999.0,0.0,0
38,2026-08-18,9,17,5,3,,34,9,182.9780809277778,4,3,10940.176470588236,11665.666666666666,0
39,2026-08-18,7,13,3,3,1.0,27,7,898.5407253822223,2,2,5295.2962962962965,4999.0,0
40,2026-08-18,6,17,5,2,,30,6,75.90960809916668,3,2,10865.666666666666,7999.0,0
41,2026-08-18,5,12,0,0,,17,5,83.19834481944444,3,2,9351.941176470587,0.0,0
42,2026-08-18,4,11,2,0,,17,4,549.4911234736112,2,2,5940.176470588235,0.0,0
43,2026-08-18,8,19,3,4,,34,7,145.77977094333335,3,2,11234.29411764706,10499.0,0
44,2026-08-18,7,17,1,0,,25,8,198.58758930166667,3,2,5479.0,0.0,0
45,2026-08-18,5,11,0,0,,16,5,877.6594106166666,3,2,10874.0,0.0,0
46,2026-08-18,5,12,0,0,,17,5,992.1291321147222,4,3,9704.882352941177,0.0,0
47,2026-08-18,5,12,0,0,,17,5,449.68731214722226,3,3,6999.0,0.0,0
48,2026-08-18,5,9,1,0,,15,5,826.4164206600001,2,2,6599.0,0.0,0
49,2026-08-18,10,22,6,1,,39,10,68.92674607388889,3,2,5819.51282051282,4999.0,0
50,2026-08-18,6,11,0,0,,17,6,242.76338450999998,4,3,7704.882352941177,0.0,0
51,2026-08-18,8,17,1,0,,26,8,545.4859186808334,3,2,10691.307692307691,0.0,0
52,2026-08-18,7,13,3,4,,27,7,128.15871207027777,3,2,8999.0,8499.0,0
53,2026-08-18,7,14,0,0,,21,7,648.3293084669444,2,2,5189.476190476191,0.0,0
54,2026-08-18,4,10,0,0,,14,4,51.352536578055556,4,3,7713.285714285715,0.0,0
55,2026-08-18,7,14,1,0,,22,7,1307.3549205161112,1,1,4999.0,0.0,0
56,2026-08-18,7,11,0,0,,18,7,343.98300732166666,2,2,5665.666666666667,0.0,0
57,2026-08-18,8,14,5,2,1.0,30,8,919.3539232752778,1,1,4999.0,4999.0,0
58,2026-08-18,5,10,1,0,,16,5,503.6638555686111,2,2,5499.0,0.0,0
59,2026-08-18,5,12,0,0,,17,5,537.6639608886111,3,2,7940.176470588235,0.0,0
60,2026-08-18,8,15,6,2,,31,8,480.40131570777777,1,1,4999.0,4999.0,0
61,2026-08-18,3,5,0,0,,8,3,2252.495405941667,2,2,8249.0,0.0,0
62,2026-08-18,5,11,0,0,,16,5,534.7707894158334,2,2,5249.0,0.0,0
63,2026-08-18,5,12,2,0,,19,5,624.1945601227777,2,2,7104.263157894737,0.0,0
64,2026-08-18,10,22,7,4,,43,10,973.3131565811111,2,2,5185.046511627907,4999.0,0
65,2026-08-18,3,8,0,0,,11,3,67.70160682972222,3,2,7726.272727272727,0.0,0
66,2026-08-18,9,15,5,2,,31,9,410.9425564663889,4,3,7257.064516129032,6999.0,0
67,2026-08-18,7,15,2,0,,24,6,133.83081796472223,3,2,9999.0,0.0,0
68,2026-08-18,7,12,0,0,,19,7,32.37029296222222,2,1,11525.315789473685,0.0,0
69,2026-08-18,5,11,0,0,,16,5,599.1953028038889,1,1,6999.0,0.0,0
70,2026-08-18,6,8,0,0,,14,6,1532.9089236677778,3,3,7141.857142857143,0.0,0
71,2026-08-18,10,20,2,10,6.0,48,8,651.1690664563889,2,2,7249.0,7399.0,0
72,2026-08-18,5,8,0,0,,13,5,851.2488867444445,3,2,7460.538461538462,0.0,0
73,2026-08-18,8,14,2,0,,24,8,622.4720106241667,3,3,5749.0,0.0,0
74,2026-08-18,8,12,2,0,,22,7,1042.8426138825,3,3,6999.0,0.0,0
75,2026-08-18,9,20,7,3,1.0,40,9,967.0309068166666,4,3,9249.0,8999.0,0
76,2026-08-18,5,9,0,0,,14,5,890.5263880680556,3,2,7284.714285714285,0.0,0
77,2026-08-18,6,11,3,0,,20,6,750.6321948191667,3,3,7099.0,0.0,0
78,2026-08-18,6,14,1,0,,21,6,257.10133163277777,3,3,5570.428571428572,0.0,0
79,2026-08-18,7,14,4,0,,25,7,156.48797205055556,2,2,7239.0,0.0,0
80,2026-08-18,7,16,2,0,,25,7,631.3056451666666,4,3,7719.0,0.0,0
81,2026-08-18,7,14,2,0,,23,6,391.6469485316667,3,3,7085.95652173913,0.0,0
82,2026-08-18,10,22,5,3,,40,10,170.18488743972222,3,2,11249.0,12999.0,0
83,2026-08-18,6,15,0,0,,21,6,1670.4530052500002,3,2,10713.285714285714,0.0,0
84,2026-08-18,8,14,4,3,,29,7,267.85752442583333,2,2,5274.862068965517,4999.0,0
85,2026-08-18,10,16,4,10,7.0,47,10,252.0445953363889,3,3,5381.978723404255,5199.0,0
86,2026-08-18,8,18,2,0,,28,9,59.78444753388889,2,2,5570.428571428572,0.0,0
87,2026-08-18,6,13,0,0,,19,6,279.3655482636111,3,2,7735.8421052631575,0.0,0
88,2026-08-18,9,16,5,3,1.0,34,8,516.8637166705555,4,3,7587.235294117647,7665.666666666667,0
89,2026-08-18,5,9,0,0,,14,5,296.38354457805553,3,3,5713.285714285715,0.0,0
90,2026-08-18,5,10,1,0,,16,5,352.26473399500003,2,1,9999.0,0.0,0
91,2026-08-18,6,13,2,0,,21,6,407.09682602833334,4,3,10332.333333333334,0.0,0
92,2026-08-18,6,11,0,0,,17,6,120.92169145861112,3,2,10410.764705882353,0.0,0
93,2026-08-18,10,21,3,10,6.0,50,9,831.6608906722223,3,2,7639.0,7599.0,0
94,2026-08-18,6,10,1,0,,17,6,1092.8010807261112,3,2,5940.176470588235,0.0,0
95,2026-08-18,9,12,5,1,,27,9,50.63391474472222,4,3,9517.518518518518,12999.0,0
96,2026-08-18,8,16,3,8,6.0,41,8,44.48499222638889,3,3,7047.780487804878,6999.0,0
97,2026-08-18,7,13,1,0,,21,7,188.4157549552778,3,2,10713.285714285714,0.0,0
98,2026-08-18,4,7,0,0,,11,4,888.6375448858333,2,2,7362.636363636364,0.0,0
99,2026-08-18,8,17,1,0,,26,7,174.61205095138888,2,2,6845.153846153846,0.0,0
100,2026-08-18,6,8,2,0,,16,6,954.5999464730555,4,3,8999.0,0.0,0
101,2026-08-18,10,20,6,6,1.0,43,10,131.3410806025,4,3,10301.32558139535,9332.333333333334,0
102,2026-08-18,9,15,5,9,5.0,43,9,481.60944689333337,3,3,5278.069767441861,5221.222222222223,0
103,2026-08-18,7,11,1,0,,19,7,1641.943936622778,3,2,9630.578947368422,0.0,0
104,2026-08-18,6,13,1,0,,20,6,379.50794519416667,2,2,7299.0,0.0,0
105,2026-08-18,9,18,3,2,,32,8,157.33431988027777,3,2,11374.0,12999.0,0
106,2026-08-18,10,17,4,1,1.0,33,9,343.32630890750005,3,3,7180.818181818182,8999.0,0
107,2026-08-18,6,16,1,0,,23,6,4.387745094444444,2,2,6825.086956521739,0.0,0
108,2026-08-18,7,15,3,0,,25,8,138.11499278638888,3,2,9959.0,0.0,0
109,2026-08-18,6,16,2,0,,24,6,78.28836430527778,3,3,6165.666666666667,0.0,0
110,2026-08-18,6,13,1,0,,20,6,618.9341491111111,2,2,5399.0,0.0,0
111,2026-08-18,5,11,3,0,,19,5,611.7008178497222,4,3,9735.842105263158,0.0,1
112,2026-08-18,9,15,5,2,,31,9,176.71781253944445,2,2,5515.129032258064,4999.0,0
113,2026-08-18,9,16,3,9,8.0,45,9,19.980227631944445,4,3,9665.666666666666,9887.888888888889,0
114,2026-08-18,7,14,1,0,,22,7,1881.5520261952777,2,1,10999.0,0.0,0
115,2026-08-18,5,8,0,0,,13,5,225.1106173561111,1,1,6999.0,0.0,0
116,2026-08-18,8,15,1,0,,24,8,6.547031020277778,3,3,7082.333333333333,0.0,0
117,2026-08-18,4,6,1,0,,11,4,1061.599733,2,2,6453.545454545455,0.0,0
118,2026-08-18,5,10,3,2,,20,5,1674.3035029227779,3,2,7599.0,6999.0,0
119,2026-08-18,8,18,1,0,,27,8,784.3116483441667,3,2,10702.703703703704,0.0,0
120,2026-08-18,4,8,1,0,,13,4,806.7376329044444,3,2,8229.76923076923,0.0,0
121,2026-08-18,8,16,1,0,,25,7,137.06446777861112,2,2,5479.0,0.0,0
122,2026-08-18,9,15,7,3,,34,9,26.722470011111113,3,3,7175.470588235294,6332.333333333333,0
123,2026-08-18,6,12,1,0,,19,6,707.3961490436112,1,1,6999.0,0.0,0
124,2026-08-18,7,14,0,0,,21,6,1075.5074783925,1,1,6999.0,0.0,0
125,2026-08-18,6,14,4,2,1.0,27,6,419.16703267055556,1,1,6999.0,6999.0,0
126,2026-08-18,5,9,3,0,,17,5,1505.6461019755557,2,2,5351.941176470588,0.0,0
127,2026-08-18,4,8,1,0,,13,4,1719.7478319636111,1,1,4999.0,0.0,0
128,2026-08-18,10,20,8,1,,39,10,967.2654362455555,3,2,11665.666666666666,12999.0,0
129,2026-08-18,9,20,6,1,,36,9,13.128500718333333,3,2,7721.222222222223,8999.0,0
130,2026-08-18,7,14,3,0,,24,7,17.130230133888887,4,3,11249.0,0.0,0
131,2026-08-18,5,10,0,0,,15,6,1003.7213816480556,1,1,4999.0,0.0,0
132,2026-08-18,7,12,4,3,2.0,28,7,161.55225518833336,3,3,7070.428571428572,7665.666666666667,0
133,2026-08-18,9,13,5,2,1.0,30,9,97.8475612011111,3,3,6865.666666666667,5999.0,0
134,2026-08-18,3,3,0,0,,6,3,277.1359422438889,1,1,6999.0,0.0,0
135,2026-08-18,5,8,1,0,,14,5,1080.5738722744445,3,2,11141.857142857143,0.0,0
136,2026-08-18,7,12,3,0,,22,6,337.53419383972226,2,2,5362.636363636364,0.0,0
137,2026-08-18,8,16,2,8,4.0,38,8,203.37984869638888,2,2,5841.105263157895,5999.0,0
138,2026-08-18,5,12,1,0,,18,5,1555.7504027008333,2,2,6776.777777777777,0.0,0
139,2026-08-18,6,14,0,0,,20,6,759.558978008889,2,2,6799.0,0.0,0
140,2026-08-18,7,11,0,0,,18,7,588.5346599769445,2,2,6776.777777777777,0.0,0
141,2026-08-18,6,11,1,0,,18,5,564.9637381322223,3,3,7221.222222222223,0.0,0
142,2026-08-18,12,28,7,12,8.0,67,12,21.377524890833335,4,3,7058.701492537313,6999.0,0
143,2026-08-18,5,9,4,1,,19,5,667.4067405077777,3,3,7314.789473684211,6999.0,0
144,2026-08-18,9,17,5,5,1.0,37,10,334.3173432958333,2,2,5269.27027027027,5399.0,0
145,2026-08-18,11,19,9,4,,43,11,204.3221655786111,3,2,11138.53488372093,11999.0,0
146,2026-08-18,9,21,5,9,8.0,52,9,346.21750133333336,1,1,4999.0,4999.0,0
147,2026-08-18,4,6,0,0,,10,4,904.8697848969445,3,2,9399.0,0.0,0
148,2026-08-18,7,17,3,0,,27,8,419.97794817,1,1,4999.0,0.0,0
149,2026-08-18,6,13,0,0,,19,5,265.5873927113889,3,2,8367.421052631578,0.0,0
150,2026-08-18,4,10,0,0,,14,4,385.1285992583333,3,3,5427.571428571428,0.0,0
151,2026-08-18,9,15,3,3,,30,9,259.04535692166667,2,1,10465.666666666666,8999.0,0
152,2026-08-18,5,9,0,0,,14,5,447.2275861763889,3,3,5427.571428571428,0.0,0
153,2026-08-18,5,11,0,0,,16,5,720.9385487744445,4,3,10124.0,0.0,0
154,2026-08-18,2,3,1,1,,7,2,1486.369126596111,1,1,6999.0,6999.0,0
155,2026-08-18,5,5,1,0,,11,5,879.2043041041667,2,2,6635.363636363636,0.0,0
156,2026-08-18,8,10,7,3,,28,7,174.69833254888889,3,3,8070.428571428572,8999.0,0
157,2026-08-18,12,22,5,12,9.0,60,11,1026.5641312269445,4,3,5799.0,5832.333333333333,0
158,2026-08-18,4,7,1,0,,12,4,399.04154746694445,2,1,12332.333333333334,0.0,0
159,2026-08-18,7,13,0,0,,20,7,6.094254684722222,4,3,5799.0,0.0,0
160,2026-08-18,4,9,0,0,,13,4,25.2390056975,2,2,6691.307692307692,0.0,0
161,2026-08-18,6,11,0,0,,17,6,1349.5406046655557,2,2,6881.35294117647,0.0,0
162,2026-08-18,7,14,2,7,6.0,36,7,172.17648003694444,4,3,7610.111111111111,8141.857142857143,1
163,2026-08-18,5,12,1,1,,19,5,56.13521102666667,3,2,9630.578947368422,8999.0,0
164,2026-08-18,9,17,5,9,6.0,46,8,115.61305253305555,3,2,7738.130434782609,8110.111111111111,0
165,2026-08-18,10,23,3,10,8.0,54,11,97.17881366111112,3,2,9813.814814814816,9799.0,1
166,2026-08-18,8,17,6,8,6.0,45,8,2412.153994393611,3,3,7132.333333333333,6999.0,0
167,2026-08-18,9,18,6,1,1.0,35,9,143.2038507075,3,2,10884.714285714286,8999.0,0
168,2026-08-18,9,22,3,9,5.0,48,9,315.25963732444444,2,2,7499.0,8554.555555555555,1
169,2026-08-18,4,5,0,0,,9,4,553.4070002375,2,1,9887.888888888889,0.0,0
170,2026-08-18,6,10,0,0,,16,6,1607.6254166030556,2,1,11749.0,0.0,0
171,2026-08-18,7,16,3,3,1.0,30,7,1526.7203015758332,4,3,7599.0,6999.0,0
172,2026-08-18,6,12,0,0,,18,6,570.0782525394444,3,2,7443.444444444444,0.0,0
173,2026-08-18,4,8,0,0,,12,4,703.7513310288889,3,3,8665.666666666666,0.0,0
174,2026-08-18,9,19,6,2,,36,8,318.16525537,3,2,5887.888888888889,6999.0,0
175,2026-08-18,7,14,2,0,,23,7,1383.579386781111,4,3,9694.652173913044,0.0,0
176,2026-08-18,9,21,5,3,,38,9,262.9399602308333,3,3,6104.263157894737,4999.0,0
177,2026-08-18,6,9,3,0,,18,6,1786.72538805,1,1,4999.0,0.0,0
178,2026-08-18,6,12,1,0,,19,6,178.13816706416665,3,2,9841.105263157895,0.0,0
179,2026-08-18,5,9,0,0,,14,5,389.4862801772222,1,1,6999.0,0.0,0
180,2026-08-18,5,8,0,0,,13,6,593.8146152833333,1,1,4999.0,0.0,0
181,2026-08-18,7,12,1,0,,20,7,748.4031400916667,3,2,9799.0,0.0,0
182,2026-08-18,7,11,2,0,,20,7,603.3560196527778,2,2,7599.0,0.0,0
183,2026-08-18,7,16,0,0,,23,7,469.6408888502778,4,3,7085.95652173913,0.0,0
184,2026-08-18,6,8,1,0,,15,6,663.1261148174999,3,3,6599.0,0.0,0
185,2026-08-18,7,13,3,0,,23,7,673.2823950108334,3,2,10390.304347826086,0.0,0
186,2026-08-18,8,16,2,0,,26,8,91.53764870166667,2,2,8383.615384615385,0.0,0
187,2026-08-18,6,10,2,0,,18,6,157.21677032888888,3,2,5665.666666666667,0.0,0
188,2026-08-18,7,9,4,7,7.0,34,7,311.24792590333334,3,3,6351.941176470588,6427.571428571428,0
189,2026-08-18,5,11,2,0,,18,5,600.536070765,2,2,7443.444444444444,0.0,0
190,2026-08-18,6,15,2,0,,23,6,111.61038776555556,3,3,6825.086956521739,0.0,0
191,2026-08-18,5,12,3,1,,21,5,810.6784720458334,2,2,8427.57142857143,12999.0,0
192,2026-08-18,4,5,0,0,,9,4,38.67713978,2,1,12110.111111111111,0.0,0
193,2026-08-18,6,11,2,0,,19,5,572.1782707286111,3,2,6472.684210526316,0.0,0
194,2026-08-18,8,15,6,3,1.0,33,8,123.22206840361112,1,1,4999.0,4999.0,0
195,2026-08-18,5,8,1,0,,14,4,926.9282752719444,2,2,6141.857142857143,0.0,0
196,2026-08-18,7,16,5,3,,31,7,818.1188908138889,1,1,6999.0,6999.0,0
197,2026-08-18,7,12,4,2,,25,7,550.3004607883333,3,2,10279.0,10999.0,0
198,2026-08-18,5,9,1,0,,15,5,57.308311598611105,2,1,11399.0,0.0,0
199,2026-08-18,8,17,2,1,,28,8,436.9866802313889,3,2,7570.428571428572,6999.0,0
200,2026-08-18,12,28,5,12,10.0,67,12,4.670561011388888,3,2,7804.9701492537315,8165.666666666667,0
201,2026-08-18,6,9,1,0,,16,6,1627.0792246963888,4,3,8374.0,0.0,0
202,2026-08-18,5,13,1,0,,19,5,2393.4235514180555,3,2,11209.526315789473,0.0,0
203,2026-08-18,7,14,1,0,,22,6,764.1030551619444,4,3,9180.818181818182,0.0,0
204,2026-08-18,9,18,3,2,,32,9,22.704854418888885,2,2,7561.5,6999.0,0
205,2026-08-18,7,15,4,7,6.0,39,7,999.514299711389,4,3,11255.410256410256,11570.42857142857,0
206,2026-08-18,8,12,6,1,1.0,28,6,148.62431052416667,3,3,6999.0,6999.0,0
207,2026-08-18,5,12,0,0,,17,5,221.93640529194445,2,1,9469.588235294117,0.0,0
208,2026-08-18,6,11,1,0,,18,6,794.9748645738889,4,3,10332.333333333334,0.0,0
209,2026-08-18,9,12,6,0,,27,9,552.2617677536111,2,2,5221.222222222223,0.0,0
210,2026-08-18,6,14,1,0,,21,6,117.96003495472223,3,3,5951.380952380952,0.0,0
211,2026-08-18,4,8,2,0,,14,4,60.72859831527778,2,1,10999.0,0.0,0
212,2026-08-18,4,8,1,0,,13,4,2919.5620177663886,2,1,10537.461538461539,0.0,0
213,2026-08-18,5,9,1,0,,15,5,87.04559184333334,2,1,11399.0,0.0,0
214,2026-08-18,8,13,1,0,,22,8,291.3314350736111,4,3,8726.272727272728,0.0,0
215,2026-08-18,11,21,5,2,,39,10,1263.782739823889,4,3,11050.28205128205,8999.0,0
216,2026-08-18,11,23,5,11,9.0,59,11,306.93912827083335,3,3,6965.1016949152545,6999.0,0
217,2026-08-18,4,6,0,0,,10,4,1025.8007247302778,2,2,5399.0,0.0,0
218,2026-08-18,7,9,1,0,,17,7,153.49840194055554,1,1,4999.0,0.0,0
219,2026-08-18,8,13,2,0,,23,9,498.54578114055556,4,3,9694.652173913044,0.0,0
220,2026-08-18,7,15,2,0,,24,7,568.6142797061111,3,2,9165.666666666666,0.0,0
221,2026-08-18,9,19,3,2,1.0,34,10,47.792728232222224,4,3,9293.117647058823,10999.0,0
222,2026-08-18,5,11,0,0,,16,5,1022.4059717730555,3,2,7499.0,0.0,0
223,2026-08-18,7,11,4,4,,26,7,68.25571317611112,3,3,6845.153846153846,6999.0,0
224,2026-08-18,8,12,4,8,7.0,39,8,177.5558776841667,2,2,7050.282051282052,6999.0,1
225,2026-08-18,4,9,1,0,,14,4,1334.4389487536112,1,1,6999.0,0.0,0
226,2026-08-18,2,4,0,0,,6,2,143.2524910411111,2,1,9665.666666666666,0.0,0
227,2026-08-18,5,8,4,0,,17,5,1127.4897745572223,3,3,5822.529411764706,0.0,0
228,2026-08-18,9,14,6,3,1.0,33,9,18.851851313055555,3,3,7120.212121212121,6999.0,0
229,2026-08-18,7,11,0,0,,18,6,437.38712264500003,2,2,6776.777777777777,0.0,0
230,2026-08-18,6,13,1,0,,20,6,936.0716855163889,3,3,6399.0,0.0,0
231,2026-08-18,9,19,2,2,,32,9,163.51644027027777,3,3,5999.0,6999.0,0
232,2026-08-18,4,7,0,0,,11,4,230.60967630444443,1,1,6999.0,0.0,0
233,2026-08-18,5,7,0,0,,12,5,147.96542417055556,2,1,11999.0,0.0,0
234,2026-08-18,4,7,2,0,,13,4,101.12204227277778,3,2,9460.538461538461,0.0,0
235,2026-08-18,6,13,5,3,,27,6,378.7699588897222,2,1,10036.037037037036,10332.333333333334,0
236,2026-08-18,10,18,4,4,1.0,37,10,152.04837997027775,3,2,10350.351351351352,10499.0,0
237,2026-08-18,7,11,3,0,,21,7,526.3635640216667,2,2,5379.952380952381,0.0,0
238,2026-08-18,7,12,0,0,,19,7,149.76361040472221,2,2,5209.526315789473,0.0,0
239,2026-08-18,6,12,2,0,,20,6,422.45392840444447,3,2,11299.0,0.0,0
240,2026-08-18,8,18,5,4,1.0,36,9,748.3699488669445,4,3,6665.666666666667,6999.0,0
241,2026-08-18,6,10,1,0,,17,6,1041.9937438327777,1,1,4999.0,0.0,0
242,2026-08-18,4,11,2,3,,20,4,900.9876794141667,2,2,6799.0,6999.0,0
243,2026-08-18,6,7,1,0,,14,6,1762.2691445052778,3,2,7284.714285714285,0.0,0
244,2026-08-18,7,13,1,0,,21,7,354.90183896055555,4,3,9665.666666666666,0.0,0
245,2026-08-18,7,16,6,1,,30,7,919.8383255627778,2,2,5665.666666666667,4999.0,0
246,2026-08-18,5,11,1,0,,17,5,1042.6927622272221,4,3,8410.764705882353,0.0,0
247,2026-08-18,4,6,0,0,,10,4,808.0696858508334,3,2,9399.0,0.0,0
248,2026-08-18,8,19,7,1,1.0,36,9,92.338377685,2,1,11776.777777777777,8999.0,0
249,2026-08-18,5,7,1,0,,13,4,51.6142041825,3,3,7152.846153846154,0.0,0
250,2026-08-18,4,11,1,0,,16,4,75.33688906833333,3,2,10124.0,0.0,0
251,2026-08-18,6,13,0,0,,19,6,143.05178146055556,2,2,5104.263157894737,0.0,0
252,2026-08-18,6,12,1,0,,19,6,194.48425730083332,3,2,7946.368421052632,0.0,0
253,2026-08-18,6,12,1,0,,19,6,167.11535665805556,4,3,9946.368421052632,0.0,0
254,2026-08-18,6,17,2,2,,27,6,52.5108970725,3,3,7073.074074074074,7999.0,0
255,2026-08-18,6,13,4,0,,23,6,39.864317889166664,2,2,6912.04347826087,0.0,0
256,2026-08-18,5,10,2,0,,17,5,1680.4782929358335,3,2,6410.764705882353,0.0,0
257,2026-08-18,4,10,1,0,,15,5,130.030662375,2,1,11132.333333333334,0.0,0
258,2026-08-18,8,12,0,0,,20,8,924.2172609938889,2,2,7599.0,0.0,0
259,2026-08-18,9,15,6,9,6.0,45,8,308.24754460972224,3,3,6999.0,6999.0,1
260,2026-08-18,7,16,0,0,,23,7,412.5313618583333,3,2,10477.260869565218,0.0,0
261,2026-08-18,5,10,1,0,,16,5,74.5642458938889,2,1,10249.0,0.0,0
262,2026-08-18,3,6,1,0,,10,3,1450.5490742097222,3,2,8599.0,0.0,0
263,2026-08-18,7,13,2,3,,25,7,923.1533151888889,1,1,6999.0,6999.0,0
264,2026-08-18,4,6,0,0,,10,4,110.41416357166668,3,2,10199.0,0.0,0
265,2026-08-18,5,12,2,0,,19,5,1177.5875897272224,2,2,7630.578947368421,0.0,0
266,2026-08-18,7,10,3,3,,23,7,436.5376075738889,2,2,7172.913043478261,6999.0,0
267,2026-08-18,5,12,1,0,,18,5,127.07695066944444,2,2,5332.333333333333,0.0,0
268,2026-08-18,11,24,5,11,6.0,57,10,117.52571181305555,4,3,7314.789473684211,7180.818181818182,0
269,2026-08-18,8,15,1,0,,24,8,382.1030769411111,4,3,10665.666666666666,0.0,0
270,2026-08-18,7,20,0,0,,27,7,487.89253777500005,3,3,7147.148148148148,0.0,0
271,2026-08-18,3,5,0,0,,8,3,94.93013012611111,3,2,9499.0,0.0,0
272,2026-08-18,7,13,4,3,,27,7,1946.7225343597222,1,1,4999.0,4999.0,0
273,2026-08-18,8,16,3,0,,27,8,162.66555587277776,4,3,5961.962962962963,0.0,0
274,2026-08-18,4,8,0,0,,12,5,1756.1029990166667,3,3,6165.666666666667,0.0,0
275,2026-08-18,7,13,2,0,,22,7,341.9687973361111,3,3,6271.727272727273,0.0,0
276,2026-08-18,8,13,3,2,,26,8,391.2388464377778,3,2,7383.615384615385,6999.0,0
277,2026-08-18,4,8,0,0,,12,4,277.9510150794444,1,1,4999.0,0.0,0
278,2026-08-18,6,12,0,0,,18,6,262.45023502305554,2,2,7110.111111111111,0.0,0
279,2026-08-18,6,10,0,0,,16,7,538.8957250938889,2,1,10499.0,0.0,0
280,2026-08-18,7,16,4,0,,27,6,30.46313749722222,4,3,5813.814814814815,0.0,0
281,2026-08-18,8,16,7,3,1.0,35,8,4.122033056666667,3,2,10941.857142857143,11665.666666666666,0
282,2026-08-18,6,12,1,0,,19,6,714.6063350177777,3,2,10367.421052631578,0.0,0
283,2026-08-18,8,14,4,8,6.0,40,8,769.8500435002778,3,3,7399.0,7499.0,0
284,2026-08-18,7,17,2,0,,26,7,546.24568229,4,3,5691.307692307692,0.0,0
285,2026-08-18,7,12,5,7,6.0,37,7,555.2199091244445,3,2,10404.405405405405,10141.857142857143,1
286,2026-08-18,8,17,0,0,,25,8,67.63346210916666,2,2,7079.0,0.0,0
287,2026-08-18,4,5,2,0,,11,4,383.38888451916665,2,2,6453.545454545455,0.0,0
288,2026-08-18,11,22,4,11,7.0,55,10,164.67799345166668,2,1,11326.272727272728,11180.818181818182,0
289,2026-08-18,5,9,2,0,,16,5,402.00577468305556,3,3,6499.0,0.0,0
290,2026-08-18,6,12,1,0,,19,6,13.862399528333333,3,2,7735.8421052631575,0.0,0
291,2026-08-18,7,14,1,0,,22,7,334.3274432369444,4,3,8635.363636363636,0.0,0
292,2026-08-18,7,18,4,1,,30,6,1194.0854084761113,2,2,5532.333333333333,4999.0,0
293,2026-08-18,5,11,5,1,1.0,23,5,1984.1070735430555,2,1,11955.521739130434,12999.0,0
294,2026-08-18,8,15,3,0,,26,8,11.858196845833334,4,3,7537.461538461538,0.0,0
295,2026-08-18,6,11,0,0,,17,6,1051.7178282627779,2,1,11822.529411764706,0.0,0
296,2026-08-18,4,9,0,0,,13,4,881.8079194772223,2,2,5306.692307692308,0.0,0
297,2026-08-18,6,13,1,0,,20,6,740.5461014361111,4,3,10699.0,0.0,0
298,2026-08-18,6,15,0,0,,21,6,872.49065187,3,2,7379.952380952381,0.0,0
299,2026-08-18,13,20,6,13,10.0,62,13,399.0242463986111,3,2,7999.0,8075.923076923077,0
300,2026-08-18,8,19,2,0,,29,9,167.82195453416665,3,3,6999.0,0.0,0
301,2026-08-18,5,9,2,0,,16,5,1784.2507344175,4,3,10624.0,0.0,0
302,2026-08-18,7,12,2,0,,21,7,0.026283767222222223,1,1,6999.0,0.0,0
303,2026-08-18,5,8,0,0,,13,5,775.1137187236111,3,2,9922.076923076924,0.0,0
304,2026-08-18,4,7,1,0,,12,4,2043.3336729044445,3,3,5499.0,0.0,0
305,2026-08-18,5,11,0,0,,16,5,523.3605918613889,2,2,5499.0,0.0,0
306,2026-08-18,6,10,0,0,,16,6,620.5843058422222,2,2,6999.0,0.0,0
307,2026-08-18,4,7,1,0,,12,4,156.71263237833332,3,2,9332.333333333334,0.0,0
308,2026-08-18,8,16,0,0,,24,8,1617.663946396389,2,2,7499.0,0.0,0
309,2026-08-18,4,10,3,1,,18,4,341.39285052472223,3,2,8110.111111111111,8999.0,0
310,2026-08-18,8,12,5,8,8.0,41,8,337.814647335,4,3,10364.853658536585,10249.0,0
311,2026-08-18,4,7,2,0,,13,4,1273.1787067661112,1,1,4999.0,0.0,0
312,2026-08-18,5,11,0,0,,16,5,396.0522562111111,3,3,6249.0,0.0,0
313,2026-08-18,9,19,5,3,,36,9,157.41374308333334,3,2,5443.444444444444,4999.0,0
314,2026-08-18,7,13,0,0,,20,7,21.73202373722222,1,1,4999.0,0.0,0
315,2026-08-18,5,8,0,0,,13,6,429.16511533249997,2,2,7460.538461538462,0.0,0
316,2026-08-18,4,9,0,0,,13,4,574.1919863058333,3,2,11306.692307692309,0.0,0
317,2026-08-18,10,20,4,10,7.0,51,10,138.59639992750002,3,2,11430.372549019608,11399.0,0
318,2026-08-18,5,8,0,0,,13,5,642.3393840313889,2,2,7306.692307692308,0.0,0
319,2026-08-18,7,17,3,0,,27,8,1298.7505198794445,4,3,7887.888888888889,0.0,0
320,2026-08-18,7,16,3,7,5.0,38,7,528.8347968047223,1,1,4999.0,4999.0,0
321,2026-08-18,5,10,1,0,,16,5,172.18320177777778,3,2,5749.0,0.0,0
322,2026-08-18,6,14,2,0,,22,6,101.83678670694445,3,2,11544.454545454546,0.0,0
323,2026-08-18,9,19,2,9,6.0,45,9,140.60018460333333,2,2,7532.333333333333,7665.666666666667,0
324,2026-08-18,7,13,1,1,1.0,23,7,129.8878970825,2,2,5085.95652173913,4999.0,0
325,2026-08-18,6,14,1,0,,21,6,323.51498480583336,2,2,5094.238095238095,0.0,0
326,2026-08-18,4,7,2,0,,13,3,332.1008328325,1,1,4999.0,0.0,0
327,2026-08-18,10,23,3,3,,39,10,335.46448094444446,3,3,5409.25641025641,5665.666666666667,0
328,2026-08-18,6,12,3,2,,23,7,269.3657464252778,3,2,5868.565217391304,4999.0,0
329,2026-08-18,6,9,4,2,1.0,22,6,226.97498507027777,3,3,6999.0,6999.0,0
330,2026-08-18,5,12,0,0,,17,5,282.47837027888886,2,2,5469.588235294118,0.0,0
331,2026-08-18,4,10,0,0,,14,4,132.61544746722222,2,2,7141.857142857143,0.0,0
332,2026-08-18,9,19,7,1,1.0,37,9,121.21033993111112,3,3,5485.486486486487,4999.0,0
333,2026-08-18,8,16,3,3,1.0,31,8,39.335984357222216,4,3,10482.870967741936,11665.666666666666,0
334,2026-08-18,6,11,1,0,,18,6,623.2295720402777,3,3,6887.888888888889,0.0,0
335,2026-08-18,7,14,3,2,,26,7,81.14163684305555,2,2,7460.538461538462,6999.0,0
336,2026-08-18,6,16,0,0,,22,6,500.2484243277778,4,3,7362.636363636364,0.0,0
337,2026-08-18,6,13,2,0,,21,5,51.970773512777775,4,3,7570.428571428572,0.0,0
338,2026-08-18,5,11,1,0,,17,5,326.1399209347222,2,2,8057.823529411765,0.0,0
339,2026-08-18,8,18,4,1,,31,7,227.19678533916667,2,2,5257.064516129032,4999.0,0
340,2026-08-18,11,21,3,3,,38,11,590.6729127097221,3,3,5314.789473684211,4999.0,0
341,2026-08-18,12,24,8,12,9.0,65,12,113.58474437694446,2,2,5368.2307692307695,5332.333333333333,0
342,2026-08-18,5,12,1,0,,18,5,771.1829291486112,4,3,6443.444444444444,0.0,0
343,2026-08-18,6,10,5,1,,22,6,181.51425085722224,3,2,8544.454545454546,8999.0,0
344,2026-08-18,8,18,6,3,1.0,36,9,23.648136165277776,4,3,11054.555555555555,11665.666666666666,0
345,2026-08-18,7,14,5,3,1.0,30,7,1180.8676451025,2,2,5065.666666666667,4999.0,0
346,2026-08-18,8,17,3,4,1.0,33,6,493.8531330919444,4,3,9665.666666666666,9999.0,0
347,2026-08-18,6,15,1,2,,24,6,839.7302276072222,3,3,5415.666666666667,4999.0,0
348,2026-08-18,9,20,5,3,,37,8,442.4776002019445,4,3,6999.0,6332.333333333333,0
349,2026-08-18,6,9,0,0,,15,6,72.62167840861112,2,1,11132.333333333334,0.0,0
350,2026-08-18,5,10,1,0,,16,5,113.21735099944445,1,1,4999.0,0.0,0
351,2026-08-18,5,8,0,0,,13,5,114.40887388611111,1,1,4999.0,0.0,0
352,2026-08-18,7,13,0,0,,20,8,177.2542394625,4,3,10299.0,0.0,0
353,2026-08-18,7,11,6,2,,26,6,925.6751958611111,3,3,7460.538461538462,6999.0,0
354,2026-08-18,7,13,6,2,1.0,29,7,726.4006670744444,2,1,11205.896551724138,10999.0,0
355,2026-08-18,2,5,0,0,,7,2,2025.0486710625,2,1,12427.57142857143,0.0,0
356,2026-08-18,6,14,0,0,,20,6,9.321236292222222,3,3,6999.0,0.0,0
357,2026-08-18,6,12,0,0,,18,6,849.2219285375,3,2,10776.777777777777,0.0,0
358,2026-08-18,10,20,8,3,,41,10,1088.7360635677778,4,3,5730.707317073171,4999.0,0
359,2026-08-18,11,26,7,11,7.0,62,10,1250.3388581808333,4,3,5579.645161290323,5362.636363636364,0
360,2026-08-18,9,19,4,9,5.0,46,8,907.3551625188888,3,2,9868.565217391304,10110.111111111111,0
361,2026-08-18,9,19,4,9,6.0,47,9,407.5363651663889,3,2,10190.489361702128,10332.333333333334,0
362,2026-08-18,6,14,4,3,,27,6,457.18075865250006,3,3,7295.2962962962965,6999.0,0
363,2026-08-18,12,19,5,12,10.0,58,12,786.4958385463889,1,1,4999.0,4999.0,0
364,2026-08-18,5,7,0,0,,12,5,1434.7848556958334,3,3,6665.666666666667,0.0,0
365,2026-08-18,8,15,1,0,,24,8,93.47336514777777,3,2,11082.333333333334,0.0,0
366,2026-08-18,6,12,2,0,,20,6,411.13006348,2,2,5299.0,0.0,0
367,2026-08-18,9,19,8,4,,40,9,519.94610799,4,3,7349.0,6999.0,0
368,2026-08-18,8,17,0,0,,25,8,258.09956128777776,4,3,9239.0,0.0,0
369,2026-08-18,5,10,2,2,,19,5,436.1313715011111,2,2,7104.263157894737,6999.0,0
370,2026-08-18,7,15,1,0,,23,7,448.52203019527775,2,2,5172.913043478261,0.0,0
371,2026-08-18,4,9,1,0,,14,4,3.048053143888889,3,2,9856.142857142857,0.0,0
372,2026-08-18,12,19,5,12,10.0,58,10,608.3563088805556,2,2,5412.793103448276,5332.333333333333,0
373,2026-08-18,7,10,2,0,,19,7,145.85113334805555,3,2,7525.315789473684,0.0,0
374,2026-08-18,5,7,3,0,,15,5,611.3334892869444,3,2,10065.666666666666,0.0,0
375,2026-08-18,4,6,0,0,,10,4,669.1305933997222,2,1,10999.0,0.0,0
376,2026-08-18,6,16,4,1,,27,6,1447.3013629308332,2,2,6036.037037037037,8999.0,0
377,2026-08-18,13,27,5,13,11.0,69,13,210.59166146055557,3,2,7114.942028985507,6999.0,0
378,2026-08-18,6,13,2,0,,21,6,414.1605756025,3,2,5951.380952380952,0.0,0
379,2026-08-18,8,17,2,0,,27,8,139.89425740027778,4,3,10332.333333333334,0.0,0
380,2026-08-18,12,27,8,12,8.0,67,13,259.7847890875,2,2,5297.507462686567,5332.333333333333,0
381,2026-08-18,4,6,0,0,,10,4,675.6451110591667,2,2,5599.0,0.0,0
382,2026-08-18,6,12,0,0,,18,6,671.515818431111,4,3,10887.888888888889,0.0,0
383,2026-08-18,6,8,1,0,,15,6,272.85711977194444,3,2,11132.333333333334,0.0,0
384,2026-08-18,3,8,1,0,,12,3,1416.4376203730556,3,2,8665.666666666666,0.0,0
385,2026-08-18,8,12,1,0,,21,8,483.8596349411111,4,3,10332.333333333334,0.0,0
386,2026-08-18,7,12,1,0,,20,8,263.67784084472225,3,2,11399.0,0.0,0
387,2026-08-18,9,17,4,9,5.0,44,9,65.96373980527778,2,1,10999.0,11221.222222222223,0
388,2026-08-18,6,12,4,1,,23,6,1108.0075836625,3,2,8042.478260869565,6999.0,0
389,2026-08-18,8,16,3,3,,30,6,67.27016292833333,3,3,6865.666666666667,6332.333333333333,0
390,2026-08-18,10,20,6,0,,36,10,352.18356204638894,3,2,11221.222222222223,0.0,0
391,2026-08-18,5,10,0,0,,15,5,752.3642568627778,3,2,8465.666666666666,0.0,0
392,2026-08-18,7,19,2,0,,28,7,118.62756148499999,3,2,10213.285714285714,0.0,0
393,2026-08-18,8,15,2,0,,25,8,217.74619760944444,4,3,10919.0,0.0,0
394,2026-08-18,5,9,1,0,,15,5,30.880953125277777,2,2,7399.0,0.0,0
395,2026-08-18,5,13,2,0,,20,5,1520.6608749005557,3,2,10799.0,0.0,0
396,2026-08-18,6,8,1,0,,15,6,810.1737214219445,2,2,5265.666666666667,0.0,0
397,2026-08-18,10,21,5,1,,37,10,28.682378289722223,2,2,5863.864864864865,12999.0,0
398,2026-08-18,9,20,6,3,,38,9,190.73420394472222,3,2,11525.315789473685,11665.666666666666,0
399,2026-08-18,4,10,0,0,,14,4,804.5472931738889,2,2,7141.857142857143,0.0,0
400,2026-08-18,6,12,0,0,,18,6,917.5373683369444,2,2,5443.444444444444,0.0,0
401,2026-08-18,5,14,0,0,,19,5,445.3980181011111,3,2,10472.684210526315,0.0,0
402,2026-08-18,8,14,5,3,,30,8,562.2054487025,3,2,10065.666666666666,8999.0,0
403,2026-08-18,7,16,1,0,,24,7,323.12088814444445,3,2,7582.333333333333,0.0,0
404,2026-08-18,7,13,7,7,3.0,37,7,1028.8806603550001,3,3,7593.594594594595,7570.428571428572,0
405,2026-08-18,6,13,2,1,1.0,23,6,187.16315532305555,3,3,7433.782608695652,6999.0,0
406,2026-08-18,6,13,1,0,,20,7,38.08827567638889,2,2,7599.0,0.0,0
407,2026-08-18,5,11,2,0,,18,5,254.70946689916667,4,3,6554.555555555556,0.0,0
408,2026-08-18,3,7,0,0,,10,3,262.2308608386111,3,3,7399.0,0.0,0
409,2026-08-18,7,16,4,2,,29,6,536.1095547663889,4,3,10654.172413793103,10999.0,1
410,2026-08-18,8,16,2,0,,26,8,28.45228606972222,2,2,5383.615384615385,0.0,0
411,2026-08-18,6,13,2,2,,23,6,182.8652704613889,2,2,6912.04347826087,6999.0,0
412,2026-08-18,8,18,1,0,,27,8,486.64147837555555,3,3,6406.407407407408,0.0,0
413,2026-08-18,4,7,0,0,,11,4,570.1896757969445,2,2,8089.909090909091,0.0,0
414,2026-08-18,6,11,2,1,,20,6,138.92967949055554,3,3,5799.0,4999.0,0
415,2026-08-18,4,6,1,0,,11,4,2531.658482872778,2,2,5726.272727272727,0.0,0
416,2026-08-18,5,12,0,0,,17,5,372.18441659944443,4,3,6057.823529411765,0.0,0
417,2026-08-18,7,15,3,0,,25,8,25.059985662222225,3,3,7319.0,0.0,0
418,2026-08-18,6,12,0,0,,18,6,261.36520737305557,4,3,7999.0,0.0,0
419,2026-08-18,4,9,2,0,,15,4,1259.6689886049999,3,2,9532.333333333334,0.0,0
420,2026-08-18,6,13,0,0,,19,6,423.82729578249996,2,1,10893.736842105263,0.0,0
421,2026-08-18,7,13,2,0,,22,7,152.7988559461111,2,2,5180.818181818182,0.0,0
422,2026-08-18,6,15,0,0,,21,7,750.7167403316668,2,2,7570.428571428572,0.0,0
423,2026-08-18,6,9,6,4,2.0,27,6,117.7452718925,3,3,7295.2962962962965,6499.0,0
424,2026-08-18,8,19,3,0,,30,8,38.27784128777778,4,3,5465.666666666667,0.0,0
425,2026-08-18,8,15,6,2,1.0,32,8,109.89303982861111,2,2,5124.0,4999.0,0
426,2026-08-18,5,11,3,5,3.0,27,5,138.17246729333334,2,2,6628.62962962963,6599.0,1
427,2026-08-18,6,9,1,0,,16,6,1181.560995999722,1,1,4999.0,0.0,0
428,2026-08-18,8,16,2,3,,29,8,559.4763117255555,4,3,10654.172413793103,11665.666666666666,0
429,2026-08-18,6,14,4,0,,24,5,903.9263181777778,2,1,11332.333333333334,0.0,0
430,2026-08-18,5,13,0,0,,18,5,430.96895459083333,2,1,11443.444444444445,0.0,0
431,2026-08-18,4,8,3,1,,16,4,820.6799067408333,2,1,10999.0,8999.0,0
432,2026-08-18,6,12,3,1,,22,6,198.16172128666668,2,1,9362.636363636364,8999.0,0
433,2026-08-18,10,22,5,10,9.0,56,9,144.95713487333333,3,2,6070.428571428572,6199.0,0
434,2026-08-18,5,11,2,0,,18,5,198.9522079225,3,2,10999.0,0.0,0
435,2026-08-18,5,13,1,0,,19,5,1275.4362969544445,3,2,6051.631578947368,0.0,0
436,2026-08-18,6,13,1,0,,20,6,397.2109457063889,2,2,6799.0,0.0,0
437,2026-08-18,7,14,6,4,1.0,32,7,126.30743812749999,2,2,5999.0,6999.0,0
438,2026-08-18,8,18,6,1,,33,8,378.03062771416666,2,2,6756.575757575758,6999.0,0
439,2026-08-18,5,11,2,0,,18,5,151.94925808611112,3,3,5887.888888888889,0.0,0
440,2026-08-18,10,22,5,10,6.0,53,12,151.70249599916667,2,2,6961.264150943396,6999.0,0
441,2026-08-18,6,10,1,0,,17,6,801.6257696411111,2,2,5940.176470588235,0.0,0
442,2026-08-18,5,11,0,0,,16,5,2603.3731947491665,3,3,5374.0,0.0,0
443,2026-08-18,6,16,1,0,,23,7,31.597992751666666,4,3,11259.869565217392,0.0,0
444,2026-08-18,4,8,0,0,,12,4,1772.700875740278,1,1,4999.0,0.0,0
445,2026-08-18,7,14,3,7,5.0,36,7,78.91021071361111,4,3,6387.888888888889,6713.285714285715,0
446,2026-08-18,9,20,5,5,1.0,40,9,1431.7767735319444,3,2,11399.0,12199.0,0
447,2026-08-18,5,10,0,0,,15,5,846.1593092958333,2,2,5265.666666666667,0.0,0
448,2026-08-18,5,7,3,1,,16,5,254.170888835,2,1,11249.0,12999.0,0
449,2026-08-18,12,26,4,12,9.0,63,11,75.6563409075,3,3,5348.206349206349,5499.0,0
450,2026-08-18,6,12,2,0,,20,6,352.73280769138887,2,2,5799.0,0.0,0
451,2026-08-18,8,12,2,0,,22,8,738.0493608966666,1,1,6999.0,0.0,0
452,2026-08-18,5,11,2,1,,19,5,502.4296134808334,3,2,11104.263157894737,8999.0,0
453,2026-08-18,6,11,2,2,,21,6,742.4952118697222,2,2,5189.476190476191,4999.0,0
454,2026-08-18,5,7,1,0,,13,5,569.6997133925,2,1,10537.461538461539,0.0,0
455,2026-08-18,7,12,2,0,,21,7,92.63852157527778,1,1,6999.0,0.0,0
456,2026-08-18,7,12,4,1,,24,8,485.7572553783333,2,2,5332.333333333333,4999.0,0
457,2026-08-18,5,13,0,0,,18,5,152.20422261444443,3,2,7776.777777777777,0.0,0
458,2026-08-18,5,9,1,0,,15,5,88.17294760916667,2,1,10865.666666666666,0.0,0
459,2026-08-18,6,10,1,0,,17,6,1379.5690030624999,4,3,10410.764705882353,0.0,0
460,2026-08-18,3,5,0,0,,8,3,968.3021447630555,2,1,11499.0,0.0,0
461,2026-08-18,5,10,1,0,,16,5,642.6817533572223,2,2,5999.0,0.0,0
462,2026-08-18,6,12,0,0,,18,6,823.9197765847222,3,3,6999.0,0.0,0
463,2026-08-18,6,10,0,0,,16,6,906.3311120133334,3,2,11624.0,0.0,0
464,2026-08-18,8,13,4,1,,26,8,249.43814976111113,3,2,8306.692307692309,6999.0,0
465,2026-08-18,9,21,5,3,,38,9,122.18382317277778,3,3,5525.315789473684,5665.666666666667,0
466,2026-08-18,9,18,4,1,,32,9,383.41581849305555,3,3,5936.5,6999.0,0
467,2026-08-18,5,12,0,0,,17,7,1999.183227853611,2,2,6763.705882352941,0.0,0
468,2026-08-18,5,10,0,0,,15,5,54.852117373055556,2,1,10065.666666666666,0.0,0
469,2026-08-18,6,12,1,0,,19,6,1035.6155928347223,2,1,9841.105263157895,0.0,0
470,2026-08-18,9,22,2,9,3.0,45,9,319.03214982972224,4,3,8243.444444444445,8332.333333333334,0
471,2026-08-18,9,20,4,9,7.0,49,10,215.8340516313889,1,1,6999.0,6999.0,0
472,2026-08-18,3,7,1,0,,11,3,141.2978480425,1,1,6999.0,0.0,0
473,2026-08-18,8,13,1,0,,22,8,40.07893869805556,4,3,7453.545454545455,0.0,0
474,2026-08-18,7,16,1,0,,24,7,316.98393926694445,4,3,10082.333333333334,0.0,0
475,2026-08-18,6,14,0,0,,20,6,414.12958826666664,3,2,10799.0,0.0,0
476,2026-08-18,5,12,4,1,,22,5,1208.7820024908333,4,3,7453.545454545455,6999.0,0
477,2026-08-18,6,13,2,3,2.0,26,6,261.1368860130556,4,3,7229.7692307692305,6999.0,0
478,2026-08-18,6,12,1,0,,19,6,1289.0183430897223,3,3,8051.631578947368,0.0,0
479,2026-08-18,7,13,0,0,,20,7,63.199021128055556,3,2,10399.0,0.0,0
480,2026-08-18,6,15,1,0,,22,6,61.09092710944445,3,3,5362.636363636364,0.0,0
481,2026-08-18,8,20,4,1,,33,8,1302.3991953980556,3,3,5302.030303030303,4999.0,0
482,2026-08-18,7,14,0,0,,21,7,949.0354418205555,2,2,7570.428571428572,0.0,0
483,2026-08-18,7,12,6,2,,27,7,387.77441136805555,2,2,5443.444444444444,4999.0,0
484,2026-08-18,5,11,1,0,,17,5,345.7795324077778,4,3,8999.0,0.0,0
485,2026-08-18,8,19,1,0,,28,9,58.216485444444444,4,3,7570.428571428572,0.0,0
486,2026-08-18,4,7,1,0,,12,4,798.4569296525,4,3,7832.333333333333,0.0,0
487,2026-08-18,4,9,1,0,,14,4,51.599925938055556,2,1,9284.714285714286,0.0,0
488,2026-08-18,6,10,1,0,,17,5,0.850867665,2,2,5704.882352941177,0.0,0
489,2026-08-18,8,15,2,3,,28,9,439.96590309833334,4,3,7356.142857142857,6999.0,0
490,2026-08-18,5,10,0,0,,15,5,430.8231556447222,3,2,10465.666666666666,0.0,0
491,2026-08-18,12,25,6,12,10.0,65,13,273.46546220777776,3,3,5306.692307692308,5165.666666666667,0
492,2026-08-18,6,12,1,0,,19,6,1846.798321943889,4,3,8788.473684210527,0.0,0
493,2026-08-18,9,22,7,1,,39,9,211.35859971194444,2,2,6896.4358974358975,6999.0,0
494,2026-08-18,8,12,4,0,,24,9,1047.1439159075,3,2,9499.0,0.0,0
495,2026-08-18,6,12,0,0,,18,6,145.17888348583335,2,1,10999.0,0.0,0
496,2026-08-18,6,11,0,0,,17,6,903.9180972758334,1,1,4999.0,0.0,0
497,2026-08-18,6,12,1,0,,19,6,913.9316626155555,2,1,11946.368421052632,0.0,0
498,2026-08-18,7,13,0,0,,20,7,375.2939776516667,1,1,4999.0,0.0,0
499,2026-08-18,5,10,1,0,,16,6,46.15936531611111,2,2,6749.0,0.0,0
500,2026-08-18,5,11,1,0,,17,5,312.99868437388886,2,2,6410.764705882353,0.0,0
5,2026-08-25,9,18,4,0,,31,9,86.5463626038889,4,3,7257.064516129032,0.0,0
6,2026-08-25,7,13,1,0,,21,7,74.94905634694445,2,2,7284.714285714285,0.0,0
7,2026-08-25,9,17,2,9,8.0,45,9,378.71240938305556,4,3,5710.111111111111,5665.666666666667,1
8,2026-08-25,8,18,6,0,,32,8,521.5396539791667,4,3,10249.0,0.0,0
9,2026-08-25,6,12,1,0,,19,7,27.460933973055557,2,1,10683.21052631579,0.0,0
10,2026-08-25,7,15,0,0,,22,7,250.39389953111112,1,1,6999.0,0.0,0
11,2026-08-25,3,5,0,0,,8,3,1428.8436182416667,2,2,6499.0,0.0,0
12,2026-08-25,5,14,0,0,,19,5,457.56518075444444,2,2,5841.105263157895,0.0,0
13,2026-08-25,6,11,5,0,,22,6,755.7590615025,2,2,7271.727272727273,0.0,0
14,2026-08-25,7,16,1,0,,24,7,477.4177341372222,2,2,5165.666666666667,0.0,0
15,2026-08-25,9,16,3,9,6.0,43,9,341.4956533041667,4,3,6161.790697674419,6110.111111111111,0
16,2026-08-25,6,12,2,0,,20,6,356.01213632472223,3,3,5899.0,0.0,0
17,2026-08-25,5,9,2,0,,16,4,202.40178349277778,2,2,6624.0,0.0,0
18,2026-08-25,5,11,0,0,,16,5,401.1917478952778,3,2,10499.0,0.0,0
19,2026-08-25,7,12,6,1,,26,6,308.07606096611113,3,2,6383.615384615385,4999.0,0
20,2026-08-25,10,17,5,2,,34,10,56.04871951194445,4,3,10704.882352941177,10999.0,0
21,2026-08-25,4,11,0,0,,15,4,576.9238508502777,3,2,10332.333333333334,0.0,0
22,2026-08-25,9,18,3,9,7.0,46,9,43.08334798138888,4,3,10346.826086956522,10332.333333333334,0
23,2026-08-25,7,13,3,0,,23,7,1174.1348652969446,2,2,6477.260869565217,0.0,0
24,2026-08-25,6,12,0,0,,18,4,321.9722726472222,3,2,10554.555555555555,0.0,0
25,2026-08-25,5,6,1,0,,12,5,2662.6713998377777,2,2,6665.666666666667,0.0,0
26,2026-08-25,8,18,6,2,,34,8,454.77443059,2,2,5351.941176470588,4999.0,0
27,2026-08-25,4,6,0,0,,10,4,616.9925138066666,3,3,7799.0,0.0,0
28,2026-08-25,8,19,1,0,,28,7,798.8020068619444,3,3,7141.857142857143,0.0,0
29,2026-08-25,8,17,5,3,,33,8,64.23303567361111,3,3,6817.181818181818,6332.333333333333,0
30,2026-08-25,7,13,2,0,,22,7,32.98689988722222,4,3,7453.545454545455,0.0,0
31,2026-08-25,6,11,2,3,,22,6,1218.3424425677777,3,2,10362.636363636364,10332.333333333334,0
32,2026-08-25,6,8,4,1,1.0,20,5,290.27239662249997,3,2,9099.0,8999.0,0
33,2026-08-25,7,13,6,4,,30,7,54.72717999333333,3,2,9799.0,8999.0,0
34,2026-08-25,3,5,1,0,,9,3,878.5483106375001,3,3,6554.555555555556,0.0,0
35,2026-08-25,5,9,2,0,,16,5,1066.9032488380556,4,3,7749.0,0.0,0
36,2026-08-25,10,23,8,4,,45,9,124.94573905777779,4,3,7399.0,7499.0,0
37,2026-08-25,5,9,3,0,,17,4,227.3791634886111,1,1,4999.0,0.0,0
38,2026-08-25,9,17,5,3,,34,9,350.9780809277778,4,3,10940.176470588236,11665.666666666666,0
39,2026-08-25,7,13,3,3,1.0,27,7,1066.5407253822223,2,2,5295.2962962962965,4999.0,0
40,2026-08-25,8,21,6,2,,37,8,81.47461232833334,3,2,10620.621621621622,7999.0,0
41,2026-08-25,5,12,0,0,,17,5,251.19834481944443,3,2,9351.941176470587,0.0,0
42,2026-08-25,4,11,2,0,,17,4,717.4911234736112,2,2,5940.176470588235,0.0,0
43,2026-08-25,8,19,3,4,,34,7,313.77977094333335,3,2,11234.29411764706,10499.0,0
44,2026-08-25,7,17,1,0,,25,8,366.58758930166664,3,2,5479.0,0.0,0
45,2026-08-25,5,11,0,0,,16,5,1045.6594106166667,3,2,10874.0,0.0,0
46,2026-08-25,6,15,1,0,,22,7,47.88397763194445,4,3,10089.90909090909,0.0,0
47,2026-08-25,5,12,0,0,,17,5,617.6873121472222,3,3,6999.0,0.0,0
48,2026-08-25,6,12,2,0,,20,6,161.54208694166667,2,2,6199.0,0.0,0
49,2026-08-25,10,22,6,1,,39,10,236.9267460738889,3,2,5819.51282051282,4999.0,0
50,2026-08-25,6,11,0,0,,17,6,410.76338451000004,4,3,7704.882352941177,0.0,0
51,2026-08-25,8,17,1,0,,26,8,713.4859186808333,3,2,10691.307692307691,0.0,0
52,2026-08-25,7,13,3,4,,27,7,296.15871207027783,3,2,8999.0,8499.0,0
53,2026-08-25,8,16,1,0,,25,8,90.27718118638889,2,2,5159.0,0.0,0
54,2026-08-25,5,13,0,0,,18,5,96.25890152361112,4,3,8221.222222222223,0.0,0
55,2026-08-25,7,14,1,0,,22,7,1475.3549205161112,1,1,4999.0,0.0,0
56,2026-08-25,7,11,0,0,,18,7,511.98300732166666,2,2,5665.666666666667,0.0,0
57,2026-08-25,8,14,5,2,1.0,30,8,1087.3539232752778,1,1,4999.0,4999.0,0
58,2026-08-25,5,10,1,0,,16,5,671.6638555686111,2,2,5499.0,0.0,0
59,2026-08-25,5,12,0,0,,17,5,705.6639608886111,3,2,7940.176470588235,0.0,0
60,2026-08-25,9,16,6,2,,33,9,43.01045146916666,1,1,4999.0,4999.0,0
61,2026-08-25,4,6,0,0,,10,4,109.92355269111111,3,2,9199.0,0.0,0
62,2026-08-25,5,11,0,0,,16,5,702.7707894158334,2,2,5249.0,0.0,0
63,2026-08-25,5,12,2,0,,19,5,792.1945601227777,2,2,7104.263157894737,0.0,0
64,2026-08-25,10,22,7,4,,43,10,1141.3131565811111,2,2,5185.046511627907,4999.0,0
65,2026-08-25,3,8,0,0,,11,3,235.70160682972224,3,2,7726.272727272727,0.0,0
66,2026-08-25,9,15,5,2,,31,9,578.9425564663889,4,3,7257.064516129032,6999.0,0
67,2026-08-25,7,15,2,0,,24,6,301.8308179647222,3,2,9999.0,0.0,0
68,2026-08-25,7,12,0,0,,19,7,200.37029296222224,2,1,11525.315789473685,0.0,0
69,2026-08-25,5,11,0,0,,16,5,767.1953028038889,1,1,6999.0,0.0,0
70,2026-08-25,7,11,0,0,,18,7,137.45487663361112,3,3,7110.111111111111,0.0,0
71,2026-08-25,10,20,2,10,6.0,48,8,819.1690664563889,2,2,7249.0,7399.0,1
72,2026-08-25,5,8,0,0,,13,5,1019.2488867444445,3,2,7460.538461538462,0.0,0
73,2026-08-25,8,14,2,0,,24,8,790.4720106241667,3,3,5749.0,0.0,0
74,2026-08-25,8,12,2,0,,22,7,1210.8426138825,3,3,6999.0,0.0,0
75,2026-08-25,10,22,8,3,1.0,44,10,80.43882628805555,4,3,9317.181818181818,8999.0,0
76,2026-08-25,5,9,0,0,,14,5,1058.5263880680557,3,2,7284.714285714285,0.0,0
77,2026-08-25,6,11,3,0,,20,6,918.6321948191667,3,3,7099.0,0.0,0
78,2026-08-25,7,17,1,0,,25,7,66.42781902333333,3,3,5479.0,0.0,0
79,2026-08-25,7,14,4,0,,25,7,324.4879720505555,2,2,7239.0,0.0,0
80,2026-08-25,7,16,2,0,,25,7,799.3056451666666,4,3,7719.0,0.0,0
81,2026-08-25,7,14,2,0,,23,6,559.6469485316667,3,3,7085.95652173913,0.0,0
82,2026-08-25,10,22,5,3,,40,10,338.1848874397222,3,2,11249.0,12999.0,0
83,2026-08-25,7,17,0,0,,24,7,97.12566404222223,3,2,10165.666666666666,0.0,0
84,2026-08-25,9,16,5,3,,33,8,138.3173491086111,2,2,5241.424242424242,4999.0,0
85,2026-08-25,10,16,4,10,7.0,47,10,420.0445953363889,3,3,5381.978723404255,5199.0,0
86,2026-08-25,8,18,2,0,,28,9,227.7844475338889,2,2,5570.428571428572,0.0,0
87,2026-08-25,7,14,0,0,,21,7,78.52974082083333,3,2,7665.666666666667,0.0,0
88,2026-08-25,10,18,5,3,1.0,37,9,90.32670625722221,4,3,7431.4324324324325,7665.666666666667,0
89,2026-08-25,5,9,0,0,,14,5,464.38354457805553,3,3,5713.285714285715,0.0,0
90,2026-08-25,5,10,1,0,,16,5,520.264733995,2,1,9999.0,0.0,0
91,2026-08-25,6,13,2,0,,21,6,575.0968260283333,4,3,10332.333333333334,0.0,0
92,2026-08-25,6,11,0,0,,17,6,288.9216914586111,3,2,10410.764705882353,0.0,0
93,2026-08-25,10,21,3,10,6.0,50,9,999.6608906722223,3,2,7639.0,7599.0,0
94,2026-08-25,7,13,1,0,,21,7,49.363421553888884,4,3,5856.142857142857,0.0,0
95,2026-08-25,10,14,6,1,,31,10,154.76004394499998,4,3,9966.741935483871,12999.0,0
96,2026-08-25,8,16,3,8,6.0,41,8,212.48499222638887,3,3,7047.780487804878,6999.0,1
97,2026-08-25,7,13,1,0,,21,7,356.4157549552778,3,2,10713.285714285714,0.0,0
98,2026-08-25,7,13,0,0,,20,7,16.5962939775,3,2,7499.0,0.0,0
99,2026-08-25,8,17,1,0,,26,7,342.6120509513889,2,2,6845.153846153846,0.0,0
100,2026-08-25,6,8,2,0,,16,6,1122.5999464730555,4,3,8999.0,0.0,0
101,2026-08-25,10,20,6,6,1.0,43,10,299.3410806025,4,3,10301.32558139535,9332.333333333334,0
102,2026-08-25,9,15,5,9,5.0,43,9,649.6094468933334,3,3,5278.069767441861,5221.222222222223,0
103,2026-08-25,7,11,1,0,,19,7,1809.943936622778,3,2,9630.578947368422,0.0,0
104,2026-08-25,6,13,1,0,,20,6,547.5079451941666,2,2,7299.0,0.0,0
105,2026-08-25,9,18,3,2,,32,8,325.33431988027775,3,2,11374.0,12999.0,0
106,2026-08-25,10,17,4,1,1.0,33,9,511.32630890750005,3,3,7180.818181818182,8999.0,0
107,2026-08-25,6,16,1,0,,23,6,172.38774509444445,2,2,6825.086956521739,0.0,0
108,2026-08-25,7,15,3,0,,25,8,306.1149927863889,3,2,9959.0,0.0,0
109,2026-08-25,6,16,2,0,,24,6,246.28836430527778,3,3,6165.666666666667,0.0,0
110,2026-08-25,7,16,1,0,,24,7,35.9366199725,3,3,5582.333333333333,0.0,0
111,2026-08-25,6,12,4,1,1.0,24,6,34.216969905,4,3,10415.666666666666,12999.0,0
112,2026-08-25,9,15,5,2,,31,9,344.7178125394444,2,2,5515.129032258064,4999.0,0
113,2026-08-25,9,16,3,9,8.0,45,9,187.98022763194444,4,3,9665.666666666666,9887.888888888889,1
114,2026-08-25,8,17,1,0,,26,8,117.91062913388889,2,1,11152.846153846154,0.0,0
115,2026-08-25,5,8,0,0,,13,5,393.1106173561111,1,1,6999.0,0.0,0
116,2026-08-25,8,15,1,0,,24,8,174.54703102027779,3,3,7082.333333333333,0.0,0
117,2026-08-25,5,9,1,0,,15,5,36.64922409333333,2,2,6065.666666666667,0.0,0
118,2026-08-25,5,10,3,2,,20,5,1842.3035029227779,3,2,7599.0,6999.0,0
119,2026-08-25,8,18,1,0,,27,8,952.3116483441667,3,2,10702.703703703704,0.0,0
120,2026-08-25,5,9,1,0,,15,5,79.7241042513889,3,2,8065.666666666667,0.0,0
121,2026-08-25,8,16,1,0,,25,7,305.0644677786111,2,2,5479.0,0.0,0
122,2026-08-25,9,15,7,3,,34,9,194.72247001111108,3,3,7175.470588235294,6332.333333333333,0
123,2026-08-25,6,12,1,0,,19,6,875.3961490436112,1,1,6999.0,0.0,0
124,2026-08-25,7,14,0,0,,21,6,1243.5074783925002,1,1,6999.0,0.0,0
125,2026-08-25,8,16,6,2,1.0,33,8,94.32480274194444,1,1,6999.0,6999.0,0
126,2026-08-25,6,11,3,0,,20,6,30.615548494444443,2,2,5299.0,0.0,0
127,2026-08-25,5,11,1,0,,17,5,157.95334604638887,1,1,4999.0,0.0,0
128,2026-08-25,10,20,8,1,,39,10,1135.2654362455555,3,2,11665.666666666666,12999.0,0
129,2026-08-25,9,20,6,1,,36,9,181.12850071833333,3,2,7721.222222222223,8999.0,0
130,2026-08-25,8,17,3,0,,28,8,146.1418028938889,4,3,11213.285714285714,0.0,0
131,2026-08-25,6,13,0,0,,19,7,67.98093976666667,1,1,4999.0,0.0,0
132,2026-08-25,8,15,5,3,2.0,33,8,126.99886357000001,3,3,6756.575757575758,7665.666666666667,0
133,2026-08-25,10,15,6,2,1.0,34,10,134.62254283972223,3,3,6704.882352941177,5999.0,0
134,2026-08-25,4,4,0,0,,8,4,79.98985124861112,1,1,6999.0,0.0,0
135,2026-08-25,5,8,1,0,,14,5,1248.5738722744445,3,2,11141.857142857143,0.0,0
136,2026-08-25,8,14,3,1,,26,7,98.3693888963889,2,2,5306.692307692308,4999.0,0
137,2026-08-25,8,16,2,8,4.0,38,8,371.37984869638893,2,2,5841.105263157895,5999.0,1
138,2026-08-25,5,12,1,0,,18,5,1723.7504027008333,2,2,6776.777777777777,0.0,0
139,2026-08-25,6,14,0,0,,20,6,927.558978008889,2,2,6799.0,0.0,0
140,2026-08-25,7,11,0,0,,18,7,756.5346599769445,2,2,6776.777777777777,0.0,0
141,2026-08-25,6,11,1,0,,18,5,732.9637381322223,3,3,7221.222222222223,0.0,0
142,2026-08-25,12,28,7,12,8.0,67,12,189.37752489083334,4,3,7058.701492537313,6999.0,0
143,2026-08-25,5,9,4,1,,19,5,835.4067405077777,3,3,7314.789473684211,6999.0,0
144,2026-08-25,10,18,5,5,1.0,39,11,138.3203580866667,2,2,5255.410256410257,5399.0,0
145,2026-08-25,11,19,9,4,,43,11,372.32216557861113,3,2,11138.53488372093,11999.0,0
146,2026-08-25,9,21,5,9,8.0,52,9,514.2175013333333,1,1,4999.0,4999.0,0
147,2026-08-25,4,6,0,0,,10,4,1072.8697848969443,3,2,9399.0,0.0,0
148,2026-08-25,8,18,3,0,,29,9,97.93010645305556,1,1,4999.0,0.0,0
149,2026-08-25,7,15,0,0,,22,6,160.17323028,4,3,8089.909090909091,0.0,0
150,2026-08-25,4,10,0,0,,14,4,553.1285992583333,3,3,5427.571428571428,0.0,0
151,2026-08-25,9,15,3,3,,30,9,427.04535692166667,2,1,10465.666666666666,8999.0,0
152,2026-08-25,5,9,0,0,,14,5,615.227586176389,3,3,5427.571428571428,0.0,0
153,2026-08-25,5,11,0,0,,16,5,888.9385487744445,4,3,10124.0,0.0,0
154,2026-08-25,3,5,2,1,,11,3,153.5252815327778,1,1,6999.0,6999.0,0
155,2026-08-25,5,5,1,0,,11,5,1047.2043041041666,2,2,6635.363636363636,0.0,0
156,2026-08-25,8,10,7,3,,28,7,342.69833254888886,3,3,8070.428571428572,8999.0,0
157,2026-08-25,12,22,5,12,9.0,60,11,1194.5641312269445,4,3,5799.0,5832.333333333333,1
158,2026-08-25,5,10,1,0,,16,5,106.08921515527778,3,2,11749.0,0.0,0
159,2026-08-25,7,13,0,0,,20,7,174.09425468472222,4,3,5799.0,0.0,0
160,2026-08-25,5,10,1,0,,16,5,63.07442015944444,2,2,6749.0,0.0,0
161,2026-08-25,6,11,0,0,,17,6,1517.5406046655557,2,2,6881.35294117647,0.0,0
162,2026-08-25,9,19,3,9,7.0,47,9,45.75492064138889,4,3,7126.659574468085,7665.666666666667,1
163,2026-08-25,5,12,1,1,,19,5,224.13521102666667,3,2,9630.578947368422,8999.0,0
164,2026-08-25,9,17,5,9,6.0,46,8,283.61305253305557,3,2,7738.130434782609,8110.111111111111,0
165,2026-08-25,11,25,4,11,9.0,60,12,26.08650007972222,3,2,9999.0,10089.90909090909,1
166,2026-08-25,8,17,6,8,6.0,45,8,2580.153994393611,3,3,7132.333333333333,6999.0,0
167,2026-08-25,9,18,6,1,1.0,35,9,311.2038507075,3,2,10884.714285714286,8999.0,0
168,2026-08-25,10,23,4,10,6.0,53,10,159.64882754444446,2,2,7263.1509433962265,8199.0,1
169,2026-08-25,4,5,0,0,,9,4,721.4070002375,2,1,9887.888888888889,0.0,0
170,2026-08-25,6,10,0,0,,16,6,1775.6254166030556,2,1,11749.0,0.0,0
171,2026-08-25,7,16,3,3,1.0,30,7,1694.7203015758332,4,3,7599.0,6999.0,0
172,2026-08-25,6,12,0,0,,18,6,738.0782525394444,3,2,7443.444444444444,0.0,0
173,2026-08-25,4,8,0,0,,12,4,871.7513310288889,3,3,8665.666666666666,0.0,0
174,2026-08-25,9,19,6,2,,36,8,486.16525537,3,2,5887.888888888889,6999.0,0
175,2026-08-25,8,17,2,0,,27,8,123.20017666416666,4,3,9665.666666666666,0.0,0
176,2026-08-25,9,21,5,3,,38,9,430.9399602308333,3,3,6104.263157894737,4999.0,0
177,2026-08-25,6,9,3,0,,18,6,1954.72538805,1,1,4999.0,0.0,0
178,2026-08-25,7,14,1,0,,22,7,34.24516941,3,2,10271.727272727272,0.0,0
179,2026-08-25,5,9,0,0,,14,5,557.4862801772222,1,1,6999.0,0.0,0
180,2026-08-25,5,8,0,0,,13,6,761.8146152833333,1,1,4999.0,0.0,0
181,2026-08-25,7,12,1,0,,20,7,916.4031400916667,3,2,9799.0,0.0,0
182,2026-08-25,7,11,2,0,,20,7,771.3560196527778,2,2,7599.0,0.0,0
183,2026-08-25,7,16,0,0,,23,7,637.6408888502777,4,3,7085.95652173913,0.0,0
184,2026-08-25,6,8,1,0,,15,6,831.1261148174999,3,3,6599.0,0.0,0
185,2026-08-25,7,13,3,0,,23,7,841.2823950108334,3,2,10390.304347826086,0.0,0
186,2026-08-25,8,16,2,0,,26,8,259.5376487016666,2,2,8383.615384615385,0.0,0
187,2026-08-25,6,10,2,0,,18,6,325.21677032888886,3,2,5665.666666666667,0.0,0
188,2026-08-25,7,9,4,7,7.0,34,7,479.24792590333334,3,3,6351.941176470588,6427.571428571428,0
189,2026-08-25,5,11,2,0,,18,5,768.536070765,2,2,7443.444444444444,0.0,0
190,2026-08-25,6,15,2,0,,23,6,279.6103877655556,3,3,6825.086956521739,0.0,0
191,2026-08-25,6,15,4,1,,26,6,119.18810102527779,2,2,8152.846153846154,12999.0,0
192,2026-08-25,4,5,0,0,,9,4,206.67713978,2,1,12110.111111111111,0.0,0
193,2026-08-25,6,11,2,0,,19,5,740.1782707286111,3,2,6472.684210526316,0.0,0
194,2026-08-25,8,15,6,3,1.0,33,8,291.2220684036111,1,1,4999.0,4999.0,0
195,2026-08-25,5,8,1,0,,14,4,1094.9282752719444,2,2,6141.857142857143,0.0,0
196,2026-08-25,8,18,6,4,,36,8,39.903163795,1,1,6999.0,6999.0,0
197,2026-08-25,9,16,6,4,,35,10,47.74309940305555,3,2,10027.57142857143,9999.0,0
198,2026-08-25,6,10,1,0,,17,6,16.565142935,2,1,11116.64705882353,0.0,0
199,2026-08-25,8,17,2,1,,28,8,604.9866802313888,3,2,7570.428571428572,6999.0,0
200,2026-08-25,12,28,5,12,10.0,67,12,172.67056101138888,3,2,7804.9701492537315,8165.666666666667,0
201,2026-08-25,7,12,1,0,,20,7,18.152125456666667,4,3,8899.0,0.0,0
202,2026-08-25,5,13,1,0,,19,5,2561.4235514180555,3,2,11209.526315789473,0.0,0
203,2026-08-25,7,14,1,0,,22,6,932.1030551619444,4,3,9180.818181818182,0.0,0
204,2026-08-25,9,18,3,2,,32,9,190.70485441888889,2,2,7561.5,6999.0,0
205,2026-08-25,7,15,4,7,6.0,39,7,1167.514299711389,4,3,11255.410256410256,11570.42857142857,1
206,2026-08-25,8,12,6,1,1.0,28,6,316.6243105241667,3,3,6999.0,6999.0,0
207,2026-08-25,5,12,0,0,,17,5,389.9364052919445,2,1,9469.588235294117,0.0,0
208,2026-08-25,6,11,1,0,,18,6,962.9748645738889,4,3,10332.333333333334,0.0,0
209,2026-08-25,10,13,6,0,,29,10,76.64159118888888,2,2,5205.896551724138,0.0,0
210,2026-08-25,6,14,1,0,,21,6,285.96003495472223,3,3,5951.380952380952,0.0,0
211,2026-08-25,4,8,2,0,,14,4,228.72859831527776,2,1,10999.0,0.0,0
212,2026-08-25,4,8,1,0,,13,4,3087.5620177663886,2,1,10537.461538461539,0.0,0
213,2026-08-25,5,9,1,0,,15,5,255.0455918433333,2,1,11399.0,0.0,0
214,2026-08-25,8,13,1,0,,22,8,459.3314350736111,4,3,8726.272727272728,0.0,0
215,2026-08-25,11,21,5,2,,39,10,1431.782739823889,4,3,11050.28205128205,8999.0,0
216,2026-08-25,11,23,5,11,9.0,59,11,474.93912827083335,3,3,6965.1016949152545,6999.0,1
217,2026-08-25,4,6,0,0,,10,4,1193.8007247302776,2,2,5399.0,0.0,0
218,2026-08-25,7,9,1,0,,17,7,321.4984019405556,1,1,4999.0,0.0,0
219,2026-08-25,8,13,2,0,,23,9,666.5457811405555,4,3,9694.652173913044,0.0,0
220,2026-08-25,7,15,2,0,,24,7,736.6142797061111,3,2,9165.666666666666,0.0,0
221,2026-08-25,9,19,3,2,1.0,34,10,215.7927282322222,4,3,9293.117647058823,10999.0,0
222,2026-08-25,6,12,1,0,,19,6,100.88893634527778,3,2,7420.0526315789475,0.0,0
223,2026-08-25,7,11,4,4,,26,7,236.2557131761111,3,3,6845.153846153846,6999.0,0
224,2026-08-25,10,17,5,10,8.0,50,10,53.331117653888896,2,2,7079.0,6999.0,0
225,2026-08-25,4,9,1,0,,14,4,1502.4389487536112,1,1,6999.0,0.0,0
226,2026-08-25,3,5,0,0,,8,3,1.1514187616666667,2,1,9499.0,0.0,0
227,2026-08-25,5,8,4,0,,17,5,1295.4897745572223,3,3,5822.529411764706,0.0,0
228,2026-08-25,9,14,6,3,1.0,33,9,186.85185131305556,3,3,7120.212121212121,6999.0,0
229,2026-08-25,8,14,0,0,,22,7,136.48048385055557,3,3,6544.454545454545,0.0,0
230,2026-08-25,6,13,1,0,,20,6,1104.071685516389,3,3,6399.0,0.0,0
231,2026-08-25,9,19,2,2,,32,9,331.5164402702778,3,3,5999.0,6999.0,0
232,2026-08-25,4,7,0,0,,11,4,398.60967630444446,1,1,6999.0,0.0,0
233,2026-08-25,5,7,0,0,,12,5,315.9654241705556,2,1,11999.0,0.0,0
234,2026-08-25,5,10,2,0,,17,5,86.44918009361112,3,2,9822.529411764706,0.0,0
235,2026-08-25,6,13,5,3,,27,6,546.7699588897223,2,1,10036.037037037036,10332.333333333334,0
236,2026-08-25,10,18,4,4,1.0,37,10,320.0483799702778,3,2,10350.351351351352,10499.0,0
237,2026-08-25,7,11,3,0,,21,7,694.3635640216667,2,2,5379.952380952381,0.0,0
238,2026-08-25,7,12,0,0,,19,7,317.7636104047222,2,2,5209.526315789473,0.0,0
239,2026-08-25,6,12,2,0,,20,6,590.4539284044445,3,2,11299.0,0.0,0
240,2026-08-25,8,18,5,4,1.0,36,9,916.3699488669445,4,3,6665.666666666667,6999.0,0
241,2026-08-25,6,10,1,0,,17,6,1209.9937438327777,1,1,4999.0,0.0,0
242,2026-08-25,5,13,2,3,,23,5,37.09892685944444,2,2,6825.086956521739,6999.0,0
243,2026-08-25,6,7,1,0,,14,6,1930.2691445052778,3,2,7284.714285714285,0.0,0
244,2026-08-25,7,13,1,0,,21,7,522.9018389605556,4,3,9665.666666666666,0.0,0
245,2026-08-25,7,16,6,1,,30,7,1087.8383255627778,2,2,5665.666666666667,4999.0,0
246,2026-08-25,5,11,1,0,,17,5,1210.6927622272221,4,3,8410.764705882353,0.0,0
247,2026-08-25,4,6,0,0,,10,4,976.0696858508334,3,2,9399.0,0.0,0
248,2026-08-25,8,19,7,1,1.0,36,9,260.338377685,2,1,11776.777777777777,8999.0,0
249,2026-08-25,5,7,1,0,,13,4,219.6142041825,3,3,7152.846153846154,0.0,0
250,2026-08-25,6,15,1,0,,22,6,5.124923823888889,3,2,9544.454545454546,0.0,0
251,2026-08-25,6,13,0,0,,19,6,311.05178146055556,2,2,5104.263157894737,0.0,0
252,2026-08-25,7,13,1,0,,21,7,157.96880691888887,3,2,7856.142857142857,0.0,0
253,2026-08-25,6,12,1,0,,19,6,335.11535665805553,4,3,9946.368421052632,0.0,0
254,2026-08-25,6,17,2,2,,27,6,220.5108970725,3,3,7073.074074074074,7999.0,0
255,2026-08-25,6,13,4,0,,23,6,207.86431788916667,2,2,6912.04347826087,0.0,0
256,2026-08-25,5,10,2,0,,17,5,1848.4782929358335,3,2,6410.764705882353,0.0,0
257,2026-08-25,5,13,1,0,,19,6,126.96725670916668,3,2,10683.21052631579,0.0,0
258,2026-08-25,8,12,0,0,,20,8,1092.2172609938889,2,2,7599.0,0.0,0
259,2026-08-25,10,16,7,10,7.0,50,9,142.13659372333333,4,3,7599.0,7599.0,0
260,2026-08-25,7,16,0,0,,23,7,580.5313618583333,3,2,10477.260869565218,0.0,0
261,2026-08-25,5,10,1,0,,16,5,242.56424589388888,2,1,10249.0,0.0,0
262,2026-08-25,3,6,1,0,,10,3,1618.5490742097222,3,2,8599.0,0.0,0
263,2026-08-25,7,13,2,3,,25,7,1091.1533151888889,1,1,6999.0,6999.0,0
264,2026-08-25,4,6,0,0,,10,4,278.4141635716667,3,2,10199.0,0.0,0
265,2026-08-25,6,15,2,0,,23,6,25.146514920555557,2,2,7520.739130434783,0.0,0
266,2026-08-25,7,10,3,3,,23,7,604.5376075738889,2,2,7172.913043478261,6999.0,0
267,2026-08-25,5,12,1,0,,18,5,295.07695066944444,2,2,5332.333333333333,0.0,0
268,2026-08-25,11,24,5,11,6.0,57,10,285.5257118130555,4,3,7314.789473684211,7180.818181818182,0
269,2026-08-25,8,15,1,0,,24,8,550.1030769411111,4,3,10665.666666666666,0.0,0
270,2026-08-25,8,21,0,0,,29,8,155.38195182555555,3,3,7136.931034482759,0.0,0
271,2026-08-25,4,7,0,0,,11,4,29.0624221075,4,3,9726.272727272728,0.0,0
272,2026-08-25,7,13,4,3,,27,7,2114.7225343597224,1,1,4999.0,4999.0,0
273,2026-08-25,8,16,3,0,,27,8,330.6655558727778,4,3,5961.962962962963,0.0,0
274,2026-08-25,4,8,0,0,,12,5,1924.1029990166667,3,3,6165.666666666667,0.0,0
275,2026-08-25,8,16,2,0,,26,8,165.55745599888888,3,3,6075.923076923077,0.0,0
276,2026-08-25,8,13,3,2,,26,8,559.2388464377777,3,2,7383.615384615385,6999.0,0
277,2026-08-25,4,8,0,0,,12,4,445.9510150794444,1,1,4999.0,0.0,0
278,2026-08-25,7,14,1,0,,22,7,32.52382514138889,2,2,7089.909090909091,0.0,0
279,2026-08-25,6,10,0,0,,16,7,706.8957250938889,2,1,10499.0,0.0,0
280,2026-08-25,7,16,4,0,,27,6,198.46313749722222,4,3,5813.814814814815,0.0,0
281,2026-08-25,8,16,7,3,1.0,35,8,172.12203305666668,3,2,10941.857142857143,11665.666666666666,0
282,2026-08-25,6,12,1,0,,19,6,882.6063350177777,3,2,10367.421052631578,0.0,0
283,2026-08-25,9,15,5,9,6.0,44,9,62.95085785944444,4,3,7544.454545454545,7665.666666666667,0
284,2026-08-25,7,17,2,0,,26,7,714.24568229,4,3,5691.307692307692,0.0,0
285,2026-08-25,9,15,5,9,7.0,45,9,102.28125531138889,3,2,10776.777777777777,10776.777777777777,0
286,2026-08-25,8,17,0,0,,25,8,235.63346210916666,2,2,7079.0,0.0,0
287,2026-08-25,4,5,2,0,,11,4,551.3888845191666,2,2,6453.545454545455,0.0,0
288,2026-08-25,11,22,4,11,7.0,55,10,332.6779934516667,2,1,11326.272727272728,11180.818181818182,0
289,2026-08-25,5,9,2,0,,16,5,570.0057746830555,3,3,6499.0,0.0,0
290,2026-08-25,6,12,1,0,,19,6,181.86239952833333,3,2,7735.8421052631575,0.0,0
291,2026-08-25,7,14,1,0,,22,7,502.3274432369444,4,3,8635.363636363636,0.0,0
292,2026-08-25,8,19,4,1,,32,7,99.30444772638889,2,2,5499.0,4999.0,0
293,2026-08-25,5,11,5,1,1.0,23,5,2152.1070735430553,2,1,11955.521739130434,12999.0,0
294,2026-08-25,8,15,3,0,,26,8,179.85819684583336,4,3,7537.461538461538,0.0,0
295,2026-08-25,6,11,0,0,,17,6,1219.7178282627779,2,1,11822.529411764706,0.0,0
296,2026-08-25,5,10,0,0,,15,5,69.07986687416667,2,2,5265.666666666667,0.0,0
297,2026-08-25,6,13,1,0,,20,6,908.5461014361111,4,3,10699.0,0.0,0
298,2026-08-25,7,18,0,0,,25,7,48.36942810222222,3,2,7399.0,0.0,0
299,2026-08-25,14,21,6,14,10.0,65,14,8.294576367777777,3,2,8045.153846153846,8141.857142857143,0
300,2026-08-25,8,19,2,0,,29,9,335.82195453416665,3,3,6999.0,0.0,0
301,2026-08-25,6,11,2,0,,19,6,135.41170141027777,4,3,10577.947368421053,0.0,0
302,2026-08-25,7,13,2,0,,22,8,167.77628376722222,1,1,6999.0,0.0,0
303,2026-08-25,5,8,0,0,,13,5,943.1137187236111,3,2,9922.076923076924,0.0,0
304,2026-08-25,4,7,1,0,,12,4,2211.3336729044445,3,3,5499.0,0.0,0
305,2026-08-25,6,12,0,0,,18,6,128.9233206786111,2,2,5443.444444444444,0.0,0
306,2026-08-25,6,10,0,0,,16,6,788.5843058422222,2,2,6999.0,0.0,0
307,2026-08-25,4,7,1,0,,12,4,324.71263237833335,3,2,9332.333333333334,0.0,0
308,2026-08-25,8,16,0,0,,24,8,1785.663946396389,2,2,7499.0,0.0,0
309,2026-08-25,4,10,3,1,,18,4,509.39285052472223,3,2,8110.111111111111,8999.0,0
310,2026-08-25,8,12,5,8,8.0,41,8,505.814647335,4,3,10364.853658536585,10249.0,0
311,2026-08-25,4,7,2,0,,13,4,1441.1787067661112,1,1,4999.0,0.0,0
312,2026-08-25,5,11,0,0,,16,5,564.0522562111111,3,3,6249.0,0.0,0
313,2026-08-25,9,19,5,3,,36,9,325.4137430833333,3,2,5443.444444444444,4999.0,0
314,2026-08-25,7,13,0,0,,20,7,189.73202373722222,1,1,4999.0,0.0,0
315,2026-08-25,5,8,0,0,,13,6,597.1651153325,2,2,7460.538461538462,0.0,0
316,2026-08-25,4,9,0,0,,13,4,742.1919863058333,3,2,11306.692307692309,0.0,0
317,2026-08-25,10,20,4,10,7.0,51,10,306.5963999275,3,2,11430.372549019608,11399.0,0
318,2026-08-25,5,8,0,0,,13,5,810.3393840313889,2,2,7306.692307692308,0.0,0
319,2026-08-25,8,19,3,0,,30,9,38.24163186333333,4,3,7799.0,0.0,0
320,2026-08-25,7,16,3,7,5.0,38,7,696.8347968047223,1,1,4999.0,4999.0,0
321,2026-08-25,5,10,1,0,,16,5,340.1832017777778,3,2,5749.0,0.0,0
322,2026-08-25,7,16,3,0,,26,7,106.54730571555555,3,2,10691.307692307691,0.0,0
323,2026-08-25,9,19,2,9,6.0,45,9,308.60018460333333,2,2,7532.333333333333,7665.666666666667,0
324,2026-08-25,7,13,1,1,1.0,23,7,297.8878970825,2,2,5085.95652173913,4999.0,0
325,2026-08-25,6,14,1,0,,21,6,491.51498480583336,2,2,5094.238095238095,0.0,0
326,2026-08-25,4,7,2,0,,13,3,500.1008328325,1,1,4999.0,0.0,0
327,2026-08-25,10,23,3,3,,39,10,503.46448094444446,3,3,5409.25641025641,5665.666666666667,0
328,2026-08-25,6,12,3,2,,23,7,437.3657464252778,3,2,5868.565217391304,4999.0,0
329,2026-08-25,6,9,4,2,1.0,22,6,394.9749850702778,3,3,6999.0,6999.0,0
330,2026-08-25,5,12,0,0,,17,5,450.47837027888886,2,2,5469.588235294118,0.0,0
331,2026-08-25,4,10,0,0,,14,4,300.6154474672222,2,2,7141.857142857143,0.0,0
332,2026-08-25,11,23,9,2,1.0,46,11,35.18803771277778,3,3,5390.304347826087,4999.0,0
333,2026-08-25,8,16,3,3,1.0,31,8,207.33598435722223,4,3,10482.870967741936,11665.666666666666,0
334,2026-08-25,7,13,1,0,,21,7,155.75823421527778,3,3,6903.761904761905,0.0,0
335,2026-08-25,7,14,3,2,,26,7,249.14163684305558,2,2,7460.538461538462,6999.0,0
336,2026-08-25,6,16,0,0,,22,6,668.2484243277777,4,3,7362.636363636364,0.0,0
337,2026-08-25,6,13,2,0,,21,5,219.97077351277778,4,3,7570.428571428572,0.0,0
338,2026-08-25,5,11,1,0,,17,5,494.1399209347222,2,2,8057.823529411765,0.0,0
339,2026-08-25,10,24,6,1,,41,10,119.41649216666667,3,2,5291.682926829269,4999.0,0
340,2026-08-25,11,21,3,3,,38,11,758.6729127097221,3,3,5314.789473684211,4999.0,0
341,2026-08-25,12,24,8,12,9.0,65,12,281.58474437694446,2,2,5368.2307692307695,5332.333333333333,0
342,2026-08-25,6,14,2,0,,22,6,130.90600141638888,4,3,6180.818181818182,0.0,0
343,2026-08-25,6,10,5,1,,22,6,349.51425085722224,3,2,8544.454545454546,8999.0,0
344,2026-08-25,8,18,6,3,1.0,36,9,191.64813616527778,4,3,11054.555555555555,11665.666666666666,0
345,2026-08-25,8,16,6,4,1.0,35,8,82.02760553388889,2,2,5056.142857142857,4999.0,0
346,2026-08-25,8,17,3,4,1.0,33,6,661.8531330919444,4,3,9665.666666666666,9999.0,0
347,2026-08-25,6,15,1,2,,24,6,1007.7302276072222,3,3,5415.666666666667,4999.0,0
348,2026-08-25,9,20,5,3,,37,8,610.4776002019445,4,3,6999.0,6332.333333333333,0
349,2026-08-25,7,12,0,0,,19,7,61.295483088055555,2,1,10683.21052631579,0.0,0
350,2026-08-25,5,10,1,0,,16,5,281.2173509994444,1,1,4999.0,0.0,0
351,2026-08-25,5,8,0,0,,13,5,282.4088738861111,1,1,4999.0,0.0,0
352,2026-08-25,7,13,0,0,,20,8,345.2542394625,4,3,10299.0,0.0,0
353,2026-08-25,7,11,6,2,,26,6,1093.675195861111,3,3,7460.538461538462,6999.0,0
354,2026-08-25,7,13,6,2,1.0,29,7,894.4006670744444,2,1,11205.896551724138,10999.0,0
355,2026-08-25,3,6,0,0,,9,3,141.3583151136111,2,1,11665.666666666666,0.0,0
356,2026-08-25,6,14,0,0,,20,6,177.32123629222224,3,3,6999.0,0.0,0
357,2026-08-25,6,12,0,0,,18,6,1017.2219285375,3,2,10776.777777777777,0.0,0
358,2026-08-25,11,22,9,4,,46,11,121.33589440861111,4,3,5651.173913043478,4999.0,0
359,2026-08-25,11,26,7,11,7.0,62,10,1418.3388581808333,4,3,5579.645161290323,5362.636363636364,1
360,2026-08-25,9,19,4,9,5.0,46,8,1075.3551625188888,3,2,9868.565217391304,10110.111111111111,0
361,2026-08-25,9,19,4,9,6.0,47,9,575.5363651663889,3,2,10190.489361702128,10332.333333333334,1
362,2026-08-25,6,14,4,3,,27,6,625.1807586525,3,3,7295.2962962962965,6999.0,0
363,2026-08-25,12,19,5,12,10.0,58,12,954.4958385463889,1,1,4999.0,4999.0,1
364,2026-08-25,5,7,0,0,,12,5,1602.7848556958334,3,3,6665.666666666667,0.0,0
365,2026-08-25,8,15,1,0,,24,8,261.47336514777777,3,2,11082.333333333334,0.0,0
366,2026-08-25,6,12,2,0,,20,6,579.13006348,2,2,5299.0,0.0,0
367,2026-08-25,9,19,8,4,,40,9,687.9461079900001,4,3,7349.0,6999.0,0
368,2026-08-25,8,17,0,0,,25,8,426.0995612877778,4,3,9239.0,0.0,0
369,2026-08-25,5,10,2,2,,19,5,604.1313715011112,2,2,7104.263157894737,6999.0,0
370,2026-08-25,7,15,1,0,,23,7,616.5220301952778,2,2,5172.913043478261,0.0,0
371,2026-08-25,4,9,1,0,,14,4,171.0480531438889,3,2,9856.142857142857,0.0,0
372,2026-08-25,13,20,6,13,10.0,62,11,7.390550805833334,2,2,5386.096774193548,5306.692307692308,0
373,2026-08-25,7,10,2,0,,19,7,313.85113334805555,3,2,7525.315789473684,0.0,0
374,2026-08-25,5,7,3,0,,15,5,779.3334892869444,3,2,10065.666666666666,0.0,0
375,2026-08-25,4,6,0,0,,10,4,837.1305933997222,2,1,10999.0,0.0,0
376,2026-08-25,6,16,4,1,,27,6,1615.3013629308332,2,2,6036.037037037037,8999.0,0
377,2026-08-25,13,27,5,13,11.0,69,13,378.59166146055554,3,2,7114.942028985507,6999.0,0
378,2026-08-25,6,13,2,0,,21,6,582.1605756025,3,2,5951.380952380952,0.0,0
379,2026-08-25,8,17,2,0,,27,8,307.8942574002778,4,3,10332.333333333334,0.0,0
380,2026-08-25,13,30,8,13,8.0,72,14,91.62791517250001,2,2,5276.777777777777,5306.692307692308,0
381,2026-08-25,5,9,1,0,,15,5,134.76943532166666,2,2,5399.0,0.0,0
382,2026-08-25,6,12,0,0,,18,6,839.515818431111,4,3,10887.888888888889,0.0,0
383,2026-08-25,6,8,1,0,,15,6,440.85711977194444,3,2,11132.333333333334,0.0,0
384,2026-08-25,5,11,2,0,,18,5,27.088837171666665,3,2,9443.444444444445,0.0,0
385,2026-08-25,8,12,1,0,,21,8,651.8596349411112,4,3,10332.333333333334,0.0,0
386,2026-08-25,8,15,1,0,,24,9,154.71312081861112,3,2,11665.666666666666,0.0,0
387,2026-08-25,10,20,5,10,5.0,50,10,34.02018847555556,2,1,10759.0,10999.0,1
388,2026-08-25,6,12,4,1,,23,6,1276.0075836624999,3,2,8042.478260869565,6999.0,0
389,2026-08-25,10,21,5,3,,39,7,7.9445758261111115,3,3,6947.717948717948,6332.333333333333,0
390,2026-08-25,10,20,6,0,,36,10,520.1835620463889,3,2,11221.222222222223,0.0,0
391,2026-08-25,5,10,0,0,,15,5,920.3642568627778,3,2,8465.666666666666,0.0,0
392,2026-08-25,7,19,2,0,,28,7,286.627561485,3,2,10213.285714285714,0.0,0
393,2026-08-25,8,15,2,0,,25,8,385.74619760944444,4,3,10919.0,0.0,0
394,2026-08-25,5,9,1,0,,15,5,198.88095312527778,2,2,7399.0,0.0,0
395,2026-08-25,5,13,2,0,,20,5,1688.6608749005557,3,2,10799.0,0.0,0
396,2026-08-25,6,8,1,0,,15,6,978.1737214219445,2,2,5265.666666666667,0.0,0
397,2026-08-25,10,21,5,1,,37,10,196.68237828972224,2,2,5863.864864864865,12999.0,0
398,2026-08-25,9,20,6,3,,38,9,358.7342039447222,3,2,11525.315789473685,11665.666666666666,0
399,2026-08-25,4,10,0,0,,14,4,972.5472931738889,2,2,7141.857142857143,0.0,0
400,2026-08-25,7,15,0,0,,22,7,64.12637450027778,2,2,5362.636363636364,0.0,0
401,2026-08-25,6,16,1,0,,23,6,116.96046553472222,3,2,10738.130434782608,0.0,0
402,2026-08-25,8,14,5,3,,30,8,730.2054487025,3,2,10065.666666666666,8999.0,0
403,2026-08-25,7,16,1,0,,24,7,491.12088814444445,3,2,7582.333333333333,0.0,0
404,2026-08-25,8,15,7,8,3.0,41,8,27.878236927222222,3,3,7681.926829268293,7499.0,1
405,2026-08-25,7,14,2,1,1.0,25,7,68.65581740166667,3,3,7399.0,6999.0,0
406,2026-08-25,6,13,1,0,,20,7,206.0882756763889,2,2,7599.0,0.0,0
407,2026-08-25,6,13,2,0,,21,6,30.464482201944442,4,3,6332.333333333333,0.0,0
408,2026-08-25,4,8,0,0,,12,4,150.93396001777776,3,3,7332.333333333333,0.0,0
409,2026-08-25,8,19,4,3,1.0,35,7,48.95410245944444,4,3,10484.714285714286,10332.333333333334,0
410,2026-08-25,8,16,2,0,,26,8,196.45228606972222,2,2,5383.615384615385,0.0,0
411,2026-08-25,7,16,2,2,,27,7,98.56800386833332,2,2,6924.925925925926,6999.0,0
412,2026-08-25,8,18,1,0,,27,8,654.6414783755555,3,3,6406.407407407408,0.0,0
413,2026-08-25,4,7,0,0,,11,4,738.1896757969444,2,2,8089.909090909091,0.0,0
414,2026-08-25,6,11,2,1,,20,6,306.92967949055554,3,3,5799.0,4999.0,0
415,2026-08-25,4,6,1,0,,11,4,2699.658482872778,2,2,5726.272727272727,0.0,0
416,2026-08-25,5,12,0,0,,17,5,540.1844165994444,4,3,6057.823529411765,0.0,0
417,2026-08-25,7,15,3,0,,25,8,193.05998566222223,3,3,7319.0,0.0,0
418,2026-08-25,6,12,0,0,,18,6,429.36520737305557,4,3,7999.0,0.0,0
419,2026-08-25,4,9,2,0,,15,4,1427.6689886049999,3,2,9532.333333333334,0.0,0
420,2026-08-25,6,13,0,0,,19,6,591.8272957825,2,1,10893.736842105263,0.0,0
421,2026-08-25,7,13,2,0,,22,7,320.7988559461111,2,2,5180.818181818182,0.0,0
422,2026-08-25,6,15,0,0,,21,7,918.7167403316668,2,2,7570.428571428572,0.0,0
423,2026-08-25,6,9,6,4,2.0,27,6,285.7452718925,3,3,7295.2962962962965,6499.0,0
424,2026-08-25,8,19,3,0,,30,8,206.27784128777776,4,3,5465.666666666667,0.0,0
425,2026-08-25,8,15,6,2,1.0,32,8,277.8930398286111,2,2,5124.0,4999.0,0
426,2026-08-25,6,14,3,6,4.0,33,6,44.77111922305556,2,2,6695.969696969697,6665.666666666667,1
427,2026-08-25,7,12,1,0,,20,7,113.76230274111111,1,1,4999.0,0.0,0
428,2026-08-25,8,16,2,3,,29,8,727.4763117255555,4,3,10654.172413793103,11665.666666666666,0
429,2026-08-25,7,17,4,0,,28,6,82.40377360361111,3,2,10999.0,0.0,0
430,2026-08-25,5,13,0,0,,18,5,598.9689545908334,2,1,11443.444444444445,0.0,0
431,2026-08-25,5,11,3,1,,20,5,10.73136479,2,1,10599.0,8999.0,1
432,2026-08-25,7,13,3,1,,24,7,31.329481890833332,2,1,9332.333333333334,8999.0,0
433,2026-08-25,10,22,5,10,9.0,56,9,312.95713487333336,3,2,6070.428571428572,6199.0,0
434,2026-08-25,5,11,2,0,,18,5,366.9522079225,3,2,10999.0,0.0,0
435,2026-08-25,6,16,1,0,,23,6,57.66530666166667,4,3,6042.478260869565,0.0,0
436,2026-08-25,6,13,1,0,,20,6,565.2109457063889,2,2,6799.0,0.0,0
437,2026-08-25,8,17,7,4,1.0,37,8,63.90687169555555,3,2,5971.972972972973,6999.0,0
438,2026-08-25,8,18,6,1,,33,8,546.0306277141666,2,2,6756.575757575758,6999.0,0
439,2026-08-25,5,11,2,0,,18,5,319.9492580861111,3,3,5887.888888888889,0.0,0
440,2026-08-25,10,22,5,10,6.0,53,12,319.7024959991667,2,2,6961.264150943396,6999.0,0
441,2026-08-25,6,10,1,0,,17,6,969.6257696411111,2,2,5940.176470588235,0.0,0
442,2026-08-25,5,11,0,0,,16,5,2771.3731947491665,3,3,5374.0,0.0,0
443,2026-08-25,6,16,1,0,,23,7,199.59799275166665,4,3,11259.869565217392,0.0,0
444,2026-08-25,5,10,0,0,,15,5,153.9827594238889,3,3,5799.0,0.0,0
445,2026-08-25,7,14,3,7,5.0,36,7,246.91021071361112,4,3,6387.888888888889,6713.285714285715,0
446,2026-08-25,9,20,5,5,1.0,40,9,1599.7767735319444,3,2,11399.0,12199.0,0
447,2026-08-25,6,13,0,0,,19,6,42.915420160555556,3,3,5630.578947368421,0.0,0
448,2026-08-25,6,8,4,1,,19,6,145.565965095,2,1,10893.736842105263,12999.0,0
449,2026-08-25,12,26,4,12,9.0,63,11,243.6563409075,3,3,5348.206349206349,5499.0,0
450,2026-08-25,6,12,2,0,,20,6,520.7328076913889,2,2,5799.0,0.0,0
451,2026-08-25,8,12,2,0,,22,8,906.0493608966666,1,1,6999.0,0.0,0
452,2026-08-25,6,12,3,1,,22,6,90.30926910888888,3,2,10817.181818181818,8999.0,0
453,2026-08-25,6,11,2,2,,21,6,910.4952118697222,2,2,5189.476190476191,4999.0,0
454,2026-08-25,5,7,1,0,,13,5,737.6997133924999,2,1,10537.461538461539,0.0,0
455,2026-08-25,7,12,2,0,,21,7,260.63852157527776,1,1,6999.0,0.0,0
456,2026-08-25,7,12,4,1,,24,8,653.7572553783333,2,2,5332.333333333333,4999.0,0
457,2026-08-25,5,13,0,0,,18,5,320.20422261444446,3,2,7776.777777777777,0.0,0
458,2026-08-25,6,11,1,0,,18,6,32.293560658333334,2,1,10999.0,0.0,0
459,2026-08-25,7,12,1,0,,20,7,1.3738470475,4,3,10599.0,0.0,0
460,2026-08-25,3,5,0,0,,8,3,1136.3021447630556,2,1,11499.0,0.0,0
461,2026-08-25,5,10,1,0,,16,5,810.6817533572223,2,2,5999.0,0.0,0
462,2026-08-25,6,12,0,0,,18,6,991.9197765847222,3,3,6999.0,0.0,0
463,2026-08-25,6,10,0,0,,16,6,1074.3311120133333,3,2,11624.0,0.0,0
464,2026-08-25,9,16,5,1,,31,9,162.09429989166668,3,2,8676.41935483871,6999.0,0
465,2026-08-25,9,21,5,3,,38,9,290.18382317277775,3,3,5525.315789473684,5665.666666666667,0
466,2026-08-25,9,18,4,1,,32,9,551.4158184930556,3,3,5936.5,6999.0,0
467,2026-08-25,6,15,0,0,,21,8,112.65684285888888,2,2,6808.523809523809,0.0,0
468,2026-08-25,5,10,0,0,,15,5,222.85211737305556,2,1,10065.666666666666,0.0,0
469,2026-08-25,6,12,1,0,,19,6,1203.615592834722,2,1,9841.105263157895,0.0,0
470,2026-08-25,10,25,2,10,3.0,50,10,152.9046564,4,3,8119.0,8199.0,0
471,2026-08-25,9,20,4,9,7.0,49,10,383.8340516313889,1,1,6999.0,6999.0,0
472,2026-08-25,4,9,2,0,,15,4,52.796433051111116,1,1,6999.0,0.0,0
473,2026-08-25,8,13,1,0,,22,8,208.07893869805554,4,3,7453.545454545455,0.0,0
474,2026-08-25,7,16,1,0,,24,7,484.98393926694445,4,3,10082.333333333334,0.0,0
475,2026-08-25,6,14,0,0,,20,6,582.1295882666667,3,2,10799.0,0.0,0
476,2026-08-25,6,13,5,2,,26,6,63.203925687499996,4,3,7383.615384615385,6999.0,0
477,2026-08-25,6,13,2,3,2.0,26,6,429.1368860130555,4,3,7229.7692307692305,6999.0,0
478,2026-08-25,6,12,1,0,,19,6,1457.0183430897223,3,3,8051.631578947368,0.0,0
479,2026-08-25,7,13,0,0,,20,7,231.19902112805556,3,2,10399.0,0.0,0
480,2026-08-25,8,19,1,0,,28,8,14.159895493055556,3,3,5356.142857142857,0.0,0
481,2026-08-25,9,23,5,1,,38,9,144.3585756625,3,3,5262.1578947368425,4999.0,0
482,2026-08-25,7,14,0,0,,21,7,1117.0354418205554,2,2,7570.428571428572,0.0,0
483,2026-08-25,7,12,6,2,,27,7,555.7744113680556,2,2,5443.444444444444,4999.0,0
484,2026-08-25,5,11,1,0,,17,5,513.7795324077778,4,3,8999.0,0.0,0
485,2026-08-25,8,19,1,0,,28,9,226.21648544444443,4,3,7570.428571428572,0.0,0
486,2026-08-25,5,8,2,0,,15,5,47.41340749583333,4,3,7665.666666666667,0.0,0
487,2026-08-25,4,9,1,0,,14,4,219.59992593805555,2,1,9284.714285714286,0.0,0
488,2026-08-25,7,11,2,0,,20,6,119.70360357916667,2,2,5599.0,0.0,0
489,2026-08-25,8,15,2,3,,28,9,607.9659030983333,4,3,7356.142857142857,6999.0,0
490,2026-08-25,5,10,0,0,,15,5,598.8231556447223,3,2,10465.666666666666,0.0,0
491,2026-08-25,13,27,6,13,10.0,69,14,56.779853968055555,3,3,5288.855072463768,5152.846153846154,0
492,2026-08-25,6,12,1,0,,19,6,2014.798321943889,4,3,8788.473684210527,0.0,0
493,2026-08-25,9,22,7,1,,39,9,379.35859971194446,2,2,6896.4358974358975,6999.0,0
494,2026-08-25,8,12,4,0,,24,9,1215.1439159075,3,2,9499.0,0.0,0
495,2026-08-25,6,12,0,0,,18,6,313.17888348583335,2,1,10999.0,0.0,0
496,2026-08-25,6,11,0,0,,17,6,1071.9180972758334,1,1,4999.0,0.0,0
497,2026-08-25,6,12,1,0,,19,6,1081.9316626155555,2,1,11946.368421052632,0.0,0
498,2026-08-25,7,13,0,0,,20,7,543.2939776516668,1,1,4999.0,0.0,0
499,2026-08-25,5,10,1,0,,16,6,214.1593653161111,2,2,6749.0,0.0,0
500,2026-08-25,5,11,1,0,,17,5,480.99868437388886,2,2,6410.764705882353,0.0,0
5,2026-09-01,9,18,4,0,,31,9,254.54636260388887,4,3,7257.064516129032,0.0,0
6,2026-09-01,7,13,1,0,,21,7,242.94905634694445,2,2,7284.714285714285,0.0,0
7,2026-09-01,10,19,2,10,9.0,50,10,65.26718039305555,4,3,5839.0,5799.0,1
8,2026-09-01,9,19,7,0,,35,9,126.64137471555556,4,3,10141.857142857143,0.0,0
9,2026-09-01,6,12,1,0,,19,7,195.46093397305555,2,1,10683.21052631579,0.0,0
10,2026-09-01,8,16,1,0,,25,8,98.20759427333333,1,1,6999.0,0.0,0
11,2026-09-01,4,6,0,0,,10,4,51.5378540475,2,2,6599.0,0.0,0
12,2026-09-01,5,14,0,0,,19,5,625.5651807544443,2,2,5841.105263157895,0.0,0
13,2026-09-01,6,11,5,0,,22,6,923.7590615025,2,2,7271.727272727273,0.0,0
14,2026-09-01,7,16,1,0,,24,7,645.4177341372222,2,2,5165.666666666667,0.0,0
15,2026-09-01,9,16,3,9,6.0,43,9,509.4956533041667,4,3,6161.790697674419,6110.111111111111,0
16,2026-09-01,6,12,2,0,,20,6,524.0121363247222,3,3,5899.0,0.0,0
17,2026-09-01,5,9,2,0,,16,4,370.4017834927778,2,2,6624.0,0.0,0
18,2026-09-01,5,11,0,0,,16,5,569.1917478952778,3,2,10499.0,0.0,0
19,2026-09-01,8,15,6,2,,31,7,70.97052022194444,3,2,6160.290322580645,4999.0,0
20,2026-09-01,10,17,5,2,,34,10,224.04871951194446,4,3,10704.882352941177,10999.0,0
21,2026-09-01,4,11,0,0,,15,4,744.9238508502779,3,2,10332.333333333334,0.0,0
22,2026-09-01,9,18,3,9,7.0,46,9,211.0833479813889,4,3,10346.826086956522,10332.333333333334,0
23,2026-09-01,8,16,3,0,,27,8,50.410586215277775,3,3,6628.62962962963,0.0,0
24,2026-09-01,6,12,0,0,,18,4,489.9722726472222,3,2,10554.555555555555,0.0,0
25,2026-09-01,5,6,1,0,,12,5,2830.6713998377777,2,2,6665.666666666667,0.0,0
26,2026-09-01,8,18,6,2,,34,8,622.7744305900001,2,2,5351.941176470588,4999.0,0
27,2026-09-01,4,6,0,0,,10,4,784.9925138066666,3,3,7799.0,0.0,0
28,2026-09-01,8,19,1,0,,28,7,966.8020068619444,3,3,7141.857142857143,0.0,0
29,2026-09-01,8,17,5,3,,33,8,232.2330356736111,3,3,6817.181818181818,6332.333333333333,0
30,2026-09-01,7,13,2,0,,22,7,200.98689988722222,4,3,7453.545454545455,0.0,0
31,2026-09-01,6,11,2,3,,22,6,1386.3424425677777,3,2,10362.636363636364,10332.333333333334,0
32,2026-09-01,6,8,4,1,1.0,20,5,458.27239662249997,3,2,9099.0,8999.0,0
33,2026-09-01,8,16,7,4,,35,8,31.362716361944443,4,3,9227.57142857143,8999.0,0
34,2026-09-01,4,7,1,0,,12,4,19.387178222777777,3,3,6165.666666666667,0.0,0
35,2026-09-01,6,11,2,0,,19,6,142.00152581694445,4,3,7630.578947368421,0.0,0
36,2026-09-01,11,25,9,5,,50,10,46.004924915833335,4,3,7359.0,7399.0,0
37,2026-09-01,5,9,3,0,,17,4,395.3791634886111,1,1,4999.0,0.0,0
38,2026-09-01,9,17,5,3,,34,9,518.9780809277778,4,3,10940.176470588236,11665.666666666666,0
39,2026-09-01,7,13,3,3,1.0,27,7,1234.540725382222,2,2,5295.2962962962965,4999.0,0
40,2026-09-01,8,21,6,2,,37,8,249.47461232833334,3,2,10620.621621621622,7999.0,0
41,2026-09-01,5,12,0,0,,17,5,419.19834481944446,3,2,9351.941176470587,0.0,0
42,2026-09-01,5,12,2,0,,19,5,75.18017135138889,2,2,5841.105263157895,0.0,0
43,2026-09-01,8,19,3,4,,34,7,481.77977094333335,3,2,11234.29411764706,10499.0,0
44,2026-09-01,7,17,1,0,,25,8,534.5875893016666,3,2,5479.0,0.0,0
45,2026-09-01,5,11,0,0,,16,5,1213.6594106166667,3,2,10874.0,0.0,0
46,2026-09-01,6,15,1,0,,22,7,215.88397763194445,4,3,10089.90909090909,0.0,0
47,2026-09-01,5,12,0,0,,17,5,785.6873121472222,3,3,6999.0,0.0,0
48,2026-09-01,6,12,2,0,,20,6,329.54208694166664,2,2,6199.0,0.0,0
49,2026-09-01,10,22,6,1,,39,10,404.92674607388886,3,2,5819.51282051282,4999.0,0
50,2026-09-01,6,11,0,0,,17,6,578.76338451,4,3,7704.882352941177,0.0,0
51,2026-09-01,8,17,1,0,,26,8,881.4859186808333,3,2,10691.307692307691,0.0,0
52,2026-09-01,7,13,3,4,,27,7,464.15871207027783,3,2,8999.0,8499.0,0
53,2026-09-01,8,16,1,0,,25,8,258.2771811863889,2,2,5159.0,0.0,0
54,2026-09-01,6,14,0,0,,20,6,93.17212171055556,4,3,8099.0,0.0,0
55,2026-09-01,7,14,1,0,,22,7,1643.3549205161112,1,1,4999.0,0.0,0
56,2026-09-01,7,11,0,0,,18,7,679.9830073216666,2,2,5665.666666666667,0.0,0
57,2026-09-01,8,14,5,2,1.0,30,8,1255.3539232752778,1,1,4999.0,4999.0,0
58,2026-09-01,5,10,1,0,,16,5,839.6638555686111,2,2,5499.0,0.0,0
59,2026-09-01,5,12,0,0,,17,5,873.6639608886111,3,2,7940.176470588235,0.0,0
60,2026-09-01,9,16,6,2,,33,9,211.01045146916667,1,1,4999.0,4999.0,0
61,2026-09-01,6,12,1,0,,19,6,9.522124845555556,3,2,9735.842105263158,0.0,0
62,2026-09-01,5,11,0,0,,16,5,870.7707894158334,2,2,5249.0,0.0,0
63,2026-09-01,6,14,2,0,,22,6,142.0547315677778,2,2,7271.727272727273,0.0,0
64,2026-09-01,10,22,7,4,,43,10,1309.313156581111,2,2,5185.046511627907,4999.0,0
65,2026-09-01,3,8,0,0,,11,3,403.7016068297222,3,2,7726.272727272727,0.0,0
66,2026-09-01,9,15,5,2,,31,9,746.9425564663889,4,3,7257.064516129032,6999.0,0
67,2026-09-01,7,15,2,0,,24,6,469.8308179647222,3,2,9999.0,0.0,0
68,2026-09-01,7,12,0,0,,19,7,368.3702929622222,2,1,11525.315789473685,0.0,0
69,2026-09-01,6,13,0,0,,19,6,97.36924253138888,1,1,6999.0,0.0,0
70,2026-09-01,7,11,0,0,,18,7,305.4548766336111,3,3,7110.111111111111,0.0,0
71,2026-09-01,11,22,3,11,7.0,54,9,45.05834341888889,2,2,7221.222222222223,7362.636363636364,1
72,2026-09-01,5,8,0,0,,13,5,1187.2488867444445,3,2,7460.538461538462,0.0,0
73,2026-09-01,8,14,2,0,,24,8,958.4720106241667,3,3,5749.0,0.0,0
74,2026-09-01,8,12,2,0,,22,7,1378.8426138825,3,3,6999.0,0.0,0
75,2026-09-01,11,23,9,3,1.0,47,11,99.42956174138888,4,3,9296.872340425532,8999.0,0
76,2026-09-01,5,9,0,0,,14,5,1226.5263880680557,3,2,7284.714285714285,0.0,0
77,2026-09-01,6,11,3,0,,20,6,1086.6321948191667,3,3,7099.0,0.0,0
78,2026-09-01,7,17,1,0,,25,7,234.42781902333334,3,3,5479.0,0.0,0
79,2026-09-01,7,14,4,0,,25,7,492.4879720505555,2,2,7239.0,0.0,0
80,2026-09-01,8,17,2,0,,27,8,116.3858708313889,4,3,7665.666666666667,0.0,0
81,2026-09-01,7,14,2,0,,23,6,727.6469485316666,3,3,7085.95652173913,0.0,0
82,2026-09-01,10,22,5,3,,40,10,506.1848874397222,3,2,11249.0,12999.0,0
83,2026-09-01,7,17,0,0,,24,7,265.12566404222224,3,2,10165.666666666666,0.0,0
84,2026-09-01,10,17,5,3,,35,9,9.352759032222222,2,2,5227.571428571428,4999.0,0
85,2026-09-01,10,16,4,10,7.0,47,10,588.0445953363889,3,3,5381.978723404255,5199.0,0
86,2026-09-01,8,18,2,0,,28,9,395.78444753388885,2,2,5570.428571428572,0.0,0
87,2026-09-01,7,14,0,0,,21,7,246.52974082083335,3,2,7665.666666666667,0.0,0
88,2026-09-01,10,18,5,3,1.0,37,9,258.3267062572222,4,3,7431.4324324324325,7665.666666666667,0
89,2026-09-01,5,9,0,0,,14,5,632.3835445780555,3,3,5713.285714285715,0.0,0
90,2026-09-01,5,10,1,0,,16,5,688.264733995,2,1,9999.0,0.0,0
91,2026-09-01,6,13,2,0,,21,6,743.0968260283333,4,3,10332.333333333334,0.0,0
92,2026-09-01,6,11,0,0,,17,6,456.9216914586111,3,2,10410.764705882353,0.0,0
93,2026-09-01,10,21,3,10,6.0,50,9,1167.6608906722222,3,2,7639.0,7599.0,0
94,2026-09-01,7,13,1,0,,21,7,217.36342155388888,4,3,5856.142857142857,0.0,0
95,2026-09-01,10,14,6,1,,31,10,322.760043945,4,3,9966.741935483871,12999.0,0
96,2026-09-01,9,18,4,9,7.0,47,9,49.64663965583333,3,3,7041.553191489362,6999.0,0
97,2026-09-01,8,15,1,0,,24,8,37.251292045,3,2,10499.0,0.0,0
98,2026-09-01,7,13,0,0,,20,7,184.5962939775,3,2,7499.0,0.0,0
99,2026-09-01,8,17,1,0,,26,7,510.6120509513889,2,2,6845.153846153846,0.0,0
100,2026-09-01,6,8,2,0,,16,6,1290.5999464730555,4,3,8999.0,0.0,0
101,2026-09-01,10,20,6,6,1.0,43,10,467.3410806025,4,3,10301.32558139535,9332.333333333334,0
102,2026-09-01,9,15,5,9,5.0,43,9,817.6094468933334,3,3,5278.069767441861,5221.222222222223,0
103,2026-09-01,7,11,1,0,,19,7,1977.943936622778,3,2,9630.578947368422,0.0,0
104,2026-09-01,7,16,1,0,,24,7,50.49868273,3,3,7165.666666666667,0.0,0
105,2026-09-01,9,18,3,2,,32,8,493.33431988027775,3,2,11374.0,12999.0,0
106,2026-09-01,10,17,4,1,1.0,33,9,679.3263089075,3,3,7180.818181818182,8999.0,0
107,2026-09-01,6,16,1,0,,23,6,340.3877450944444,2,2,6825.086956521739,0.0,0
108,2026-09-01,7,15,3,0,,25,8,474.1149927863889,3,2,9959.0,0.0,0
109,2026-09-01,6,16,2,0,,24,6,414.2883643052778,3,3,6165.666666666667,0.0,0
110,2026-09-01,7,16,1,0,,24,7,203.9366199725,3,3,5582.333333333333,0.0,0
111,2026-09-01,9,16,7,2,1.0,35,9,62.55603321555556,4,3,10770.42857142857,10999.0,0
112,2026-09-01,9,15,5,2,,31,9,512.7178125394444,2,2,5515.129032258064,4999.0,0
113,2026-09-01,10,19,3,10,9.0,51,10,5.459948071666666,4,3,9665.666666666666,9799.0,0
114,2026-09-01,8,17,1,0,,26,8,285.9106291338889,2,1,11152.846153846154,0.0,0
115,2026-09-01,6,10,0,0,,16,6,30.080248078055558,1,1,6999.0,0.0,0
116,2026-09-01,8,15,1,0,,24,8,342.54703102027776,3,3,7082.333333333333,0.0,0
117,2026-09-01,5,9,1,0,,15,5,204.64922409333334,2,2,6065.666666666667,0.0,0
118,2026-09-01,5,10,3,2,,20,5,2010.3035029227779,3,2,7599.0,6999.0,0
119,2026-09-01,8,18,1,0,,27,8,1120.3116483441665,3,2,10702.703703703704,0.0,0
120,2026-09-01,6,10,1,0,,17,6,116.64934976888888,3,2,7940.176470588235,0.0,0
121,2026-09-01,8,16,1,0,,25,7,473.0644677786111,2,2,5479.0,0.0,0
122,2026-09-01,10,16,7,4,,37,10,34.53334844444444,3,3,7161.1621621621625,6499.0,0
123,2026-09-01,7,13,1,0,,21,7,132.85143940083333,2,2,6808.523809523809,0.0,0
124,2026-09-01,7,14,0,0,,21,6,1411.5074783925002,1,1,6999.0,0.0,0
125,2026-09-01,9,18,7,2,1.0,37,9,111.13148736888888,2,2,7215.216216216216,6999.0,0
126,2026-09-01,6,11,3,0,,20,6,198.61554849444445,2,2,5299.0,0.0,0
127,2026-09-01,5,11,1,0,,17,5,325.9533460463889,1,1,4999.0,0.0,0
128,2026-09-01,10,20,8,1,,39,10,1303.2654362455555,3,2,11665.666666666666,12999.0,0
129,2026-09-01,10,21,6,1,,38,10,94.07418155583333,3,2,7683.210526315789,8999.0,0
130,2026-09-01,8,17,3,0,,28,8,314.14180289388884,4,3,11213.285714285714,0.0,0
131,2026-09-01,6,13,0,0,,19,7,235.98093976666667,1,1,4999.0,0.0,0
132,2026-09-01,8,15,5,3,2.0,33,8,294.99886357,3,3,6756.575757575758,7665.666666666667,0
133,2026-09-01,11,16,6,2,1.0,36,11,90.4929511336111,3,3,6721.222222222223,5999.0,0
134,2026-09-01,4,4,0,0,,8,4,247.9898512486111,1,1,6999.0,0.0,0
135,2026-09-01,5,8,1,0,,14,5,1416.5738722744445,3,2,11141.857142857143,0.0,0
136,2026-09-01,9,17,4,2,,32,8,11.973142922222221,2,2,5249.0,4999.0,0
137,2026-09-01,9,19,2,9,5.0,44,9,142.36687837194444,2,2,5726.272727272727,5887.888888888889,0
138,2026-09-01,5,12,1,0,,18,5,1891.7504027008333,2,2,6776.777777777777,0.0,0
139,2026-09-01,6,14,0,0,,20,6,1095.558978008889,2,2,6799.0,0.0,0
140,2026-09-01,7,11,0,0,,18,7,924.5346599769445,2,2,6776.777777777777,0.0,0
141,2026-09-01,6,11,1,0,,18,5,900.9637381322223,3,3,7221.222222222223,0.0,0
142,2026-09-01,12,28,7,12,8.0,67,12,357.3775248908333,4,3,7058.701492537313,6999.0,0
143,2026-09-01,6,12,5,1,,24,6,98.74611393666666,3,3,7249.0,6999.0,0
144,2026-09-01,10,18,5,5,1.0,39,11,306.32035808666666,2,2,5255.410256410257,5399.0,0
145,2026-09-01,11,19,9,4,,43,11,540.3221655786111,3,2,11138.53488372093,11999.0,0
146,2026-09-01,10,23,5,10,8.0,56,10,4.828039104166667,1,1,4999.0,4999.0,1
147,2026-09-01,4,6,0,0,,10,4,1240.8697848969443,3,2,9399.0,0.0,0
148,2026-09-01,8,18,3,0,,29,9,265.93010645305554,1,1,4999.0,0.0,0
149,2026-09-01,7,15,0,0,,22,6,328.17323028,4,3,8089.909090909091,0.0,0
150,2026-09-01,5,11,0,0,,16,5,97.23159096222223,3,3,5374.0,0.0,0
151,2026-09-01,9,15,3,3,,30,9,595.0453569216667,2,1,10465.666666666666,8999.0,0
152,2026-09-01,5,9,0,0,,14,5,783.227586176389,3,3,5427.571428571428,0.0,0
153,2026-09-01,5,11,0,0,,16,5,1056.9385487744446,4,3,10124.0,0.0,0
154,2026-09-01,4,6,2,2,,14,4,14.129894384444444,2,2,8284.714285714286,9999.0,0
155,2026-09-01,5,5,1,0,,11,5,1215.2043041041666,2,2,6635.363636363636,0.0,0
156,2026-09-01,8,10,7,3,,28,7,510.69833254888886,3,3,8070.428571428572,8999.0,0
157,2026-09-01,13,23,5,13,10.0,64,12,97.36106944777778,4,3,5749.0,5768.2307692307695,0
158,2026-09-01,6,13,1,0,,20,6,107.054960445,3,2,11999.0,0.0,0
159,2026-09-01,8,14,0,0,,22,8,60.255831076388894,4,3,5726.272727272727,0.0,0
160,2026-09-01,5,10,1,0,,16,5,231.07442015944443,2,2,6749.0,0.0,0
161,2026-09-01,6,11,0,0,,17,6,1685.5406046655557,2,2,6881.35294117647,0.0,0
162,2026-09-01,10,20,4,10,8.0,52,10,101.36680766722223,4,3,6922.076923076923,7399.0,1
163,2026-09-01,6,13,1,1,,21,6,104.65318322611111,3,2,9951.380952380952,8999.0,0
164,2026-09-01,9,17,5,9,6.0,46,8,451.61305253305557,3,2,7738.130434782609,8110.111111111111,0
165,2026-09-01,12,26,5,12,10.0,65,13,115.26617195083332,3,2,9922.076923076924,9999.0,0
166,2026-09-01,8,17,6,8,6.0,45,8,2748.153994393611,3,3,7132.333333333333,6999.0,1
167,2026-09-01,9,18,6,1,1.0,35,9,479.2038507075,3,2,10884.714285714286,8999.0,0
168,2026-09-01,11,26,4,11,7.0,59,11,115.30798490166667,2,2,7710.864406779661,8635.363636363636,0
169,2026-09-01,5,6,0,0,,11,5,74.47657845694444,2,1,9726.272727272728,0.0,0
170,2026-09-01,6,10,0,0,,16,6,1943.6254166030556,2,1,11749.0,0.0,0
171,2026-09-01,7,16,3,3,1.0,30,7,1862.7203015758332,4,3,7599.0,6999.0,0
172,2026-09-01,6,12,0,0,,18,6,906.0782525394444,3,2,7443.444444444444,0.0,0
173,2026-09-01,4,8,0,0,,12,4,1039.751331028889,3,3,8665.666666666666,0.0,0
174,2026-09-01,9,19,6,2,,36,8,654.16525537,3,2,5887.888888888889,6999.0,0
175,2026-09-01,8,17,2,0,,27,8,291.2001766641667,4,3,9665.666666666666,0.0,0
176,2026-09-01,9,21,5,3,,38,9,598.9399602308334,3,3,6104.263157894737,4999.0,0
177,2026-09-01,7,12,3,0,,22,7,3.417399958611111,1,1,4999.0,0.0,0
178,2026-09-01,7,14,1,0,,22,7,202.24516941,3,2,10271.727272727272,0.0,0
179,2026-09-01,5,9,0,0,,14,5,725.4862801772223,1,1,6999.0,0.0,0
180,2026-09-01,5,8,0,0,,13,6,929.8146152833333,1,1,4999.0,0.0,0
181,2026-09-01,8,14,1,0,,23,8,25.353016459722223,3,2,9868.565217391304,0.0,0
182,2026-09-01,7,11,2,0,,20,7,939.3560196527778,2,2,7599.0,0.0,0
183,2026-09-01,7,16,0,0,,23,7,805.6408888502777,4,3,7085.95652173913,0.0,0
184,2026-09-01,6,8,1,0,,15,6,999.1261148174999,3,3,6599.0,0.0,0
185,2026-09-01,7,13,3,0,,23,7,1009.2823950108334,3,2,10390.304347826086,0.0,0
186,2026-09-01,8,16,2,0,,26,8,427.5376487016667,2,2,8383.615384615385,0.0,0
187,2026-09-01,6,10,2,0,,18,6,493.21677032888886,3,2,5665.666666666667,0.0,0
188,2026-09-01,7,9,4,7,7.0,34,7,647.2479259033333,3,3,6351.941176470588,6427.571428571428,1
189,2026-09-01,6,13,3,0,,22,6,42.15207019555555,2,2,7362.636363636364,0.0,0
190,2026-09-01,6,15,2,0,,23,6,447.6103877655556,3,3,6825.086956521739,0.0,0
191,2026-09-01,6,15,4,1,,26,6,287.1881010252778,2,2,8152.846153846154,12999.0,0
192,2026-09-01,5,7,0,0,,12,5,165.75875365305555,2,1,11999.0,0.0,0
193,2026-09-01,6,11,2,0,,19,5,908.1782707286111,3,2,6472.684210526316,0.0,0
194,2026-09-01,8,15,6,3,1.0,33,8,459.2220684036111,1,1,4999.0,4999.0,0
195,2026-09-01,5,8,1,0,,14,4,1262.9282752719444,2,2,6141.857142857143,0.0,0
196,2026-09-01,9,20,7,4,,40,9,79.28375201722223,1,1,6999.0,6999.0,0
197,2026-09-01,9,16,6,4,,35,10,215.74309940305554,3,2,10027.57142857143,9999.0,0
198,2026-09-01,6,10,1,0,,17,6,184.56514293499998,2,1,11116.64705882353,0.0,0
199,2026-09-01,8,17,2,1,,28,8,772.9866802313888,3,2,7570.428571428572,6999.0,0
200,2026-09-01,13,30,6,13,10.0,72,13,113.59507419972223,3,2,7749.0,8075.923076923077,0
201,2026-09-01,7,12,1,0,,20,7,186.15212545666665,4,3,8899.0,0.0,0
202,2026-09-01,6,14,1,0,,21,6,148.52451298472224,3,2,10999.0,0.0,0
203,2026-09-01,7,14,1,0,,22,6,1100.1030551619444,4,3,9180.818181818182,0.0,0
204,2026-09-01,10,21,4,2,,37,10,63.100521208888885,2,2,7647.648648648648,6999.0,0
205,2026-09-01,8,18,4,8,7.0,45,8,9.740879469722222,4,3,11399.0,11749.0,1
206,2026-09-01,8,12,6,1,1.0,28,6,484.6243105241667,3,3,6999.0,6999.0,0
207,2026-09-01,7,15,0,0,,22,7,82.02757256111111,2,1,10271.727272727272,0.0,0
208,2026-09-01,6,11,1,0,,18,6,1130.974864573889,4,3,10332.333333333334,0.0,0
209,2026-09-01,11,16,6,0,,33,11,7.477962502222222,2,2,5302.030303030303,0.0,0
210,2026-09-01,6,14,1,0,,21,6,453.96003495472223,3,3,5951.380952380952,0.0,0
211,2026-09-01,5,11,2,0,,18,5,88.93569398666668,3,2,10999.0,0.0,0
212,2026-09-01,4,8,1,0,,13,4,3255.5620177663886,2,1,10537.461538461539,0.0,0
213,2026-09-01,7,14,1,0,,22,7,28.844650448333333,4,3,10544.454545454546,0.0,0
214,2026-09-01,8,13,1,0,,22,8,627.3314350736111,4,3,8726.272727272728,0.0,0
215,2026-09-01,11,21,5,2,,39,10,1599.782739823889,4,3,11050.28205128205,8999.0,0
216,2026-09-01,12,24,5,12,10.0,63,12,147.59658898555554,3,3,6967.253968253968,6999.0,1
217,2026-09-01,5,8,0,0,,13,5,156.14427082972222,3,3,5922.076923076923,0.0,0
218,2026-09-01,7,9,1,0,,17,7,489.4984019405556,1,1,4999.0,0.0,0
219,2026-09-01,8,13,2,0,,23,9,834.5457811405555,4,3,9694.652173913044,0.0,0
220,2026-09-01,7,15,2,0,,24,7,904.6142797061111,3,2,9165.666666666666,0.0,0
221,2026-09-01,9,19,3,2,1.0,34,10,383.7927282322222,4,3,9293.117647058823,10999.0,0
222,2026-09-01,6,12,1,0,,19,6,268.8889363452778,3,2,7420.0526315789475,0.0,0
223,2026-09-01,7,11,4,4,,26,7,404.25571317611116,3,3,6845.153846153846,6999.0,0
224,2026-09-01,10,17,5,10,8.0,50,10,221.33111765388887,2,2,7079.0,6999.0,0
225,2026-09-01,5,11,1,0,,17,5,32.30475888416667,2,2,7116.64705882353,0.0,0
226,2026-09-01,4,6,0,0,,10,4,123.2350248336111,2,1,9399.0,0.0,0
227,2026-09-01,5,8,4,0,,17,5,1463.4897745572223,3,3,5822.529411764706,0.0,0
228,2026-09-01,10,16,7,3,1.0,37,10,4.825147005,3,3,7107.108108108108,6999.0,0
229,2026-09-01,8,14,0,0,,22,7,304.4804838505556,3,3,6544.454545454545,0.0,0
230,2026-09-01,6,13,1,0,,20,6,1272.0716855163887,3,3,6399.0,0.0,0
231,2026-09-01,9,19,2,2,,32,9,499.5164402702778,3,3,5999.0,6999.0,0
232,2026-09-01,6,11,0,0,,17,6,53.634454606666665,1,1,6999.0,0.0,0
233,2026-09-01,5,7,0,0,,12,5,483.9654241705556,2,1,11999.0,0.0,0
234,2026-09-01,7,13,3,0,,23,7,38.386373669166666,3,2,10303.347826086956,0.0,0
235,2026-09-01,7,14,6,3,,30,7,147.88827266444446,3,2,9732.333333333334,10332.333333333334,0
236,2026-09-01,10,18,4,4,1.0,37,10,488.0483799702778,3,2,10350.351351351352,10499.0,0
237,2026-09-01,7,11,3,0,,21,7,862.3635640216667,2,2,5379.952380952381,0.0,0
238,2026-09-01,8,14,0,0,,22,8,118.84127843055556,3,3,5908.090909090909,0.0,0
239,2026-09-01,6,12,2,0,,20,6,758.4539284044445,3,2,11299.0,0.0,0
240,2026-09-01,9,21,6,4,1.0,41,10,116.33479309333333,4,3,6608.756097560976,6999.0,0
241,2026-09-01,6,10,1,0,,17,6,1377.9937438327777,1,1,4999.0,0.0,0
242,2026-09-01,6,16,3,3,,28,6,34.64887746583333,2,2,6856.142857142857,6999.0,0
243,2026-09-01,6,7,1,0,,14,6,2098.269144505278,3,2,7284.714285714285,0.0,0
244,2026-09-01,8,14,2,0,,24,8,4.702565758055556,4,3,10082.333333333334,0.0,0
245,2026-09-01,7,16,6,1,,30,7,1255.8383255627778,2,2,5665.666666666667,4999.0,0
246,2026-09-01,5,11,1,0,,17,5,1378.6927622272221,4,3,8410.764705882353,0.0,0
247,2026-09-01,4,6,0,0,,10,4,1144.0696858508334,3,2,9399.0,0.0,0
248,2026-09-01,8,19,7,1,1.0,36,9,428.33837768499995,2,1,11776.777777777777,8999.0,0
249,2026-09-01,6,9,1,0,,16,5,116.19363726166667,3,3,6749.0,0.0,0
250,2026-09-01,6,15,1,0,,22,6,173.12492382388888,3,2,9544.454545454546,0.0,0
251,2026-09-01,7,15,0,0,,22,7,125.75996826194445,2,2,5089.909090909091,0.0,0
252,2026-09-01,7,13,1,0,,21,7,325.9688069188889,3,2,7856.142857142857,0.0,0
253,2026-09-01,6,12,1,0,,19,6,503.11535665805553,4,3,9946.368421052632,0.0,0
254,2026-09-01,7,18,3,2,,30,7,13.78376537361111,3,3,7065.666666666667,7999.0,0
255,2026-09-01,6,13,4,0,,23,6,375.86431788916667,2,2,6912.04347826087,0.0,0
256,2026-09-01,5,10,2,0,,17,5,2016.4782929358335,3,2,6410.764705882353,0.0,0
257,2026-09-01,5,13,1,0,,19,6,294.9672567091667,3,2,10683.21052631579,0.0,0
258,2026-09-01,8,12,0,0,,20,8,1260.2172609938889,2,2,7599.0,0.0,0
259,2026-09-01,10,16,7,10,7.0,50,9,310.13659372333336,4,3,7599.0,7599.0,0
260,2026-09-01,7,16,0,0,,23,7,748.5313618583333,3,2,10477.260869565218,0.0,0
261,2026-09-01,5,10,1,0,,16,5,410.5642458938889,2,1,10249.0,0.0,0
262,2026-09-01,4,8,2,0,,14,4,81.11469778722221,3,2,9570.42857142857,0.0,0
263,2026-09-01,7,13,2,3,,25,7,1259.1533151888889,1,1,6999.0,6999.0,0
264,2026-09-01,5,7,0,0,,12,5,150.42636827527778,3,2,9332.333333333334,0.0,0
265,2026-09-01,6,15,2,0,,23,6,193.14651492055555,2,2,7520.739130434783,0.0,0
266,2026-09-01,7,10,3,3,,23,7,772.5376075738889,2,2,7172.913043478261,6999.0,0
267,2026-09-01,5,12,1,0,,18,5,463.07695066944444,2,2,5332.333333333333,0.0,0
268,2026-09-01,11,24,5,11,6.0,57,10,453.5257118130555,4,3,7314.789473684211,7180.818181818182,0
269,2026-09-01,8,15,1,0,,24,8,718.1030769411111,4,3,10665.666666666666,0.0,0
270,2026-09-01,8,21,0,0,,29,8,323.3819518255556,3,3,7136.931034482759,0.0,0
271,2026-09-01,4,7,0,0,,11,4,197.0624221075,4,3,9726.272727272728,0.0,0
272,2026-09-01,7,13,4,3,,27,7,2282.7225343597224,1,1,4999.0,4999.0,0
273,2026-09-01,8,16,3,0,,27,8,498.6655558727778,4,3,5961.962962962963,0.0,0
274,2026-09-01,4,8,0,0,,12,5,2092.1029990166667,3,3,6165.666666666667,0.0,0
275,2026-09-01,8,16,2,0,,26,8,333.5574559988889,3,3,6075.923076923077,0.0,0
276,2026-09-01,9,16,4,2,,31,9,28.277440259444443,3,2,7321.580645161291,6999.0,0
277,2026-09-01,5,10,0,0,,15,5,22.200348106388887,2,2,5532.333333333333,0.0,0
278,2026-09-01,7,14,1,0,,22,7,200.5238251413889,2,2,7089.909090909091,0.0,0
279,2026-09-01,6,10,0,0,,16,7,874.8957250938889,2,1,10499.0,0.0,0
280,2026-09-01,7,16,4,0,,27,6,366.46313749722225,4,3,5813.814814814815,0.0,0
281,2026-09-01,8,16,7,3,1.0,35,8,340.1220330566666,3,2,10941.857142857143,11665.666666666666,0
282,2026-09-01,6,12,1,0,,19,6,1050.6063350177778,3,2,10367.421052631578,0.0,0
283,2026-09-01,10,17,6,10,6.0,49,10,101.53342653222222,4,3,7488.7959183673465,7599.0,0
284,2026-09-01,7,17,2,0,,26,7,882.24568229,4,3,5691.307692307692,0.0,0
285,2026-09-01,9,15,5,9,7.0,45,9,270.28125531138886,3,2,10776.777777777777,10776.777777777777,0
286,2026-09-01,8,17,0,0,,25,8,403.6334621091667,2,2,7079.0,0.0,0
287,2026-09-01,5,6,3,0,,14,5,78.38863210527778,2,2,6141.857142857143,0.0,0
288,2026-09-01,11,22,4,11,7.0,55,10,500.6779934516667,2,1,11326.272727272728,11180.818181818182,1
289,2026-09-01,5,9,2,0,,16,5,738.0057746830555,3,3,6499.0,0.0,0
290,2026-09-01,6,12,1,0,,19,6,349.86239952833336,3,2,7735.8421052631575,0.0,0
291,2026-09-01,7,14,1,0,,22,7,670.3274432369444,4,3,8635.363636363636,0.0,0
292,2026-09-01,8,19,4,1,,32,7,267.3044477263889,2,2,5499.0,4999.0,0
293,2026-09-01,6,12,6,1,1.0,26,6,44.35309684111111,2,1,12075.923076923076,12999.0,0
294,2026-09-01,8,15,3,0,,26,8,347.85819684583333,4,3,7537.461538461538,0.0,0
295,2026-09-01,6,11,0,0,,17,6,1387.7178282627779,2,1,11822.529411764706,0.0,0
296,2026-09-01,5,10,0,0,,15,5,237.07986687416667,2,2,5265.666666666667,0.0,0
297,2026-09-01,6,13,1,0,,20,6,1076.5461014361113,4,3,10699.0,0.0,0
298,2026-09-01,7,18,0,0,,25,7,216.36942810222223,3,2,7399.0,0.0,0
299,2026-09-01,14,21,6,14,10.0,65,14,176.29457636777778,3,2,8045.153846153846,8141.857142857143,0
300,2026-09-01,8,19,2,0,,29,9,503.82195453416665,3,3,6999.0,0.0,0
301,2026-09-01,6,11,2,0,,19,6,303.4117014102778,4,3,10577.947368421053,0.0,0
302,2026-09-01,8,15,2,0,,25,9,14.016721047777777,1,1,6999.0,0.0,0
303,2026-09-01,5,8,0,0,,13,5,1111.113718723611,3,2,9922.076923076924,0.0,0
304,2026-09-01,6,11,2,0,,19,6,56.70150967833333,3,3,5314.789473684211,0.0,0
305,2026-09-01,6,12,0,0,,18,6,296.9233206786111,2,2,5443.444444444444,0.0,0
306,2026-09-01,6,10,0,0,,16,6,956.5843058422222,2,2,6999.0,0.0,0
307,2026-09-01,4,7,1,0,,12,4,492.71263237833335,3,2,9332.333333333334,0.0,0
308,2026-09-01,8,16,0,0,,24,8,1953.663946396389,2,2,7499.0,0.0,0
309,2026-09-01,4,10,3,1,,18,4,677.3928505247222,3,2,8110.111111111111,8999.0,0
310,2026-09-01,8,12,5,8,8.0,41,8,673.8146473349999,4,3,10364.853658536585,10249.0,0
311,2026-09-01,4,7,2,0,,13,4,1609.1787067661112,1,1,4999.0,0.0,0
312,2026-09-01,5,11,0,0,,16,5,732.0522562111111,3,3,6249.0,0.0,0
313,2026-09-01,9,19,5,3,,36,9,493.4137430833333,3,2,5443.444444444444,4999.0,0
314,2026-09-01,7,13,0,0,,20,7,357.7320237372223,1,1,4999.0,0.0,0
315,2026-09-01,5,8,0,0,,13,6,765.1651153325,2,2,7460.538461538462,0.0,0
316,2026-09-01,4,9,0,0,,13,4,910.1919863058333,3,2,11306.692307692309,0.0,0
317,2026-09-01,10,20,4,10,7.0,51,10,474.5963999275,3,2,11430.372549019608,11399.0,1
318,2026-09-01,5,8,0,0,,13,5,978.3393840313889,2,2,7306.692307692308,0.0,0
319,2026-09-01,8,19,3,0,,30,9,206.24163186333334,4,3,7799.0,0.0,0
320,2026-09-01,9,18,3,9,5.0,44,9,88.73349263944445,2,2,5135.363636363636,5221.222222222223,0
321,2026-09-01,6,12,1,0,,19,6,119.57003714111111,3,2,5630.578947368421,0.0,0
322,2026-09-01,7,16,3,0,,26,7,274.5473057155556,3,2,10691.307692307691,0.0,0
323,2026-09-01,9,19,2,9,6.0,45,9,476.60018460333333,2,2,7532.333333333333,7665.666666666667,0
324,2026-09-01,7,13,1,1,1.0,23,7,465.8878970825,2,2,5085.95652173913,4999.0,0
325,2026-09-01,7,15,2,0,,24,7,7.518641301388889,2,2,5082.333333333333,0.0,0
326,2026-09-01,5,9,2,0,,16,4,71.20721993333333,1,1,4999.0,0.0,0
327,2026-09-01,10,23,3,3,,39,10,671.4644809444444,3,3,5409.25641025641,5665.666666666667,0
328,2026-09-01,6,12,3,2,,23,7,605.3657464252778,3,2,5868.565217391304,4999.0,0
329,2026-09-01,6,9,4,2,1.0,22,6,562.9749850702777,3,3,6999.0,6999.0,0
330,2026-09-01,5,12,0,0,,17,5,618.4783702788889,2,2,5469.588235294118,0.0,0
331,2026-09-01,5,13,0,0,,18,5,81.53317773555555,2,2,7110.111111111111,0.0,0
332,2026-09-01,11,23,9,2,1.0,46,11,203.18803771277777,3,3,5390.304347826087,4999.0,0
333,2026-09-01,8,16,3,3,1.0,31,8,375.33598435722223,4,3,10482.870967741936,11665.666666666666,0
334,2026-09-01,7,13,1,0,,21,7,323.7582342152778,3,3,6903.761904761905,0.0,0
335,2026-09-01,7,14,3,2,,26,7,417.14163684305555,2,2,7460.538461538462,6999.0,0
336,2026-09-01,6,16,0,0,,22,6,836.2484243277777,4,3,7362.636363636364,0.0,0
337,2026-09-01,7,16,2,0,,25,6,115.57009314277778,4,3,7479.0,0.0,0
338,2026-09-01,5,11,1,0,,17,5,662.1399209347222,2,2,8057.823529411765,0.0,0
339,2026-09-01,10,24,6,1,,41,10,287.41649216666667,3,2,5291.682926829269,4999.0,0
340,2026-09-01,11,21,3,3,,38,11,926.6729127097221,3,3,5314.789473684211,4999.0,0
341,2026-09-01,12,24,8,12,9.0,65,12,449.58474437694446,2,2,5368.2307692307695,5332.333333333333,0
342,2026-09-01,6,14,2,0,,22,6,298.9060014163889,4,3,6180.818181818182,0.0,0
343,2026-09-01,6,10,5,1,,22,6,517.5142508572222,3,2,8544.454545454546,8999.0,0
344,2026-09-01,9,21,7,3,1.0,41,10,14.864803366388887,4,3,10657.536585365853,11665.666666666666,0
345,2026-09-01,8,16,6,4,1.0,35,8,250.02760553388887,2,2,5056.142857142857,4999.0,0
346,2026-09-01,8,17,3,4,1.0,33,6,829.8531330919444,4,3,9665.666666666666,9999.0,0
347,2026-09-01,7,18,2,2,,29,7,28.380722478333333,3,3,5343.827586206897,4999.0,0
348,2026-09-01,9,20,5,3,,37,8,778.4776002019445,4,3,6999.0,6332.333333333333,0
349,2026-09-01,7,12,0,0,,19,7,229.29548308805556,2,1,10683.21052631579,0.0,0
350,2026-09-01,5,10,1,0,,16,5,449.2173509994444,1,1,4999.0,0.0,0
351,2026-09-01,5,8,0,0,,13,5,450.4088738861111,1,1,4999.0,0.0,0
352,2026-09-01,7,13,0,0,,20,8,513.2542394625,4,3,10299.0,0.0,0
353,2026-09-01,7,11,6,2,,26,6,1261.675195861111,3,3,7460.538461538462,6999.0,0
354,2026-09-01,7,13,6,2,1.0,29,7,1062.4006670744445,2,1,11205.896551724138,10999.0,0
355,2026-09-01,4,7,1,0,,12,4,90.658397205,3,2,10499.0,0.0,0
356,2026-09-01,6,14,0,0,,20,6,345.32123629222224,3,3,6999.0,0.0,0
357,2026-09-01,6,12,0,0,,18,6,1185.2219285375,3,2,10776.777777777777,0.0,0
358,2026-09-01,11,22,9,4,,46,11,289.3358944086111,4,3,5651.173913043478,4999.0,0
359,2026-09-01,12,27,7,12,8.0,66,11,147.9114606402778,4,3,5786.878787878788,5665.666666666667,0
360,2026-09-01,9,19,4,9,5.0,46,8,1243.3551625188888,3,2,9868.565217391304,10110.111111111111,0
361,2026-09-01,11,24,5,11,7.0,58,11,108.52393006916667,4,3,9861.068965517241,9908.09090909091,0
362,2026-09-01,6,14,4,3,,27,6,793.1807586525,3,3,7295.2962962962965,6999.0,0
363,2026-09-01,13,21,5,13,11.0,63,13,44.08384023055555,1,1,4999.0,4999.0,0
364,2026-09-01,5,7,0,0,,12,5,1770.7848556958334,3,3,6665.666666666667,0.0,0
365,2026-09-01,8,15,1,0,,24,8,429.47336514777777,3,2,11082.333333333334,0.0,0
366,2026-09-01,6,12,2,0,,20,6,747.13006348,2,2,5299.0,0.0,0
367,2026-09-01,9,19,8,4,,40,9,855.9461079900001,4,3,7349.0,6999.0,0
368,2026-09-01,8,17,0,0,,25,8,594.0995612877778,4,3,9239.0,0.0,0
369,2026-09-01,6,12,3,3,,24,6,66.21620430666667,3,3,6749.0,6332.333333333333,0
370,2026-09-01,8,17,1,0,,26,8,93.2319962486111,2,2,5152.846153846154,0.0,0
371,2026-09-01,4,9,1,0,,14,4,339.04805314388886,3,2,9856.142857142857,0.0,0
372,2026-09-01,13,20,6,13,10.0,62,11,175.39055080583333,2,2,5386.096774193548,5306.692307692308,0
373,2026-09-01,7,10,2,0,,19,7,481.85113334805555,3,2,7525.315789473684,0.0,0
374,2026-09-01,5,7,3,0,,15,5,947.3334892869444,3,2,10065.666666666666,0.0,0
375,2026-09-01,4,6,0,0,,10,4,1005.1305933997222,2,1,10999.0,0.0,0
376,2026-09-01,7,19,4,2,,32,7,28.602010813611113,2,2,5999.0,6999.0,0
377,2026-09-01,13,27,5,13,11.0,69,13,546.5916614605555,3,2,7114.942028985507,6999.0,0
378,2026-09-01,6,13,2,0,,21,6,750.1605756025,3,2,5951.380952380952,0.0,0
379,2026-09-01,8,17,2,0,,27,8,475.8942574002778,4,3,10332.333333333334,0.0,0
380,2026-09-01,13,30,8,13,8.0,72,14,259.6279151725,2,2,5276.777777777777,5306.692307692308,0
381,2026-09-01,5,9,1,0,,15,5,302.76943532166666,2,2,5399.0,0.0,0
382,2026-09-01,7,15,0,0,,22,7,30.969851195555552,4,3,10453.545454545454,0.0,0
383,2026-09-01,6,8,1,0,,15,6,608.8571197719444,3,2,11132.333333333334,0.0,0
384,2026-09-01,5,11,2,0,,18,5,195.08883717166668,3,2,9443.444444444445,0.0,0
385,2026-09-01,8,12,1,0,,21,8,819.8596349411112,4,3,10332.333333333334,0.0,0
386,2026-09-01,8,15,1,0,,24,9,322.7131208186111,3,2,11665.666666666666,0.0,0
387,2026-09-01,11,23,6,11,6.0,57,11,161.52679861527778,2,1,10542.859649122807,10817.181818181818,0
388,2026-09-01,7,13,5,2,,27,7,156.08061548944443,3,2,7887.888888888889,6999.0,0
389,2026-09-01,10,21,5,3,,39,7,175.94457582611113,3,3,6947.717948717948,6332.333333333333,0
390,2026-09-01,10,20,6,0,,36,10,688.1835620463889,3,2,11221.222222222223,0.0,0
391,2026-09-01,5,10,0,0,,15,5,1088.3642568627777,3,2,8465.666666666666,0.0,0
392,2026-09-01,7,19,2,0,,28,7,454.627561485,3,2,10213.285714285714,0.0,0
393,2026-09-01,8,15,2,0,,25,8,553.7461976094444,4,3,10919.0,0.0,0
394,2026-09-01,5,9,1,0,,15,5,366.88095312527776,2,2,7399.0,0.0,0
395,2026-09-01,5,13,2,0,,20,5,1856.6608749005557,3,2,10799.0,0.0,0
396,2026-09-01,6,8,1,0,,15,6,1146.1737214219445,2,2,5265.666666666667,0.0,0
397,2026-09-01,10,21,5,1,,37,10,364.6823782897222,2,2,5863.864864864865,12999.0,0
398,2026-09-01,9,20,6,3,,38,9,526.7342039447223,3,2,11525.315789473685,11665.666666666666,0
399,2026-09-01,4,10,0,0,,14,4,1140.5472931738889,2,2,7141.857142857143,0.0,0
400,2026-09-01,7,15,0,0,,22,7,232.12637450027776,2,2,5362.636363636364,0.0,0
401,2026-09-01,6,16,1,0,,23,6,284.96046553472223,3,2,10738.130434782608,0.0,0
402,2026-09-01,9,17,6,4,,36,9,126.27128319333333,3,2,9999.0,8999.0,0
403,2026-09-01,7,16,1,0,,24,7,659.1208881444444,3,2,7582.333333333333,0.0,0
404,2026-09-01,9,17,8,9,4.0,47,10,47.32819168472222,3,3,7381.978723404255,7221.222222222223,0
405,2026-09-01,7,14,2,1,1.0,25,7,236.65581740166667,3,3,7399.0,6999.0,0
406,2026-09-01,6,13,1,0,,20,7,374.0882756763889,2,2,7599.0,0.0,0
407,2026-09-01,6,13,2,0,,21,6,198.46448220194443,4,3,6332.333333333333,0.0,0
408,2026-09-01,5,11,0,0,,16,5,96.29999918972223,3,3,7249.0,0.0,0
409,2026-09-01,8,19,4,3,1.0,35,7,216.95410245944444,4,3,10484.714285714286,10332.333333333334,0
410,2026-09-01,8,16,2,0,,26,8,364.4522860697222,2,2,5383.615384615385,0.0,0
411,2026-09-01,7,16,2,2,,27,7,266.56800386833334,2,2,6924.925925925926,6999.0,0
412,2026-09-01,8,18,1,0,,27,8,822.6414783755555,3,3,6406.407407407408,0.0,0
413,2026-09-01,5,8,0,0,,13,5,61.89443923361111,2,2,7922.076923076923,0.0,0
414,2026-09-01,6,11,2,1,,20,6,474.92967949055554,3,3,5799.0,4999.0,0
415,2026-09-01,4,6,1,0,,11,4,2867.658482872778,2,2,5726.272727272727,0.0,0
416,2026-09-01,5,12,0,0,,17,5,708.1844165994444,4,3,6057.823529411765,0.0,0
417,2026-09-01,7,15,3,0,,25,8,361.05998566222223,3,3,7319.0,0.0,0
418,2026-09-01,6,12,0,0,,18,6,597.3652073730556,4,3,7999.0,0.0,0
419,2026-09-01,4,9,2,0,,15,4,1595.6689886049999,3,2,9532.333333333334,0.0,0
420,2026-09-01,6,13,0,0,,19,6,759.8272957825,2,1,10893.736842105263,0.0,0
421,2026-09-01,7,13,2,0,,22,7,488.7988559461111,2,2,5180.818181818182,0.0,0
422,2026-09-01,6,15,0,0,,21,7,1086.7167403316666,2,2,7570.428571428572,0.0,0
423,2026-09-01,6,9,6,4,2.0,27,6,453.7452718925,3,3,7295.2962962962965,6499.0,0
424,2026-09-01,8,19,3,0,,30,8,374.2778412877778,4,3,5465.666666666667,0.0,0
425,2026-09-01,8,15,6,2,1.0,32,8,445.8930398286111,2,2,5124.0,4999.0,0
426,2026-09-01,7,16,3,7,5.0,38,7,85.35014982305556,2,2,6735.8421052631575,6713.285714285715,1
427,2026-09-01,7,12,1,0,,20,7,281.7623027411111,1,1,4999.0,0.0,0
428,2026-09-01,8,16,2,3,,29,8,895.4763117255555,4,3,10654.172413793103,11665.666666666666,0
429,2026-09-01,8,20,4,0,,32,7,10.54515783388889,3,2,10874.0,0.0,0
430,2026-09-01,6,14,0,0,,20,6,98.82338461444445,2,1,11199.0,0.0,0
431,2026-09-01,6,14,4,2,1.0,27,6,66.62879706194445,3,2,10850.851851851852,10999.0,0
432,2026-09-01,7,13,3,1,,24,7,199.32948189083334,2,1,9332.333333333334,8999.0,0
433,2026-09-01,11,24,5,11,9.0,60,10,20.363757623055555,3,2,5999.0,6089.909090909091,0
434,2026-09-01,6,12,2,0,,20,6,59.965064384722226,3,2,10799.0,0.0,0
435,2026-09-01,6,16,1,0,,23,6,225.66530666166668,4,3,6042.478260869565,0.0,0
436,2026-09-01,7,16,1,0,,24,7,139.1844293736111,2,2,6832.333333333333,0.0,0
437,2026-09-01,8,17,7,4,1.0,37,8,231.90687169555557,3,2,5971.972972972973,6999.0,0
438,2026-09-01,8,18,6,1,,33,8,714.0306277141667,2,2,6756.575757575758,6999.0,0
439,2026-09-01,5,11,2,0,,18,5,487.9492580861111,3,3,5887.888888888889,0.0,0
440,2026-09-01,10,22,5,10,6.0,53,12,487.7024959991667,2,2,6961.264150943396,6999.0,1
441,2026-09-01,6,10,1,0,,17,6,1137.625769641111,2,2,5940.176470588235,0.0,0
442,2026-09-01,5,11,0,0,,16,5,2939.3731947491665,3,3,5374.0,0.0,0
443,2026-09-01,6,16,1,0,,23,7,367.59799275166665,4,3,11259.869565217392,0.0,0
444,2026-09-01,6,11,0,0,,17,6,123.83798913305556,3,3,6646.058823529412,0.0,0
445,2026-09-01,10,20,5,10,5.0,50,9,109.43129597944446,4,3,6639.0,6999.0,0
446,2026-09-01,9,20,5,5,1.0,40,9,1767.7767735319444,3,2,11399.0,12199.0,0
447,2026-09-01,6,13,0,0,,19,6,210.91542016055556,3,3,5630.578947368421,0.0,0
448,2026-09-01,8,12,4,2,,26,8,57.986284842500005,2,1,11306.692307692309,12999.0,0
449,2026-09-01,12,26,4,12,9.0,63,11,411.6563409075,3,3,5348.206349206349,5499.0,0
450,2026-09-01,6,12,2,0,,20,6,688.732807691389,2,2,5799.0,0.0,0
451,2026-09-01,8,12,2,0,,22,8,1074.0493608966667,1,1,6999.0,0.0,0
452,2026-09-01,9,18,3,2,,32,9,84.11368024083333,3,2,11249.0,10999.0,0
453,2026-09-01,6,11,2,2,,21,6,1078.4952118697222,2,2,5189.476190476191,4999.0,0
454,2026-09-01,6,8,1,0,,15,6,97.19979413861111,2,1,10332.333333333334,0.0,0
455,2026-09-01,7,12,2,0,,21,7,428.63852157527776,1,1,6999.0,0.0,0
456,2026-09-01,8,15,5,1,,29,9,85.45787989249999,2,2,5274.862068965517,4999.0,0
457,2026-09-01,5,13,0,0,,18,5,488.20422261444446,3,2,7776.777777777777,0.0,0
458,2026-09-01,6,11,1,0,,18,6,200.29356065833332,2,1,10999.0,0.0,0
459,2026-09-01,7,12,1,0,,20,7,169.3738470475,4,3,10599.0,0.0,0
460,2026-09-01,5,9,1,0,,15,4,48.52573978361111,2,1,10865.666666666666,0.0,0
461,2026-09-01,5,10,1,0,,16,5,978.6817533572223,2,2,5999.0,0.0,0
462,2026-09-01,8,17,1,0,,26,8,48.40359436,4,3,7229.7692307692305,0.0,0
463,2026-09-01,6,10,0,0,,16,6,1242.3311120133333,3,2,11624.0,0.0,0
464,2026-09-01,9,16,5,1,,31,9,330.09429989166665,3,2,8676.41935483871,6999.0,0
465,2026-09-01,9,21,5,3,,38,9,458.18382317277775,3,3,5525.315789473684,5665.666666666667,0
466,2026-09-01,10,20,4,1,,35,10,127.38868966583334,3,3,5856.142857142857,6999.0,0
467,2026-09-01,6,15,0,0,,21,8,280.65684285888887,2,2,6808.523809523809,0.0,0
468,2026-09-01,5,10,0,0,,15,5,390.85211737305553,2,1,10065.666666666666,0.0,0
469,2026-09-01,6,12,1,0,,19,6,1371.615592834722,2,1,9841.105263157895,0.0,0
470,2026-09-01,10,25,2,10,3.0,50,10,320.9046564,4,3,8119.0,8199.0,1
471,2026-09-01,9,20,4,9,7.0,49,10,551.8340516313889,1,1,6999.0,6999.0,1
472,2026-09-01,5,10,2,0,,17,5,148.52172489805554,1,1,6999.0,0.0,0
473,2026-09-01,8,13,1,0,,22,8,376.0789386980556,4,3,7453.545454545455,0.0,0
474,2026-09-01,7,16,1,0,,24,7,652.9839392669445,4,3,10082.333333333334,0.0,0
475,2026-09-01,7,15,0,0,,22,7,164.5521531488889,3,2,10635.363636363636,0.0,0
476,2026-09-01,6,13,5,2,,26,6,231.2039256875,4,3,7383.615384615385,6999.0,0
477,2026-09-01,6,13,2,3,2.0,26,6,597.1368860130556,4,3,7229.7692307692305,6999.0,0
478,2026-09-01,6,12,1,0,,19,6,1625.0183430897223,3,3,8051.631578947368,0.0,0
479,2026-09-01,7,13,0,0,,20,7,399.19902112805556,3,2,10399.0,0.0,0
480,2026-09-01,8,19,1,0,,28,8,182.15989549305556,3,3,5356.142857142857,0.0,0
481,2026-09-01,10,24,5,1,,40,10,165.06056119833332,3,3,5249.0,4999.0,0
482,2026-09-01,7,14,0,0,,21,7,1285.0354418205554,2,2,7570.428571428572,0.0,0
483,2026-09-01,7,12,6,2,,27,7,723.7744113680556,2,2,5443.444444444444,4999.0,0
484,2026-09-01,5,11,1,0,,17,5,681.7795324077778,4,3,8999.0,0.0,0
485,2026-09-01,8,19,1,0,,28,9,394.21648544444446,4,3,7570.428571428572,0.0,0
486,2026-09-01,5,8,2,0,,15,5,215.41340749583333,4,3,7665.666666666667,0.0,0
487,2026-09-01,5,11,2,0,,18,5,98.61016754194443,3,2,8554.555555555555,0.0,0
488,2026-09-01,7,11,2,0,,20,6,287.70360357916667,2,2,5599.0,0.0,0
489,2026-09-01,9,18,3,3,,33,10,101.37551238472223,4,3,7302.030303030303,6999.0,0
490,2026-09-01,5,10,0,0,,15,5,766.8231556447223,3,2,10465.666666666666,0.0,0
491,2026-09-01,13,27,6,13,10.0,69,14,224.77985396805556,3,3,5288.855072463768,5152.846153846154,0
492,2026-09-01,6,12,1,0,,19,6,2182.798321943889,4,3,8788.473684210527,0.0,0
493,2026-09-01,9,22,7,1,,39,9,547.3585997119444,2,2,6896.4358974358975,6999.0,0
494,2026-09-01,8,12,4,0,,24,9,1383.1439159075,3,2,9499.0,0.0,0
495,2026-09-01,7,13,0,0,,20,7,148.77982969555555,2,1,11199.0,0.0,0
496,2026-09-01,6,11,0,0,,17,6,1239.9180972758334,1,1,4999.0,0.0,0
497,2026-09-01,6,12,1,0,,19,6,1249.9316626155555,2,1,11946.368421052632,0.0,0
498,2026-09-01,7,13,0,0,,20,7,711.2939776516668,1,1,4999.0,0.0,0
499,2026-09-01,5,10,1,0,,16,6,382.1593653161111,2,2,6749.0,0.0,0
500,2026-09-01,5,11,1,0,,17,5,648.9986843738889,2,2,6410.764705882353,0.0,0
